学院,专业,学期,课程代码,课程名称,学分,课程性质,教材名称,主编,版次,出版社,ISBN,匹配状态
化学学院,应用化学,第1学期,314300001006,思想道德与法治,3,必修,思想道德与法治（2023年版）,本书编写组,2023年版,高等教育出版社,,公共课已匹配
化学学院,应用化学,1,,外语类课程,,必修类别,新视野大学英语（第三版·读写教程）,郑树棠,第3版,外语教学与研究出版社,,公共课已匹配
化学学院,应用化学,1,,体育类课程,,必修类别,大学体育（教材）,本校编,最新版,校本教材,,公共课已匹配
化学学院,应用化学,第1学期,9093009774,大学生创新创业基础,1,必修,大学生创新创业基础,本校编,最新版,高等教育出版社,,公共课已匹配
化学学院,应用化学,第1学期,9093009904,军事理论,2,必修,军事理论课教程,教育部军委国防动员部,2023版,高等教育出版社,,公共课已匹配
化学学院,应用化学,第1学期,9093009905,军事技能,2,必修,军事训练教程,教育部军委国防动员部,2023版,高等教育出版社,,公共课已匹配
化学学院,应用化学,第1学期,3143009104,形势与政策（一）,1,必修,形势与政策（最新版）,教育部组编,每年更新,高等教育出版社,,公共课已匹配
化学学院,应用化学,第1学期,310300001018,微积分B（1）,4,必修,高等数学（第七版·上/下册）,同济大学数学系,第7版,高等教育出版社,,公共课已匹配
化学学院,应用化学,第1学期,310300007063,普通化学,4,必修,普通化学（第二版）,浙江大学普通化学教研组,第2版,高等教育出版社,,公共课已匹配
化学学院,应用化学,第1学期,310300009017,基础化学实验,2,必修,,,,,,待查教学大纲（专业课）
化学学院,应用化学,第1学期,307300007045,工程基础,1,必修,,,,,,待查教学大纲（专业课）
化学学院,应用化学,第1学期,310300007002,专业导论及新生研讨课,1,必修,,,,,,待查教学大纲（专业课）
化学学院,应用化学,第1学期,310300007022,化学实验安全,1,必修,,,,,,待查教学大纲（专业课）
化学学院,应用化学,第2学期,3143009003,中国近现代史纲要,3,必修,中国近现代史纲要（2023年版）,本书编写组,2023年版,高等教育出版社,,公共课已匹配
化学学院,应用化学,第2学期,317300001008,人工智能应用基础,2,必修,人工智能基础（通识）,大学计算机课程教指委,最新版,高等教育出版社,,公共课已匹配
化学学院,应用化学,第2学期,317300001009,人工智能应用基础实验,1,必修,人工智能基础（通识）,大学计算机课程教指委,最新版,高等教育出版社,,公共课已匹配
化学学院,应用化学,2,,外语类课程,,必修类别,新视野大学英语（第三版·读写教程）,郑树棠,第3版,外语教学与研究出版社,,公共课已匹配
化学学院,应用化学,2,,体育类课程,,必修类别,大学体育（教材）,本校编,最新版,校本教材,,公共课已匹配
化学学院,应用化学,第2学期,3113009824,写作与沟通,1,必修,写作与沟通,马工程/本校编,最新版,高等教育出版社,,公共课已匹配
化学学院,应用化学,第2学期,310300001033,微积分B（2）,4,必修,高等数学（第七版·上/下册）,同济大学数学系,第7版,高等教育出版社,,公共课已匹配
化学学院,应用化学,第2学期,310300001024,线性代数A,3,必修,线性代数（第六版）,同济大学数学系,第6版,高等教育出版社,9787040396632,公共课已匹配
化学学院,应用化学,第2学期,310300007074,无机化学,2,必修,无机化学（第四版）,大连理工大学无机化学教研室,第4版,高等教育出版社,,公共课已匹配
化学学院,应用化学,第2学期,310300007037,有机化学（1）,3,必修,有机化学（农科类 第三版）,汪小兰,第3版,高等教育出版社,,公共课已匹配
化学学院,应用化学,第2学期,310300009020,合成化学实验（1）,2,必修,,,,,,待查教学大纲（专业课）
化学学院,应用化学,第2学期,202300006005,大学生心理发展与指导,1,必修,大学生心理健康教育,郑日昌,最新版,高等教育出版社,,公共课已匹配
化学学院,应用化学,第3学期,314300001007,马克思主义基本原理概论,3,必修,马克思主义基本原理（2023年版）,本书编写组,2023年版,高等教育出版社,,公共课已匹配
化学学院,应用化学,3,,外语类课程,,必修类别,新视野大学英语（第三版·读写教程）,郑树棠,第3版,外语教学与研究出版社,,公共课已匹配
化学学院,应用化学,3,,体育类课程,,必修类别,大学体育（教材）,本校编,最新版,校本教材,,公共课已匹配
化学学院,应用化学,第3学期,310300001022,概率论与数理统计B,3,必修,概率论与数理统计（第五版）,盛骤 谢式千,第5版,高等教育出版社,9787040384876,公共课已匹配
化学学院,应用化学,第3学期,310300008003,劳动实践与耕读教育,2,必修,,,,,,待查教学大纲（专业课）
化学学院,应用化学,第3学期,310300007065,化学生物学,3,必修,,,,,,待查教学大纲（专业课）
化学学院,应用化学,第3学期,310300001028,大学物理B,4,必修,物理学（第七版）,马文蔚,第7版,高等教育出版社,,公共课已匹配
化学学院,应用化学,第3学期,310300001031,大学物理实验,1,必修,物理学（第七版）,马文蔚,第7版,高等教育出版社,,公共课已匹配
化学学院,应用化学,第3学期,310300007045,有机化学（2）,3,必修,有机化学（农科类 第三版）,汪小兰,第3版,高等教育出版社,,公共课已匹配
化学学院,应用化学,第3学期,310300009021,合成化学实验（2）,2,必修,,,,,,待查教学大纲（专业课）
化学学院,应用化学,3,,通识课程选修,,选修类别,,,,,,待查教学大纲（专业课）
化学学院,应用化学,第4学期,314300001008,3社会主义理论体系概论,3,必修,,,,,,待查教学大纲（专业课）
化学学院,应用化学,第4学期,314300001009,3社会主义思想概论,3,必修,,,,,,待查教学大纲（专业课）
化学学院,应用化学,4,,外语类课程,,必修类别,新视野大学英语（第三版·读写教程）,郑树棠,第3版,外语教学与研究出版社,,公共课已匹配
化学学院,应用化学,4,,体育类课程,,必修类别,大学体育（教材）,本校编,最新版,校本教材,,公共课已匹配
化学学院,应用化学,第4学期,3103009243,仪器分析,3,必修,,,,,,待查教学大纲（专业课）
化学学院,应用化学,第4学期,310300009010,仪器分析实验,2,必修,,,,,,待查教学大纲（专业课）
化学学院,应用化学,第4学期,3103009209,分析化学,3,必修,,,,,,待查教学大纲（专业课）
化学学院,应用化学,第4学期,310300009022,分析化学实验,1,必修,,,,,,待查教学大纲（专业课）
化学学院,应用化学,第4学期,9093009903,社会实践,1,必修,,,,,,待查教学大纲（专业课）
化学学院,应用化学,4,,通识课程选修,,选修类别,,,,,,待查教学大纲（专业课）
化学学院,应用化学,第5学期,310300007067,物理化学,6,必修,,,,,,待查教学大纲（专业课）
化学学院,应用化学,第5学期,310300009009,物理化学实验,3,必修,,,,,,待查教学大纲（专业课）
化学学院,应用化学,第5学期,310300001047,人工智能化学,2,必修,,,,,,待查教学大纲（专业课）
化学学院,应用化学,第5学期,3103009921,化学综合实习,2,必修,,,,,,待查教学大纲（专业课）
化学学院,应用化学,5,,通识课程选修,,选修类别,,,,,,待查教学大纲（专业课）
化学学院,应用化学,第6学期,310300007039,结构化学,3,必修,,,,,,待查教学大纲（专业课）
化学学院,应用化学,第6学期,3103009924,化学研究性实验,2,必修,,,,,,待查教学大纲（专业课）
化学学院,应用化学,第6学期,3103009901,毕业实习,2,必修,,,,,,待查教学大纲（专业课）
化学学院,应用化学,第6学期,9093009906,创新创业实践,1,必修,,,,,,待查教学大纲（专业课）
化学学院,应用化学,第6学期,3143009105,形势与政策（二）,1,必修,形势与政策（最新版）,教育部组编,每年更新,高等教育出版社,,公共课已匹配
化学学院,应用化学,6,,通识课程选修,,选修类别,,,,,,待查教学大纲（专业课）
化学学院,应用化学,第7学期,3103009400,综合化学实验,2,必修,,,,,,待查教学大纲（专业课）
化学学院,应用化学,第8学期,3103009902,毕业论文（设计）,6,必修,,,,,,待查教学大纲（专业课）
文法学院,法学,第1学期,314300001006,思想道德与法治,3,必修,思想道德与法治（2023年版）,本书编写组,2023年版,高等教育出版社,,公共课已匹配
文法学院,法学,第1学期,3143009104,形势与政策（一）,1,必修,形势与政策（最新版）,教育部组编,每年更新,高等教育出版社,,公共课已匹配
文法学院,法学,1,,体育类课程,,必修类别,大学体育（教材）,本校编,最新版,校本教材,,公共课已匹配
文法学院,法学,1,,外语类课程,,必修类别,新视野大学英语（第三版·读写教程）,郑树棠,第3版,外语教学与研究出版社,,公共课已匹配
文法学院,法学,第1学期,310300001020,微积分D,4,必修,高等数学（第七版·上/下册）,同济大学数学系,第7版,高等教育出版社,,公共课已匹配
文法学院,法学,第1学期,317300001008,人工智能应用基础,2,必修,人工智能基础（通识）,大学计算机课程教指委,最新版,高等教育出版社,,公共课已匹配
文法学院,法学,第1学期,317300001009,人工智能应用基础实验,1,必修,人工智能基础（通识）,大学计算机课程教指委,最新版,高等教育出版社,,公共课已匹配
文法学院,法学,第1学期,3113009824,写作与沟通,1,必修,写作与沟通,马工程/本校编,最新版,高等教育出版社,,公共课已匹配
文法学院,法学,第1学期,202300006005,大学生心理发展与指导,1,必修,大学生心理健康教育,郑日昌,最新版,高等教育出版社,,公共课已匹配
文法学院,法学,第1学期,202300008001,大学生心理素质拓展,1,必修,大学生心理健康教育,郑日昌,最新版,高等教育出版社,,公共课已匹配
文法学院,法学,第1学期,9093009905,军事技能,2,必修,军事训练教程,教育部军委国防动员部,2023版,高等教育出版社,,公共课已匹配
文法学院,法学,第1学期,311300007001,法理学,3,必修,,,,,,待查教学大纲（专业课）
文法学院,法学,第1学期,311300007144,社会学导论,3,必修,,,,,,待查教学大纲（专业课）
文法学院,法学,第2学期,3143009003,中国近现代史纲要,3,必修,中国近现代史纲要（2023年版）,本书编写组,2023年版,高等教育出版社,,公共课已匹配
文法学院,法学,第2学期,9093009904,军事理论,2,必修,军事理论课教程,教育部军委国防动员部,2023版,高等教育出版社,,公共课已匹配
文法学院,法学,2,,体育类课程,,必修类别,大学体育（教材）,本校编,最新版,校本教材,,公共课已匹配
文法学院,法学,2,,外语类课程,,必修类别,新视野大学英语（第三版·读写教程）,郑树棠,第3版,外语教学与研究出版社,,公共课已匹配
文法学院,法学,第2学期,307300007045,工程基础,1,必修,,,,,,待查教学大纲（专业课）
文法学院,法学,第2学期,9093009774,大学生创新创业基础,1,必修,大学生创新创业基础,本校编,最新版,高等教育出版社,,公共课已匹配
文法学院,法学,第2学期,311300007154,中国法律史,2,必修,,,,,,待查教学大纲（专业课）
文法学院,法学,第2学期,311300007063,刑法总论,3,必修,,,,,,待查教学大纲（专业课）
文法学院,法学,第2学期,3113009220,宪法学,3,必修,,,,,,待查教学大纲（专业课）
文法学院,法学,第2学期,311300007064,民法总论,4,必修,,,,,,待查教学大纲（专业课）
文法学院,法学,2,,通识课程,,选修类别,,,,,,待查教学大纲（专业课）
文法学院,法学,第3学期,314300001007,马克思主义基本原理,3,必修,马克思主义基本原理（2023年版）,本书编写组,2023年版,高等教育出版社,,公共课已匹配
文法学院,法学,3,,体育类课程,,必修类别,大学体育（教材）,本校编,最新版,校本教材,,公共课已匹配
文法学院,法学,3,,外语类课程,,必修类别,新视野大学英语（第三版·读写教程）,郑树棠,第3版,外语教学与研究出版社,,公共课已匹配
文法学院,法学,第3学期,311300007014,习近平法治思想概论,2,必修,,,,,,待查教学大纲（专业课）
文法学院,法学,第3学期,311300007065,刑事诉讼法,3,必修,,,,,,待查教学大纲（专业课）
文法学院,法学,第3学期,311300007152,民事诉讼法,4,必修,,,,,,待查教学大纲（专业课）
文法学院,法学,第3学期,311300007067,刑法分论,3,必修,,,,,,待查教学大纲（专业课）
文法学院,法学,第3学期,314300006006,西方哲学导论,2,必修,,,,,,待查教学大纲（专业课）
文法学院,法学,3,,通识课程,,选修类别,,,,,,待查教学大纲（专业课）
文法学院,法学,第4学期,3143009002,毛泽东思想和中国特色3社会主义理论体系概论,3,必修,毛泽东思想和中国特色社会主义理论体系概论（2023年版）,本书编写组,2023年版,高等教育出版社,,公共课已匹配
文法学院,法学,第4学期,314300001009,习近平新时代中国特色3社会主义思想概论,3,必修,习近平新时代中国特色社会主义思想概论（2023年版）,本书编写组,2023年版,高等教育出版社,,公共课已匹配
文法学院,法学,4,,体育类课程,,必修类别,大学体育（教材）,本校编,最新版,校本教材,,公共课已匹配
文法学院,法学,4,,外语类课程,,必修类别,新视野大学英语（第三版·读写教程）,郑树棠,第3版,外语教学与研究出版社,,公共课已匹配
文法学院,法学,第4学期,9093009903,社会实践,1,必修,,,,,,待查教学大纲（专业课）
文法学院,法学,第4学期,311300007235,法律职业伦理,1,必修,,,,,,待查教学大纲（专业课）
文法学院,法学,第4学期,3113009257,国际法,3,必修,,,,,,待查教学大纲（专业课）
文法学院,法学,第4学期,311300007070,行政法与行政诉讼法,4,必修,,,,,,待查教学大纲（专业课）
文法学院,法学,4,,通识课程,,选修类别,,,,,,待查教学大纲（专业课）
文法学院,法学,第5学期,311300007077,知识产权法,3,必修,,,,,,待查教学大纲（专业课）
文法学院,法学,第5学期,311300007075,国际经济法,2,必修,,,,,,待查教学大纲（专业课）
文法学院,法学,第5学期,311300007071,商法,2,必修,,,,,,待查教学大纲（专业课）
文法学院,法学,第5学期,311300007073,经济法,3,必修,,,,,,待查教学大纲（专业课）
文法学院,法学,第5学期,311300008021,法律文书写作,1,必修,,,,,,待查教学大纲（专业课）
文法学院,法学,第5学期,311300001001,人工智能与法律,1,必修,,,,,,待查教学大纲（专业课）
文法学院,法学,5,,通识课程,,选修类别,,,,,,待查教学大纲（专业课）
文法学院,法学,第6学期,311300007079,环境与资源保护法,2,必修,,,,,,待查教学大纲（专业课）
文法学院,法学,第6学期,306300007131,经济学原理,3,必修,,,,,,待查教学大纲（专业课）
文法学院,法学,第6学期,311300007080,农业法,2,必修,,,,,,待查教学大纲（专业课）
文法学院,法学,第6学期,311300008022,法律诊所,1,必修,,,,,,待查教学大纲（专业课）
文法学院,法学,第7学期,311300008018,教学实习,4,必修,,,,,,待查教学大纲（专业课）
文法学院,法学,第7学期,311300009004,模拟法庭,2,必修,,,,,,待查教学大纲（专业课）
文法学院,法学,第8学期,3143009105,形势与政策（二）,1,必修,形势与政策（最新版）,教育部组编,每年更新,高等教育出版社,,公共课已匹配
文法学院,法学,第8学期,3113009928,毕业论文,6,必修,,,,,,待查教学大纲（专业课）
文法学院,法学,第8学期,314300001006,思想道德与法治3484261马院IdeologyMoralityandRuleofLaw,1,必修,思想道德与法治（2023年版）,本书编写组,2023年版,高等教育出版社,,公共课已匹配
文法学院,法学,第8学期,3143009003,中国近现代史纲要3484262马院OutlineofModernChineseHistory,2,必修,中国近现代史纲要（2023年版）,本书编写组,2023年版,高等教育出版社,,公共课已匹配
文法学院,法学,第8学期,314300001007,马克思主义基本原理3484263马院BasicKnowledgeofMarxism,3,必修,马克思主义基本原理（2023年版）,本书编写组,2023年版,高等教育出版社,,公共课已匹配
文法学院,法学,第8学期,314300001008,BasicTheoryofMaoZedong3484084马院,4,必修,,,,,,待查教学大纲（专业课）
文法学院,法学,第8学期,314300001009,BasicTheoryofXiJinping3484084马院,4,必修,,,,,,待查教学大纲（专业课）
文法学院,法学,第8学期,3143009104,形势与政策（一）116161-2马院SituationandPolicyEducation(Ⅰ),2,必修,形势与政策（最新版）,教育部组编,每年更新,高等教育出版社,,公共课已匹配
文法学院,法学,8,,体育类课程必修，实行选项制，一、二年级要求每学期修满1,,必修类别,大学体育（教材）,本校编,最新版,校本教材,,公共课已匹配
文法学院,法学,8,,体育类课程教学详见《华中农业大学体育教学改革实施方案》。,,必修类别,大学体育（教材）,本校编,最新版,校本教材,,公共课已匹配
文法学院,法学,第8学期,307300007045,工程基础116162工学FoundationforEngineering,2,必修,,,,,,待查教学大纲（专业课）
文法学院,法学,第8学期,9093009904,军事理论本科232322MilitaryTheory生院,2,必修,军事理论课教程,教育部军委国防动员部,2023版,高等教育出版社,,公共课已匹配
文法学院,法学,第8学期,3113009824,写作与沟通116161/2文法WritingandCommunication,2,必修,写作与沟通,马工程/本校编,最新版,高等教育出版社,,公共课已匹配
文法学院,法学,第8学期,202300006005,本科PsychologicalDevelopmentand116161生院GuidanceofCollegeStudents,1,必修,,,,,,待查教学大纲（专业课）
文法学院,法学,第8学期,9093009774,本科InnovationandEntrepreneurship116162生院FoundationsforUndergraduates,2,必修,,,,,,待查教学大纲（专业课）
文法学院,法学,第8学期,310300001020,微积分D464641信息Calculus（D）,1,必修,高等数学（第七版·上/下册）,同济大学数学系,第7版,高等教育出版社,,公共课已匹配
文法学院,法学,第8学期,311300007188,统计学基础232322文法FundamentalsofStatistics,2,必修,,,,,,待查教学大纲（专业课）
文法学院,法学,第8学期,311300009006,ExperimentsontheFundamentals130302文法,2,必修,,,,,,待查教学大纲（专业课）
文法学院,法学,第8学期,317300001008,FundamentalsofArtificial232321信息,1,必修,,,,,,待查教学大纲（专业课）
文法学院,法学,第8学期,317300001009,ExperimentsontheFundamentals130301信息,1,必修,,,,,,待查教学大纲（专业课）
文法学院,法学,第8学期,311300001003,ArtificialIntelligenceand116163文法,3,必修,,,,,,待查教学大纲（专业课）
文法学院,法学,第8学期,311300007144,社会学导论348481文法IntroductiontoSociology,1,必修,,,,,,待查教学大纲（专业课）
文法学院,法学,第8学期,311300007146,网络传播概论232321文法IntroductiontoonlineCommunication,1,必修,,,,,,待查教学大纲（专业课）
文法学院,法学,第8学期,311300007021,社会心理学232322文法SocialPsychology,2,必修,,,,,,待查教学大纲（专业课）
文法学院,法学,第8学期,311300007145,法学概论348483文法IntroductiontoLaw,3,必修,,,,,,待查教学大纲（专业课）
文法学院,法学,第8学期,311300007151,人工智能与艺术设计232323文法ArtificialIntelligenceandArtDesign,3,必修,,,,,,待查教学大纲（专业课）
文法学院,法学,第8学期,311300007147,IntroductiontoClassical232323文法,3,必修,,,,,,待查教学大纲（专业课）
文法学院,法学,第8学期,306300007131,经济学原理348485经管PrinciplesofEconomics,5,必修,,,,,,待查教学大纲（专业课）
文法学院,法学,第8学期,314300006006,西方哲学导论232326马院IntroductiontoPhilosophy,6,必修,,,,,,待查教学大纲（专业课）
文法学院,法学,第8学期,311300007192,社会研究方法46448162文法Socialresearchmethods,2,必修,,,,,,待查教学大纲（专业课）
文法学院,法学,第8学期,311300007004,社会工作导论3484082文法IntroductiontoSocialWork,2,必修,,,,,,待查教学大纲（专业课）
文法学院,法学,第8学期,311300007181,文化人类学概论348483文法IntroductiontoCultureAnthropology,3,必修,,,,,,待查教学大纲（专业课）
文法学院,法学,第8学期,311300007180,社会统计学46448163文法SocialStatistics,3,必修,,,,,,待查教学大纲（专业课）
文法学院,法学,第8学期,311300007015,西方社会学理论464644文法WesternSociologicalTheories,4,必修,,,,,,待查教学大纲（专业课）
文法学院,法学,第8学期,311300007194,质性研究方法46448164文法QualitativeResearchMethods,4,必修,,,,,,待查教学大纲（专业课）
文法学院,法学,第8学期,311300007195,中国社会学史348485文法HistoryofChineseSociology,5,必修,,,,,,待查教学大纲（专业课）
文法学院,法学,第8学期,311300007190,量化研究方法46448165文法QuantitativeResearchMethods,5,必修,,,,,,待查教学大纲（专业课）
文法学院,法学,第8学期,311300007191,农村社会学348486文法RuralSociology,6,必修,,,,,,待查教学大纲（专业课）
文法学院,法学,第8学期,311300007189,发展社会学348486文法DevelopmentSociology,6,必修,,,,,,待查教学大纲（专业课）
文法学院,法学,第8学期,3113009485,中国社会思想史348486文法HistoryofChineseSocialThought,6,必修,,,,,,待查教学大纲（专业课）
文法学院,法学,第8学期,311300007020,西方社会思想史232326文法HistoryofWesternSocialThought,6,必修,,,,,,待查教学大纲（专业课）
文法学院,法学,第8学期,3113009133,ContemporaryTheoriesandThoughts232326文法,6,必修,,,,,,待查教学大纲（专业课）
文法学院,法学,第8学期,311300007202,IntermediateSocialStatisticsand232326文法,6,必修,,,,,,待查教学大纲（专业课）
文法学院,法学,第8学期,3113009130,社会分层与社会流动232325文法SocialStratificationandSocialMobility,5,必修,,,,,,待查教学大纲（专业课）
文法学院,法学,第8学期,3113009466,教育社会学232325文法SociologyofEducation,5,必修,,,,,,待查教学大纲（专业课）
文法学院,法学,第8学期,3113009124,家庭社会学232325文法FamilySociology,5,必修,,,,,,待查教学大纲（专业课）
文法学院,法学,第8学期,3113009977,环境社会学232325文法EnvironmentalSociology,5,必修,,,,,,待查教学大纲（专业课）
文法学院,法学,第8学期,3113009154,科学社会学232326文法SociologyofScience,6,必修,,,,,,待查教学大纲（专业课）
文法学院,法学,第8学期,311300007026,经济社会学232326文法EconomicSociology,6,必修,,,,,,待查教学大纲（专业课）
文法学院,法学,第8学期,311300007027,城市社会学232326文法UrbanSociology,6,必修,,,,,,待查教学大纲（专业课）
文法学院,法学,第8学期,311300007028,组织社会学232326文法SociologyofOrganization,6,必修,,,,,,待查教学大纲（专业课）
文法学院,法学,第8学期,311300007196,城乡社会流动116166文法Rural-urbanSocialMobility,6,必修,,,,,,待查教学大纲（专业课）
文法学院,法学,第8学期,3113009127,社会问题232325文法SocialProblems,5,必修,,,,,,待查教学大纲（专业课）
文法学院,法学,第8学期,3113009156,政治社会学232326文法PoliticalSociology,6,必修,,,,,,待查教学大纲（专业课）
文法学院,法学,第8学期,311300007022,社会保障概论232326文法SocialSecurityTheoryandPractice,6,必修,,,,,,待查教学大纲（专业课）
文法学院,法学,第8学期,311300007124,社会福利思想232326文法ThoughtsofSocialWelfare,6,必修,,,,,,待查教学大纲（专业课）
文法学院,法学,第8学期,311300007197,乡村社会建设116166文法RuralSocialConstruction,6,必修,,,,,,待查教学大纲（专业课）
文法学院,法学,第8学期,311300007199,农村养老问题116166文法IssuesonRuralElderlyCare,6,必修,,,,,,待查教学大纲（专业课）
文法学院,法学,第8学期,311300007200,农政研究116166文法ResearchonAgrarian,6,必修,,,,,,待查教学大纲（专业课）
文法学院,法学,第8学期,311300007201,乡村治理专题116166文法TopiconRuralGovernance,6,必修,,,,,,待查教学大纲（专业课）
文法学院,法学,第8学期,3113009467,人口社会学232326文法SociologyofPopulation,6,必修,,,,,,待查教学大纲（专业课）
文法学院,法学,第8学期,3113009151,性别社会学232326文法SociologyofGender,6,必修,,,,,,待查教学大纲（专业课）
文法学院,法学,第8学期,311300007198,农村婚姻与家庭116166文法RuralMarriageandFamily,6,必修,,,,,,待查教学大纲（专业课）
文法学院,法学,第8学期,3113009978,医学人类学232325文法MedicalSociology,5,必修,,,,,,待查教学大纲（专业课）
文法学院,法学,第8学期,3113009562,民俗文化鉴赏232326文法FolkCultureAppreciation,6,必修,,,,,,待查教学大纲（专业课）
文法学院,法学,第8学期,3113009155,社会学经典原著选读（全英文）232327文法SelectedClassicReadingsinSociology,7,必修,,,,,,待查教学大纲（专业课）
文法学院,法学,第8学期,311300007142,CurrentHotIssuesand232327文法,7,必修,,,,,,待查教学大纲（专业课）
文法学院,法学,第8学期,9093009905,军事技能本科221MilitarySkills生院,1,必修,军事训练教程,教育部军委国防动员部,2023版,高等教育出版社,,公共课已匹配
文法学院,法学,第8学期,9093009906,本科公共Innovationand11-7生院实践EntrepreneurshipPractice,7,必修,,,,,,待查教学大纲（专业课）
文法学院,法学,第8学期,202300008001,本科PracticeofMentalHealth1301生院PromotionforUndergraduates,1,必修,,,,,,待查教学大纲（专业课）
文法学院,法学,第8学期,3143009105,SituationandPolicy1303-8马院,8,必修,,,,,,待查教学大纲（专业课）
文法学院,法学,第8学期,9093009903,社会实践114团委公共SocialPractice,4,必修,,,,,,待查教学大纲（专业课）
文法学院,法学,第8学期,110300008001,志愿服务1301-7团委VolunteerService,7,必修,,,,,,待查教学大纲（专业课）
文法学院,法学,第8学期,110300008002,美育实践11-7团委AestheticPractice,7,必修,,,,,,待查教学大纲（专业课）
文法学院,法学,第8学期,311300008001,PracticumforQualitative245文法,5,必修,,,,,,待查教学大纲（专业课）
文法学院,法学,第8学期,311300008031,PracticumforQuantitative246文法,6,必修,,,,,,待查教学大纲（专业课）
文法学院,法学,第8学期,311300008032,ComprehensivePracticumfor487文法,7,必修,,,,,,待查教学大纲（专业课）
文法学院,法学,第8学期,3113009924,毕业论文（设计）6127-8文法Thesis,8,必修,,,,,,待查教学大纲（专业课）
文法学院,社会学,第1学期,314300001006,思想道德与法治,3,必修,思想道德与法治（2023年版）,本书编写组,2023年版,高等教育出版社,,公共课已匹配
文法学院,社会学,第1学期,3143009104,形势与政策（一）,1,必修,形势与政策（最新版）,教育部组编,每年更新,高等教育出版社,,公共课已匹配
文法学院,社会学,第1学期,3113009824,写作与沟通,1,必修,写作与沟通,马工程/本校编,最新版,高等教育出版社,,公共课已匹配
文法学院,社会学,第1学期,310300001020,微积分D,4,必修,高等数学（第七版·上/下册）,同济大学数学系,第7版,高等教育出版社,,公共课已匹配
文法学院,社会学,第1学期,317300001008,人工智能应用基础,2,必修,人工智能基础（通识）,大学计算机课程教指委,最新版,高等教育出版社,,公共课已匹配
文法学院,社会学,第1学期,317300001009,人工智能应用基础实验,1,必修,人工智能基础（通识）,大学计算机课程教指委,最新版,高等教育出版社,,公共课已匹配
文法学院,社会学,第1学期,9093009905,军事技能,2,必修,军事训练教程,教育部军委国防动员部,2023版,高等教育出版社,,公共课已匹配
文法学院,社会学,第1学期,202300006005,大学生心理发展与指导,1,必修,大学生心理健康教育,郑日昌,最新版,高等教育出版社,,公共课已匹配
文法学院,社会学,第1学期,202300008001,大学生心理素质拓展,1,必修,大学生心理健康教育,郑日昌,最新版,高等教育出版社,,公共课已匹配
文法学院,社会学,第1学期,311300007144,社会学导论,3,必修,,,,,,待查教学大纲（专业课）
文法学院,社会学,第1学期,311300007146,网络传播概论,2,必修,,,,,,待查教学大纲（专业课）
文法学院,社会学,1,,外语类课程,,必修类别,新视野大学英语（第三版·读写教程）,郑树棠,第3版,外语教学与研究出版社,,公共课已匹配
文法学院,社会学,1,,体育类课程,,必修类别,大学体育（教材）,本校编,最新版,校本教材,,公共课已匹配
文法学院,社会学,第2学期,3143009003,中国近现代史纲要,3,必修,中国近现代史纲要（2023年版）,本书编写组,2023年版,高等教育出版社,,公共课已匹配
文法学院,社会学,第2学期,311300007188,统计学基础,2,必修,,,,,,待查教学大纲（专业课）
文法学院,社会学,第2学期,311300009006,统计学基础实验,1,必修,,,,,,待查教学大纲（专业课）
文法学院,社会学,第2学期,307300007045,工程基础,1,必修,,,,,,待查教学大纲（专业课）
文法学院,社会学,第2学期,9093009904,军事理论,2,必修,军事理论课教程,教育部军委国防动员部,2023版,高等教育出版社,,公共课已匹配
文法学院,社会学,第2学期,9093009774,大学生创新创业基础,1,必修,大学生创新创业基础,本校编,最新版,高等教育出版社,,公共课已匹配
文法学院,社会学,2,,外语类课程,,必修类别,新视野大学英语（第三版·读写教程）,郑树棠,第3版,外语教学与研究出版社,,公共课已匹配
文法学院,社会学,2,,体育类课程,,必修类别,大学体育（教材）,本校编,最新版,校本教材,,公共课已匹配
文法学院,社会学,第2学期,311300007021,社会心理学,2,必修,,,,,,待查教学大纲（专业课）
文法学院,社会学,第2学期,311300007192,社会研究方法,4,必修,,,,,,待查教学大纲（专业课）
文法学院,社会学,第2学期,311300007004,社会工作导论,3,必修,,,,,,待查教学大纲（专业课）
文法学院,社会学,第3学期,314300001007,马克思主义基本原理,3,必修,马克思主义基本原理（2023年版）,本书编写组,2023年版,高等教育出版社,,公共课已匹配
文法学院,社会学,第3学期,311300007151,人工智能与艺术设计,2,必修,,,,,,待查教学大纲（专业课）
文法学院,社会学,第3学期,311300007147,中国文学名篇导读,2,必修,,,,,,待查教学大纲（专业课）
文法学院,社会学,第3学期,311300001003,人工智能与当代社会,1,必修,,,,,,待查教学大纲（专业课）
文法学院,社会学,第3学期,311300007145,法学概论,3,必修,,,,,,待查教学大纲（专业课）
文法学院,社会学,第3学期,311300007181,文化人类学概论,3,必修,,,,,,待查教学大纲（专业课）
文法学院,社会学,第3学期,311300007180,社会统计学,4,必修,,,,,,待查教学大纲（专业课）
文法学院,社会学,第3学期,3143009105,形势与政策（二）,1,必修,形势与政策（最新版）,教育部组编,每年更新,高等教育出版社,,公共课已匹配
文法学院,社会学,3,,外语类课程,,必修类别,新视野大学英语（第三版·读写教程）,郑树棠,第3版,外语教学与研究出版社,,公共课已匹配
文法学院,社会学,3,,体育类课程,,必修类别,大学体育（教材）,本校编,最新版,校本教材,,公共课已匹配
文法学院,社会学,第4学期,314300001008,毛泽东思想和中国特色3社会主义理论体系概论,3,必修,毛泽东思想和中国特色社会主义理论体系概论（2023年版）,本书编写组,2023年版,高等教育出版社,,公共课已匹配
文法学院,社会学,第4学期,314300001009,习近平新时代中国特色3社会主义思想概论,3,必修,习近平新时代中国特色社会主义思想概论（2023年版）,本书编写组,2023年版,高等教育出版社,,公共课已匹配
文法学院,社会学,第4学期,311300007015,西方社会学理论,4,必修,,,,,,待查教学大纲（专业课）
文法学院,社会学,第4学期,311300007194,质性研究方法,4,必修,,,,,,待查教学大纲（专业课）
文法学院,社会学,第4学期,9093009903,社会实践,1,必修,,,,,,待查教学大纲（专业课）
文法学院,社会学,4,,外语类课程,,必修类别,新视野大学英语（第三版·读写教程）,郑树棠,第3版,外语教学与研究出版社,,公共课已匹配
文法学院,社会学,4,,体育类课程,,必修类别,大学体育（教材）,本校编,最新版,校本教材,,公共课已匹配
文法学院,社会学,第5学期,311300007195,中国社会学史,3,必修,,,,,,待查教学大纲（专业课）
文法学院,社会学,第5学期,311300007190,量化研究方法,4,必修,,,,,,待查教学大纲（专业课）
文法学院,社会学,第5学期,306300007131,经济学原理,3,必修,,,,,,待查教学大纲（专业课）
文法学院,社会学,5,,通识课程,,选修类别,,,,,,待查教学大纲（专业课）
文法学院,社会学,第5学期,311300008001,质性研究实习,2,必修,,,,,,待查教学大纲（专业课）
文法学院,社会学,第6学期,311300007191,农村社会学,3,必修,,,,,,待查教学大纲（专业课）
文法学院,社会学,第6学期,311300007189,发展社会学,3,必修,,,,,,待查教学大纲（专业课）
文法学院,社会学,6,,通识课程,,选修类别,,,,,,待查教学大纲（专业课）
文法学院,社会学,第6学期,311300008031,定量研究实习,2,必修,,,,,,待查教学大纲（专业课）
文法学院,社会学,第7学期,311300008032,社会学专业综合实习,4,必修,,,,,,待查教学大纲（专业课）
文法学院,社会学,第8学期,3113009924,毕业论文（设计）,6,必修,,,,,,待查教学大纲（专业课）
文法学院,社会学,第8学期,3143009105,形势与政策（二）,1,必修,形势与政策（最新版）,教育部组编,每年更新,高等教育出版社,,公共课已匹配
文法学院,社会学,第8学期,314300001006,思想道德与法治3484261马院IdeologyMoralityandRuleofLaw,1,必修,思想道德与法治（2023年版）,本书编写组,2023年版,高等教育出版社,,公共课已匹配
文法学院,社会学,第8学期,3143009003,中国近现代史纲要3484262马院OutlineofModernChineseHistory,2,必修,中国近现代史纲要（2023年版）,本书编写组,2023年版,高等教育出版社,,公共课已匹配
文法学院,社会学,第8学期,314300001007,马克思主义基本原理3484263马院BasicKnowledgeofMarxism,3,必修,马克思主义基本原理（2023年版）,本书编写组,2023年版,高等教育出版社,,公共课已匹配
文法学院,社会学,第8学期,314300001008,BasicTheoryofMaoZedong3484084马院,4,必修,,,,,,待查教学大纲（专业课）
文法学院,社会学,第8学期,314300001009,BasicTheoryofXiJinping3484084马院,4,必修,,,,,,待查教学大纲（专业课）
文法学院,社会学,第8学期,3143009104,形势与政策（一）116161-2马院SituationandPolicyEducation(Ⅰ),2,必修,形势与政策（最新版）,教育部组编,每年更新,高等教育出版社,,公共课已匹配
文法学院,社会学,8,,体育类课程必修，实行选项制，一、二年级要求每学期修满1,,必修类别,大学体育（教材）,本校编,最新版,校本教材,,公共课已匹配
文法学院,社会学,8,,体育类课程教学详见《华中农业大学体育教学改革实施方案》。,,必修类别,大学体育（教材）,本校编,最新版,校本教材,,公共课已匹配
文法学院,社会学,第8学期,307300007045,工程基础116162工学FoundationforEngineering,2,必修,,,,,,待查教学大纲（专业课）
文法学院,社会学,第8学期,9093009904,军事理论本科232322MilitaryTheory生院,2,必修,军事理论课教程,教育部军委国防动员部,2023版,高等教育出版社,,公共课已匹配
文法学院,社会学,第8学期,3113009824,写作与沟通116161/2文法WritingandCommunication,2,必修,写作与沟通,马工程/本校编,最新版,高等教育出版社,,公共课已匹配
文法学院,社会学,第8学期,202300006005,本科PsychologicalDevelopmentand116161生院GuidanceofCollegeStudents,1,必修,,,,,,待查教学大纲（专业课）
文法学院,社会学,第8学期,9093009774,本科InnovationandEntrepreneurship116162生院FoundationsforUndergraduates,2,必修,,,,,,待查教学大纲（专业课）
文法学院,社会学,第8学期,310300001020,微积分D464641信息Calculus（D）,1,必修,高等数学（第七版·上/下册）,同济大学数学系,第7版,高等教育出版社,,公共课已匹配
文法学院,社会学,第8学期,311300007188,统计学基础232322文法FundamentalsofStatistics,2,必修,,,,,,待查教学大纲（专业课）
文法学院,社会学,第8学期,311300009006,ExperimentsontheFundamentals1302文法,2,必修,,,,,,待查教学大纲（专业课）
文法学院,社会学,第8学期,317300001008,FundamentalsofArtificial232321信息,1,必修,,,,,,待查教学大纲（专业课）
文法学院,社会学,第8学期,317300001009,ExperimentsontheFundamentalsof130301信息,1,必修,,,,,,待查教学大纲（专业课）
文法学院,社会学,第8学期,311300001003,ArtificialIntelligenceand116165文法,5,必修,,,,,,待查教学大纲（专业课）
文法学院,社会学,第8学期,311300007144,社会学导论348481文法IntroductiontoSociology,1,必修,,,,,,待查教学大纲（专业课）
文法学院,社会学,第8学期,311300007146,网络传播概论232321文法IntroductiontoonlineCommunication,1,必修,,,,,,待查教学大纲（专业课）
文法学院,社会学,第8学期,311300007021,社会心理学232322文法SocialPsychology,2,必修,,,,,,待查教学大纲（专业课）
文法学院,社会学,第8学期,311300007145,法学概论348483文法IntroductiontoLaw,3,必修,,,,,,待查教学大纲（专业课）
文法学院,社会学,第8学期,311300007151,人工智能与艺术设计232323文法ArtificialIntelligenceandArtDesign,3,必修,,,,,,待查教学大纲（专业课）
文法学院,社会学,第8学期,311300007147,IntroductiontoClassical232323文法,3,必修,,,,,,待查教学大纲（专业课）
文法学院,社会学,第8学期,314300006006,西方哲学导论232326马院IntroductiontoPhilosophy,6,必修,,,,,,待查教学大纲（专业课）
文法学院,社会学,第8学期,306300007131,经济学原理348486经管PrinciplesofEconomics,6,必修,,,,,,待查教学大纲（专业课）
文法学院,社会学,第8学期,311300007017,社会研究方法46448162文法Socialresearchmethods,2,必修,,,,,,待查教学大纲（专业课）
文法学院,社会学,第8学期,311300007004,社会工作导论3484082文法IntroductiontoSocialWork,2,必修,,,,,,待查教学大纲（专业课）
文法学院,社会学,第8学期,311300007181,文化人类学概论348483文法IntroductiontoCultureAnthropology,3,必修,,,,,,待查教学大纲（专业课）
文法学院,社会学,第8学期,311300007180,社会统计学46448163文法SocialStatistics,3,必修,,,,,,待查教学大纲（专业课）
文法学院,社会学,第8学期,311300007177,社会工作理论348484文法SocialWorkTheories,4,必修,,,,,,待查教学大纲（专业课）
文法学院,社会学,第8学期,311300007179,MicroSocialWork（CaseWork4645684文法,4,必修,,,,,,待查教学大纲（专业课）
文法学院,社会学,第8学期,311300007176,HumanBehaviorand348484文法,4,必修,,,,,,待查教学大纲（专业课）
文法学院,社会学,第8学期,311300007174,MacroSocialWork（Community4645685文法,5,必修,,,,,,待查教学大纲（专业课）
文法学院,社会学,第8学期,311300007178,社会工作研究方法46448165文法SocialWorkResearchMethods,5,必修,,,,,,待查教学大纲（专业课）
文法学院,社会学,第8学期,311300007175,农村社会工作3484086文法RuralSocialWork,6,必修,,,,,,待查教学大纲（专业课）
文法学院,社会学,第8学期,311300007123,社会工作伦理116164文法SocialWorkEthics,4,必修,,,,,,待查教学大纲（专业课）
文法学院,社会学,第8学期,3113009523,心理学与生活232324文法PsychologyandLife,4,必修,,,,,,待查教学大纲（专业课）
文法学院,社会学,第8学期,311300007187,自我探索与专业成长116164文法Self-DiscoveryandProfessionalGrowth,4,必修,,,,,,待查教学大纲（专业课）
文法学院,社会学,第8学期,311300007019,社会政策232324文法SocialPolicy,4,必修,,,,,,待查教学大纲（专业课）
文法学院,社会学,第8学期,311300008029,SocialWork232325文法,5,必修,,,,,,待查教学大纲（专业课）
文法学院,社会学,第8学期,3113009159,老年社会工作232325文法ElderlySocialWork,5,必修,,,,,,待查教学大纲（专业课）
文法学院,社会学,第8学期,311300007034,戒毒社会工作232325文法SocialWorkofDrugAbuse,5,必修,,,,,,待查教学大纲（专业课）
文法学院,社会学,第8学期,311300007186,心理咨询与辅导116165文法CounselingandPsychologicalGuidance,5,必修,,,,,,待查教学大纲（专业课）
文法学院,社会学,第8学期,3113009546,FrontierofSocialWork232325文法,5,必修,,,,,,待查教学大纲（专业课）
文法学院,社会学,第8学期,3113009536,医务社会工作232325文法MedicalSocialWork,5,必修,,,,,,待查教学大纲（专业课）
文法学院,社会学,第8学期,3113009974,家庭社会工作232326文法FamilySocialWork,6,必修,,,,,,待查教学大纲（专业课）
文法学院,社会学,第8学期,311300007122,ClassicReadingsin232326文法,6,必修,,,,,,待查教学大纲（专业课）
文法学院,社会学,第8学期,3113009972,社会工作评估232326文法SocialWorkAssessment,6,必修,,,,,,待查教学大纲（专业课）
文法学院,社会学,第8学期,311300008030,实验室社工实践130306文法SocialWorkPracticeintheLab,6,必修,,,,,,待查教学大纲（专业课）
文法学院,社会学,第8学期,311300007185,ModernFamilyTherapy232326文法,6,必修,,,,,,待查教学大纲（专业课）
文法学院,社会学,第8学期,3113009531,异常心理与行为232326文法AbnormalPsychology,6,必修,,,,,,待查教学大纲（专业课）
文法学院,社会学,第8学期,311300007184,公益项目设计116166文法PublicBenefitProgramDesign,6,必修,,,,,,待查教学大纲（专业课）
文法学院,社会学,第8学期,311300007022,社会保障概论232327文法SocialSecurityTheoryandPractice,7,必修,,,,,,待查教学大纲（专业课）
文法学院,社会学,第8学期,9093009905,军事技能本科231Militaryskills生院,1,必修,军事训练教程,教育部军委国防动员部,2023版,高等教育出版社,,公共课已匹配
文法学院,社会学,第8学期,9093009906,本科Innovationand11-7生院EntrepreneurshipPractice,7,必修,,,,,,待查教学大纲（专业课）
文法学院,社会学,第8学期,202300008001,本科ThePracticeofMentalHealth1302生院PromotionforUndergraduates,2,必修,,,,,,待查教学大纲（专业课）
文法学院,社会学,第8学期,3143009105,实践形势与政策（二）1303-8马院SituationandPolicyEducation(II),8,必修,形势与政策（最新版）,教育部组编,每年更新,高等教育出版社,,公共课已匹配
文法学院,社会学,第8学期,9093009903,社会实践114团委SocialPractice,4,必修,,,,,,待查教学大纲（专业课）
文法学院,社会学,第8学期,110300008001,志愿服务1301-7团委VolunteerService,7,必修,,,,,,待查教学大纲（专业课）
文法学院,社会学,第8学期,110300008002,美育实践11-7团委AestheticPractice,7,必修,,,,,,待查教学大纲（专业课）
文法学院,社会学,第8学期,311300008027,SocialWorkObservational124文法,4,必修,,,,,,待查教学大纲（专业课）
文法学院,社会学,第8学期,311300008028,专业SocialWorkSkills246文法实践TrainingWorkshop,6,必修,,,,,,待查教学大纲（专业课）
文法学院,社会学,第8学期,311300008029,SocialWork5107文法,7,必修,,,,,,待查教学大纲（专业课）
文法学院,社会学,第8学期,3113009926,毕业论文6127-8文法Thesis,8,必修,,,,,,待查教学大纲（专业课）
文法学院,社会工作,第1学期,314300001006,思想道德与法治,3,必修,思想道德与法治（2023年版）,本书编写组,2023年版,高等教育出版社,,公共课已匹配
文法学院,社会工作,第1学期,3143009104,形势与政策（一）,1,必修,形势与政策（最新版）,教育部组编,每年更新,高等教育出版社,,公共课已匹配
文法学院,社会工作,第1学期,3113009824,写作与沟通,1,必修,写作与沟通,马工程/本校编,最新版,高等教育出版社,,公共课已匹配
文法学院,社会工作,第1学期,310300001020,微积分D,4,必修,高等数学（第七版·上/下册）,同济大学数学系,第7版,高等教育出版社,,公共课已匹配
文法学院,社会工作,第1学期,317300001008,人工智能应用基础,2,必修,人工智能基础（通识）,大学计算机课程教指委,最新版,高等教育出版社,,公共课已匹配
文法学院,社会工作,第1学期,317300001009,人工智能应用基础实验,1,必修,人工智能基础（通识）,大学计算机课程教指委,最新版,高等教育出版社,,公共课已匹配
文法学院,社会工作,第1学期,9093009905,军事技能,2,必修,军事训练教程,教育部军委国防动员部,2023版,高等教育出版社,,公共课已匹配
文法学院,社会工作,第1学期,202300006005,大学生心理发展与指导,1,必修,大学生心理健康教育,郑日昌,最新版,高等教育出版社,,公共课已匹配
文法学院,社会工作,第1学期,202300008001,大学生心理素质拓展,1,必修,大学生心理健康教育,郑日昌,最新版,高等教育出版社,,公共课已匹配
文法学院,社会工作,第1学期,311300007144,社会学导论,3,必修,,,,,,待查教学大纲（专业课）
文法学院,社会工作,第1学期,311300007146,网络传播概论,2,必修,,,,,,待查教学大纲（专业课）
文法学院,社会工作,1,,外语类课程,,必修类别,新视野大学英语（第三版·读写教程）,郑树棠,第3版,外语教学与研究出版社,,公共课已匹配
文法学院,社会工作,1,,体育类课程,,必修类别,大学体育（教材）,本校编,最新版,校本教材,,公共课已匹配
文法学院,社会工作,第2学期,3143009003,中国近现代史纲要,3,必修,中国近现代史纲要（2023年版）,本书编写组,2023年版,高等教育出版社,,公共课已匹配
文法学院,社会工作,第2学期,311300007188,统计基础,2,必修,,,,,,待查教学大纲（专业课）
文法学院,社会工作,第2学期,311300009006,统计基础实验,1,必修,,,,,,待查教学大纲（专业课）
文法学院,社会工作,第2学期,307300007045,工程基础,1,必修,,,,,,待查教学大纲（专业课）
文法学院,社会工作,第2学期,9093009904,军事理论,2,必修,军事理论课教程,教育部军委国防动员部,2023版,高等教育出版社,,公共课已匹配
文法学院,社会工作,第2学期,9093009774,大学生创新创业基础,1,必修,大学生创新创业基础,本校编,最新版,高等教育出版社,,公共课已匹配
文法学院,社会工作,第2学期,311300007021,社会心理学,2,必修,,,,,,待查教学大纲（专业课）
文法学院,社会工作,第2学期,311300007017,社会研究方法,4,必修,,,,,,待查教学大纲（专业课）
文法学院,社会工作,第2学期,311300007004,社会工作导论,3,必修,,,,,,待查教学大纲（专业课）
文法学院,社会工作,2,,外语类课程,,必修类别,新视野大学英语（第三版·读写教程）,郑树棠,第3版,外语教学与研究出版社,,公共课已匹配
文法学院,社会工作,2,,体育类课程,,必修类别,大学体育（教材）,本校编,最新版,校本教材,,公共课已匹配
文法学院,社会工作,第3学期,314300001007,马克思主义基本原理,3,必修,马克思主义基本原理（2023年版）,本书编写组,2023年版,高等教育出版社,,公共课已匹配
文法学院,社会工作,第3学期,311300007151,人工智能与艺术设计,2,必修,,,,,,待查教学大纲（专业课）
文法学院,社会工作,第3学期,311300007147,中国文学名篇导读,2,必修,,,,,,待查教学大纲（专业课）
文法学院,社会工作,第3学期,311300007181,文化人类学概论,3,必修,,,,,,待查教学大纲（专业课）
文法学院,社会工作,第3学期,311300007145,法学概论,3,必修,,,,,,待查教学大纲（专业课）
文法学院,社会工作,第3学期,311300007180,社会统计学,4,必修,,,,,,待查教学大纲（专业课）
文法学院,社会工作,第3学期,3143009105,形势与政策（二）,1,必修,形势与政策（最新版）,教育部组编,每年更新,高等教育出版社,,公共课已匹配
文法学院,社会工作,3,,外语类课程,,必修类别,新视野大学英语（第三版·读写教程）,郑树棠,第3版,外语教学与研究出版社,,公共课已匹配
文法学院,社会工作,3,,体育类课程,,必修类别,大学体育（教材）,本校编,最新版,校本教材,,公共课已匹配
文法学院,社会工作,第4学期,314300001008,毛泽东思想和中国特色3社会主义理论体系概论,3,必修,毛泽东思想和中国特色社会主义理论体系概论（2023年版）,本书编写组,2023年版,高等教育出版社,,公共课已匹配
文法学院,社会工作,第4学期,314300001009,习近平新时代中国特色3社会主义思想概论,3,必修,习近平新时代中国特色社会主义思想概论（2023年版）,本书编写组,2023年版,高等教育出版社,,公共课已匹配
文法学院,社会工作,第4学期,311300007177,社会工作理论,3,必修,,,,,,待查教学大纲（专业课）
文法学院,社会工作,第4学期,311300007179,微观社会工作（个案工作与小组工作）,4,必修,,,,,,待查教学大纲（专业课）
文法学院,社会工作,第4学期,311300007176,人类行为与社会环境,3,必修,,,,,,待查教学大纲（专业课）
文法学院,社会工作,第4学期,9093009903,社会实践,1,必修,,,,,,待查教学大纲（专业课）
文法学院,社会工作,第4学期,311300008027,社会工作认知实习,1,必修,,,,,,待查教学大纲（专业课）
文法学院,社会工作,4,,外语类课程,,必修类别,新视野大学英语（第三版·读写教程）,郑树棠,第3版,外语教学与研究出版社,,公共课已匹配
文法学院,社会工作,4,,体育类课程,,必修类别,大学体育（教材）,本校编,最新版,校本教材,,公共课已匹配
文法学院,社会工作,第5学期,311300007174,宏观社会工作（社区工作与社会行政）,4,必修,,,,,,待查教学大纲（专业课）
文法学院,社会工作,第5学期,311300007178,社会工作研究方法,4,必修,,,,,,待查教学大纲（专业课）
文法学院,社会工作,第5学期,306300007131,经济学原理,3,必修,,,,,,待查教学大纲（专业课）
文法学院,社会工作,第5学期,311300001003,人工智能与当代社会,1,必修,,,,,,待查教学大纲（专业课）
文法学院,社会工作,5,,通识课程,,选修类别,,,,,,待查教学大纲（专业课）
文法学院,社会工作,第6学期,311300007175,农村社会工作,3,必修,,,,,,待查教学大纲（专业课）
文法学院,社会工作,第6学期,314300006006,西方哲学导论,2,必修,,,,,,待查教学大纲（专业课）
文法学院,社会工作,第6学期,311300008028,社会工作实训工作坊,2,必修,,,,,,待查教学大纲（专业课）
文法学院,社会工作,6,,通识课程,,选修类别,,,,,,待查教学大纲（专业课）
文法学院,社会工作,第7学期,3113000080295,4社会工作综合实习,5,必修,,,,,,待查教学大纲（专业课）
文法学院,社会工作,第8学期,311300009926,毕业论文（设计）,6,必修,,,,,,待查教学大纲（专业课）
文法学院,社会工作,第8学期,314300001006,思想道德与法治3484261马院IdeologyMoralityandRuleofLaw,1,必修,思想道德与法治（2023年版）,本书编写组,2023年版,高等教育出版社,,公共课已匹配
文法学院,社会工作,第8学期,3143009003,中国近现代史纲要3484262马院OutlineofModernChineseHistory,2,必修,中国近现代史纲要（2023年版）,本书编写组,2023年版,高等教育出版社,,公共课已匹配
文法学院,社会工作,第8学期,314300001007,马克思主义基本原理3484263马院BasicKnowledgeofMarxism,3,必修,马克思主义基本原理（2023年版）,本书编写组,2023年版,高等教育出版社,,公共课已匹配
文法学院,社会工作,第8学期,314300001008,BasicTheoryofMaoZedongThought3484084马院,4,必修,,,,,,待查教学大纲（专业课）
文法学院,社会工作,第8学期,314300001009,BasicTheoryofXiJinpingThought3484084马院,4,必修,,,,,,待查教学大纲（专业课）
文法学院,社会工作,第8学期,3143009104,形势与政策（一）116161-2马院SituationandPolicyEducation(I),2,必修,形势与政策（最新版）,教育部组编,每年更新,高等教育出版社,,公共课已匹配
文法学院,社会工作,8,,体育类课程必修，实行选项制，一、二年级要求每学期修满1,,必修类别,大学体育（教材）,本校编,最新版,校本教材,,公共课已匹配
文法学院,社会工作,8,,体育类课程教学详见《华中农业大学体育教学改革实施方案》。,,必修类别,大学体育（教材）,本校编,最新版,校本教材,,公共课已匹配
文法学院,社会工作,第8学期,307300007045,工程基础116162工学FoundationforEngineering,2,必修,,,,,,待查教学大纲（专业课）
文法学院,社会工作,第8学期,9093009904,军事理论本科232322MilitaryTheory生院,2,必修,军事理论课教程,教育部军委国防动员部,2023版,高等教育出版社,,公共课已匹配
文法学院,社会工作,第8学期,3113009824,写作与沟通116161/2文法WritingandCommunication,2,必修,写作与沟通,马工程/本校编,最新版,高等教育出版社,,公共课已匹配
文法学院,社会工作,第8学期,202300006005,本科PsychologicalDevelopmentand116161生院GuidanceofCollegeStudents,1,必修,,,,,,待查教学大纲（专业课）
文法学院,社会工作,第8学期,9093009774,本科InnovationandEntrepreneurship116162生院FoundationsforUndergraduates,2,必修,,,,,,待查教学大纲（专业课）
文法学院,社会工作,第8学期,310300001020,微积分D464641信息Calculus（D）,1,必修,高等数学（第七版·上/下册）,同济大学数学系,第7版,高等教育出版社,,公共课已匹配
文法学院,社会工作,第8学期,311300007188,统计学基础232322文法FoundationsofStatistics,2,必修,,,,,,待查教学大纲（专业课）
文法学院,社会工作,第8学期,311300009006,ExperimentontheFundamentals130302文法,2,必修,,,,,,待查教学大纲（专业课）
文法学院,社会工作,第8学期,317300001008,FundamentalsofArtificial232321信息,1,必修,,,,,,待查教学大纲（专业课）
文法学院,社会工作,第8学期,317300001009,ExperimentsontheFundamentalsof130301信息,1,必修,,,,,,待查教学大纲（专业课）
文法学院,社会工作,第8学期,311300001002,智能广告1161605文法AIAdvertising,5,必修,,,,,,待查教学大纲（专业课）
文法学院,社会工作,第8学期,311300007144,社会学导论348481文法IntroductiontoSociology,1,必修,,,,,,待查教学大纲（专业课）
文法学院,社会工作,第8学期,311300007021,社会心理学232323文法SocialPsychology,3,必修,,,,,,待查教学大纲（专业课）
文法学院,社会工作,第8学期,311300007145,法学概论348482文法IntroductiontoLaw,2,必修,,,,,,待查教学大纲（专业课）
文法学院,社会工作,第8学期,311300007146,网络传播概论232323文法IntroductiontoonlineCommunication,3,必修,,,,,,待查教学大纲（专业课）
文法学院,社会工作,第8学期,311300007151,人工智能与艺术设计232323文法ArtificialIntelligenceandArtDesign,3,必修,,,,,,待查教学大纲（专业课）
文法学院,社会工作,第8学期,311300007147,IntroductiontoClassicalChinese232322文法,2,必修,,,,,,待查教学大纲（专业课）
文法学院,社会工作,第8学期,314300006006,西方哲学导论232326马院IntroductiontoPhilosophy,6,必修,,,,,,待查教学大纲（专业课）
文法学院,社会工作,第8学期,306300007131,经济学原理348485经管PrinciplesofEconomics,5,必修,,,,,,待查教学大纲（专业课）
文法学院,社会工作,第8学期,311300007006,广告学导论A348481文法IntroductiontoAdvertisingA,1,必修,,,,,,待查教学大纲（专业课）
文法学院,社会工作,第8学期,3113009339,传播学概论A348483文法IntroductiontoCommunicationsA,3,必修,,,,,,待查教学大纲（专业课）
文法学院,社会工作,第8学期,311300007035,CommunicationResearchMethods348486文法,6,必修,,,,,,待查教学大纲（专业课）
文法学院,社会工作,第8学期,311300007040,HistoryofChineseand348482文法,2,必修,,,,,,待查教学大纲（专业课）
文法学院,社会工作,第8学期,311300007159,广告设计与制作232323文法AdvertisementDesignandProduction,3,必修,,,,,,待查教学大纲（专业课）
文法学院,社会工作,第8学期,3113009302,广告创意与文案写作464644文法AdvertisingCreativeandCopywriting,4,必修,,,,,,待查教学大纲（专业课）
文法学院,社会工作,第8学期,311300007050,AdvertisingInvestigationand464643文法,3,必修,,,,,,待查教学大纲（专业课）
文法学院,社会工作,第8学期,311300007044,Integratedmarketing464644文法,4,必修,,,,,,待查教学大纲（专业课）
文法学院,社会工作,第8学期,311300007051,广告媒体研究464645文法StudyofAdvertisingMedia,5,必修,,,,,,待查教学大纲（专业课）
文法学院,社会工作,第8学期,311300007045,数字营销464645文法DigitalMarketing,5,必修,,,,,,待查教学大纲（专业课）
文法学院,社会工作,第8学期,3113009335,外国文学232325文法ForeignLiterature,5,必修,,,,,,待查教学大纲（专业课）
文法学院,社会工作,第8学期,3113009317,文学写作232325文法LiteratureWriting,5,必修,,,,,,待查教学大纲（专业课）
文法学院,社会工作,第8学期,311300007007,现代汉语232325文法ModernChinese,5,必修,,,,,,待查教学大纲（专业课）
文法学院,社会工作,第8学期,311300007042,广告心理学232326文法AdvertisingPsychology,6,必修,,,,,,待查教学大纲（专业课）
文法学院,社会工作,第8学期,311300007046,品牌管理232325文法BrandManagement,5,必修,,,,,,待查教学大纲（专业课）
文法学院,社会工作,第8学期,311300007047,公共关系学232326文法PublicRelations,6,必修,,,,,,待查教学大纲（专业课）
文法学院,社会工作,第8学期,311300007060,视频广告创作232326文法VideoAdvertisingCreation,6,必修,,,,,,待查教学大纲（专业课）
文法学院,社会工作,第8学期,311300007055,新闻采访与写作232326文法NewsGatheringandWriting,6,必修,,,,,,待查教学大纲（专业课）
文法学院,社会工作,第8学期,3113009570,传媒经济学232326文法MediaEconomics,6,必修,,,,,,待查教学大纲（专业课）
文法学院,社会工作,第8学期,311300007054,农业品牌传播案例116167文法CaseAnalysisofAgriculturalBrand,7,必修,,,,,,待查教学大纲（专业课）
文法学院,社会工作,第8学期,311300007118,信息可视化设计24616305文法InformationVisualizationDesign,5,必修,,,,,,待查教学大纲（专业课）
文法学院,社会工作,第8学期,306300007005,农商数据挖掘232326经管BusinessDataMining,6,必修,,,,,,待查教学大纲（专业课）
文法学院,社会工作,第8学期,311300007167,AdvertisingPhotographyand232325文法,5,必修,,,,,,待查教学大纲（专业课）
文法学院,社会工作,第8学期,311300007231,智能传播导论232326文法IntroductiontoIntelligentCommunication,6,必修,,,,,,待查教学大纲（专业课）
文法学院,社会工作,第8学期,311300007169,网络舆情概论232325文法IntroductiontoOnlinePublicOpinion,5,必修,,,,,,待查教学大纲（专业课）
文法学院,社会工作,第8学期,311300007233,SelectedReadingsfromClassic116167文法,7,必修,,,,,,待查教学大纲（专业课）
文法学院,社会工作,第8学期,3113009314,美学原理232326文法IntroductiontoAesthetics,6,必修,,,,,,待查教学大纲（专业课）
文法学院,社会工作,第8学期,306300007005,市场营销学B348487经管MarketingB,7,必修,,,,,,待查教学大纲（专业课）
文法学院,社会工作,第8学期,311300007016,DataAnalysisandStatistics232325文法,5,必修,,,,,,待查教学大纲（专业课）
文法学院,社会工作,第8学期,311300007133,用户体验设计B23924156文法UserExperienceDesign,6,必修,,,,,,待查教学大纲（专业课）
文法学院,社会工作,第8学期,9093009905,军事技能本科231Militaryskills生院,1,必修,军事训练教程,教育部军委国防动员部,2023版,高等教育出版社,,公共课已匹配
文法学院,社会工作,第8学期,9093009906,本科Innovationand11-7生院EntrepreneurshipPractice,7,必修,,,,,,待查教学大纲（专业课）
文法学院,社会工作,第8学期,202300008001,本科ThePracticeofMentalHealth1301生院PromotionforUndergraduates,1,必修,,,,,,待查教学大纲（专业课）
文法学院,社会工作,第8学期,3143009105,形势与政策（二）实践1303-8马院SituationandPolicyEducation(II),8,必修,形势与政策（最新版）,教育部组编,每年更新,高等教育出版社,,公共课已匹配
文法学院,社会工作,第8学期,9093009903,社会实践114团委SocialPractice,4,必修,,,,,,待查教学大纲（专业课）
文法学院,社会工作,第8学期,110300008001,志愿服务1301-7团委VolunteerService,7,必修,,,,,,待查教学大纲（专业课）
文法学院,社会工作,第8学期,110300008002,美育实践11-7团委AestheticPractice,7,必修,,,,,,待查教学大纲（专业课）
文法学院,社会工作,第8学期,311300008012,CoursePracticeofAdvertising123文法,3,必修,,,,,,待查教学大纲（专业课）
文法学院,社会工作,第8学期,311300008036,CoursePracticeofAdvertisement123文法,3,必修,,,,,,待查教学大纲（专业课）
文法学院,社会工作,第8学期,311300008015,实践PracticalTraininginConverged364文法,4,必修,,,,,,待查教学大纲（专业课）
文法学院,社会工作,第8学期,311300008025,IntegratedPracticalTraining486-7文法含32个劳动学时inAdvertising,32,必修,,,,,,待查教学大纲（专业课）
文法学院,社会工作,第8学期,311300008021,毕业论文（设计）6127-8Thesis,8,必修,,,,,,待查教学大纲（专业课）
文法学院,广告学,第1学期,314300001006,思想道德与法治,3,必修,思想道德与法治（2023年版）,本书编写组,2023年版,高等教育出版社,,公共课已匹配
文法学院,广告学,第1学期,3143009104,形式与政策（一）,1,必修,,,,,,待查教学大纲（专业课）
文法学院,广告学,第1学期,310300001020,微积分D,4,必修,高等数学（第七版·上/下册）,同济大学数学系,第7版,高等教育出版社,,公共课已匹配
文法学院,广告学,第1学期,9093009905,军事技能,2,必修,军事训练教程,教育部军委国防动员部,2023版,高等教育出版社,,公共课已匹配
文法学院,广告学,第1学期,317300001008,人工智能应用基础,2,必修,人工智能基础（通识）,大学计算机课程教指委,最新版,高等教育出版社,,公共课已匹配
文法学院,广告学,第1学期,317300001009,人工智能应用基础实验,1,必修,人工智能基础（通识）,大学计算机课程教指委,最新版,高等教育出版社,,公共课已匹配
文法学院,广告学,第1学期,202300008001,大学生心理素质拓展,1,必修,大学生心理健康教育,郑日昌,最新版,高等教育出版社,,公共课已匹配
文法学院,广告学,第1学期,202300006005,大学生心理发展与指导,1,必修,大学生心理健康教育,郑日昌,最新版,高等教育出版社,,公共课已匹配
文法学院,广告学,第1学期,311300007144,社会学导论,3,必修,,,,,,待查教学大纲（专业课）
文法学院,广告学,第1学期,311300007006,广告学导论A,3,必修,,,,,,待查教学大纲（专业课）
文法学院,广告学,1,,外语类课程,,必修类别,新视野大学英语（第三版·读写教程）,郑树棠,第3版,外语教学与研究出版社,,公共课已匹配
文法学院,广告学,1,,体育类课程,,必修类别,大学体育（教材）,本校编,最新版,校本教材,,公共课已匹配
文法学院,广告学,第2学期,3143009003,中国近现代史纲要,3,必修,中国近现代史纲要（2023年版）,本书编写组,2023年版,高等教育出版社,,公共课已匹配
文法学院,广告学,第2学期,311300007188,统计学基础,2,必修,,,,,,待查教学大纲（专业课）
文法学院,广告学,第2学期,311300009006,统计学基础实验,1,必修,,,,,,待查教学大纲（专业课）
文法学院,广告学,第2学期,307300007045,工程基础,1,必修,,,,,,待查教学大纲（专业课）
文法学院,广告学,第2学期,9093009904,军事理论,2,必修,军事理论课教程,教育部军委国防动员部,2023版,高等教育出版社,,公共课已匹配
文法学院,广告学,第2学期,9093009774,大学生创新创业基础,1,必修,大学生创新创业基础,本校编,最新版,高等教育出版社,,公共课已匹配
文法学院,广告学,第2学期,3113009824,写作与沟通,1,必修,写作与沟通,马工程/本校编,最新版,高等教育出版社,,公共课已匹配
文法学院,广告学,第2学期,311300007147,中国文学名篇导读,2,必修,,,,,,待查教学大纲（专业课）
文法学院,广告学,第2学期,311300007145,法学概论,3,必修,,,,,,待查教学大纲（专业课）
文法学院,广告学,第2学期,311300007040,中外广告史,3,必修,,,,,,待查教学大纲（专业课）
文法学院,广告学,2,,外语类课程,,必修类别,新视野大学英语（第三版·读写教程）,郑树棠,第3版,外语教学与研究出版社,,公共课已匹配
文法学院,广告学,2,,体育类课程,,必修类别,大学体育（教材）,本校编,最新版,校本教材,,公共课已匹配
文法学院,广告学,第3学期,314300001007,马克思主义基本原理,3,必修,马克思主义基本原理（2023年版）,本书编写组,2023年版,高等教育出版社,,公共课已匹配
文法学院,广告学,第3学期,311300007021,社会心理学,2,必修,,,,,,待查教学大纲（专业课）
文法学院,广告学,第3学期,311300007151,人工智能与艺术设计,2,必修,,,,,,待查教学大纲（专业课）
文法学院,广告学,第3学期,311300007146,网络传播概论,2,必修,,,,,,待查教学大纲（专业课）
文法学院,广告学,第3学期,3113009339,传播学概论A,3,必修,,,,,,待查教学大纲（专业课）
文法学院,广告学,第3学期,311300007159,广告设计与制作,2,必修,,,,,,待查教学大纲（专业课）
文法学院,广告学,第3学期,311300008036,广告设计与制作课程实习,1,必修,,,,,,待查教学大纲（专业课）
文法学院,广告学,第3学期,311300007050,广告调查与效果评估,4,必修,,,,,,待查教学大纲（专业课）
文法学院,广告学,第3学期,311300008012,广告调查与效果评估课程实习,1,必修,,,,,,待查教学大纲（专业课）
文法学院,广告学,3,,外语类课程,,必修类别,新视野大学英语（第三版·读写教程）,郑树棠,第3版,外语教学与研究出版社,,公共课已匹配
文法学院,广告学,3,,体育类课程,,必修类别,大学体育（教材）,本校编,最新版,校本教材,,公共课已匹配
文法学院,广告学,第4学期,314300001008,毛泽东思想和中国特色3社会主义理论体系概论,3,必修,毛泽东思想和中国特色社会主义理论体系概论（2023年版）,本书编写组,2023年版,高等教育出版社,,公共课已匹配
文法学院,广告学,第4学期,314300001009,习近平新时代中国特色3社会主义思想概论,3,必修,习近平新时代中国特色社会主义思想概论（2023年版）,本书编写组,2023年版,高等教育出版社,,公共课已匹配
文法学院,广告学,第4学期,311300007044,整合营销传播策划,4,必修,,,,,,待查教学大纲（专业课）
文法学院,广告学,第4学期,3113009302,广告创意与文案写作,4,必修,,,,,,待查教学大纲（专业课）
文法学院,广告学,第4学期,9093009903,社会实践,1,必修,,,,,,待查教学大纲（专业课）
文法学院,广告学,第4学期,311300008015,融媒体传播综合实训,3,必修,,,,,,待查教学大纲（专业课）
文法学院,广告学,4,,外语类课程,,必修类别,新视野大学英语（第三版·读写教程）,郑树棠,第3版,外语教学与研究出版社,,公共课已匹配
文法学院,广告学,4,,体育类课程,,必修类别,大学体育（教材）,本校编,最新版,校本教材,,公共课已匹配
文法学院,广告学,第5学期,311300007051,广告媒体研究,4,必修,,,,,,待查教学大纲（专业课）
文法学院,广告学,第5学期,311300007045,数字营销,4,必修,,,,,,待查教学大纲（专业课）
文法学院,广告学,第5学期,306300007131,经济学原理,3,必修,,,,,,待查教学大纲（专业课）
文法学院,广告学,第5学期,311300001002,智能广告,1,必修,,,,,,待查教学大纲（专业课）
文法学院,广告学,第5学期,3143009105,形势与政策（二）,1,必修,形势与政策（最新版）,教育部组编,每年更新,高等教育出版社,,公共课已匹配
文法学院,广告学,5,,通识课程,,选修类别,,,,,,待查教学大纲（专业课）
文法学院,广告学,第6学期,311300007035,传播研究方法与论文写作,3,必修,,,,,,待查教学大纲（专业课）
文法学院,广告学,第6学期,311300008025,广告学专业综合实习,4,必修,,,,,,待查教学大纲（专业课）
文法学院,广告学,6,,通识课程,,选修类别,,,,,,待查教学大纲（专业课）
文法学院,广告学,第8学期,311300008021,毕业论文（设计）,6,必修,,,,,,待查教学大纲（专业课）
文法学院,广告学,第8学期,314300001006,思想道德与法治3484261马院IdeologyMoralityandRuleofLaw,1,必修,思想道德与法治（2023年版）,本书编写组,2023年版,高等教育出版社,,公共课已匹配
文法学院,广告学,第8学期,3143009003,中国近现代史纲要3484262马院OutlineofModernChineseHistory,2,必修,中国近现代史纲要（2023年版）,本书编写组,2023年版,高等教育出版社,,公共课已匹配
文法学院,广告学,第8学期,314300001007,马克思主义基本原理3484263马院BasicKnowledgeofMarxism,3,必修,马克思主义基本原理（2023年版）,本书编写组,2023年版,高等教育出版社,,公共课已匹配
文法学院,广告学,第8学期,314300001008,BasicTheoryofMaoZedong3484084马院,4,必修,,,,,,待查教学大纲（专业课）
文法学院,广告学,第8学期,314300001009,BasicTheoryofXiJinping3484084马院,4,必修,,,,,,待查教学大纲（专业课）
文法学院,广告学,第8学期,3143009104,形势与政策（一）116161-2马院SituationandPolicyEducation(Ⅰ),2,必修,形势与政策（最新版）,教育部组编,每年更新,高等教育出版社,,公共课已匹配
文法学院,广告学,8,,体育类课程必修，实行选项制，一、二年级要求每学期修满1,,必修类别,大学体育（教材）,本校编,最新版,校本教材,,公共课已匹配
文法学院,广告学,8,,体育类课程教学详见《华中农业大学体育教学改革实施方案》。,,必修类别,大学体育（教材）,本校编,最新版,校本教材,,公共课已匹配
文法学院,广告学,第8学期,307300007045,工程基础116162工学FoundationforEngineering,2,必修,,,,,,待查教学大纲（专业课）
文法学院,广告学,第8学期,9093009904,军事理论本科232322MilitaryTheory生院,2,必修,军事理论课教程,教育部军委国防动员部,2023版,高等教育出版社,,公共课已匹配
文法学院,广告学,第8学期,3113009824,写作与沟通116161文法WritingandCommunication,1,必修,写作与沟通,马工程/本校编,最新版,高等教育出版社,,公共课已匹配
文法学院,广告学,第8学期,202300006005,本科PsychologicalDevelopmentand116161生院GuidanceofCollegeStudents,1,必修,,,,,,待查教学大纲（专业课）
文法学院,广告学,第8学期,9093009774,本科InnovationandEntrepreneurship116162生院FoundationsforUndergraduates,2,必修,,,,,,待查教学大纲（专业课）
文法学院,广告学,第8学期,310300007016,微积分E348481信息CalculusE,1,必修,高等数学（第七版·上/下册）,同济大学数学系,第7版,高等教育出版社,,公共课已匹配
文法学院,广告学,第8学期,317300001008,FundamentalsofArtificial232321信息,1,必修,,,,,,待查教学大纲（专业课）
文法学院,广告学,第8学期,317300001009,ExperimentsontheFundamentalsof130301信息,1,必修,,,,,,待查教学大纲（专业课）
文法学院,广告学,第8学期,311300001004,MethodsandPracticesofArtificial232323文法,3,必修,,,,,,待查教学大纲（专业课）
文法学院,广告学,第8学期,311300007144,社会学导论348483文法IntroductiontoSociology,3,必修,,,,,,待查教学大纲（专业课）
文法学院,广告学,第8学期,311300007021,社会心理学232323文法SocialPsychology,3,必修,,,,,,待查教学大纲（专业课）
文法学院,广告学,第8学期,311300007145,法学概论348482文法IntroductiontoLaw,2,必修,,,,,,待查教学大纲（专业课）
文法学院,广告学,第8学期,311300007146,网络传播概论232323文法IntroductiontoonlineCommunication,3,必修,,,,,,待查教学大纲（专业课）
文法学院,广告学,第8学期,311300007151,人工智能与艺术设计23216162文法ArtificialIntelligenceandArtDesign,2,必修,,,,,,待查教学大纲（专业课）
文法学院,广告学,第8学期,311300007147,IntroductiontoClassicalChinese232322文法,2,必修,,,,,,待查教学大纲（专业课）
文法学院,广告学,第8学期,311300007089,中外美术简史348484文法ArtHistory,4,必修,,,,,,待查教学大纲（专业课）
文法学院,广告学,第8学期,314300006006,西方哲学导论232326马院IntroductiontoPhilosophy,6,必修,,,,,,待查教学大纲（专业课）
文法学院,广告学,第8学期,306300007131,经济学原理348485经管PrinciplesofEconomics,5,必修,,,,,,待查教学大纲（专业课）
文法学院,广告学,第8学期,311300007204,设计表现基础48540451文法TheBasisofDesignPerformance,1,必修,,,,,,待查教学大纲（专业课）
文法学院,广告学,第8学期,311300007215,设计概论348481文法DesignIntroduction,1,必修,,,,,,待查教学大纲（专业课）
文法学院,广告学,第8学期,311300007203,构成设计（1）36924452文法CompositionDesign(I),2,必修,,,,,,待查教学大纲（专业课）
文法学院,广告学,第8学期,311300007216,字体与版式设计47848303文法TypographyandLayoutDesign,3,必修,,,,,,待查教学大纲（专业课）
文法学院,广告学,第8学期,311300007213,传统装饰艺术36232303文法OrnamentalPatternArtDsign,3,必修,,,,,,待查教学大纲（专业课）
文法学院,广告学,第8学期,311300007206,创意思维348484文法TheThoughtsonOriginality,4,必修,,,,,,待查教学大纲（专业课）
文法学院,广告学,第8学期,311300007208,图形创意348484文法GraphicCreativity,4,必修,,,,,,待查教学大纲（专业课）
文法学院,广告学,第8学期,311300007205,农产品包装设计464645文法AgriculturalProductPackagingDesign,5,必修,,,,,,待查教学大纲（专业课）
文法学院,广告学,第8学期,311300007107,广告设计A464646文法AdvertisementDesignA,6,必修,,,,,,待查教学大纲（专业课）
文法学院,广告学,第8学期,311300007207,品牌CIS设计A464646文法Brand&CISDesignA,6,必修,,,,,,待查教学大纲（专业课）
文法学院,广告学,第8学期,311300007088,计算机图形设计24616302文法ComputerPictureandWriting,2,必修,,,,,,待查教学大纲（专业课）
文法学院,广告学,第8学期,311300007121,影视鉴赏232322文法FilmandTVProgramsAppreciation,2,必修,,,,,,待查教学大纲（专业课）
文法学院,广告学,第8学期,311300007115,插画设计A24616302文法IllustrationDesignA,2,必修,,,,,,待查教学大纲（专业课）
文法学院,广告学,第8学期,311300007086,构成设计（2）24616303文法CompositionDesign(II),3,必修,,,,,,待查教学大纲（专业课）
文法学院,广告学,第8学期,311300007109,摄影艺术24616303文法TheArtofPhotography,3,必修,,,,,,待查教学大纲（专业课）
文法学院,广告学,第8学期,3113009300,设计心理学232323文法PsychologyforDesign,3,必修,,,,,,待查教学大纲（专业课）
文法学院,广告学,第8学期,311300007234,SelectedReadingsfromClassic116167文法,7,必修,,,,,,待查教学大纲（专业课）
文法学院,广告学,第8学期,311300007209,文创设计初步2538454文法TheBasicCulturalandCreativeDesign,4,必修,,,,,,待查教学大纲（专业课）
文法学院,广告学,第8学期,311300007117,导视系统设计24616305文法WayoftheSignDesign,5,必修,,,,,,待查教学大纲（专业课）
文法学院,广告学,第8学期,311300007232,Videoadvertisingcreativityand23924155文法,5,必修,,,,,,待查教学大纲（专业课）
文法学院,广告学,第8学期,311300007114,书籍设计24616305文法BookDesign,5,必修,,,,,,待查教学大纲（专业课）
文法学院,广告学,第8学期,311300007090,运动规律24616305文法LawofMotion,5,必修,,,,,,待查教学大纲（专业课）
文法学院,广告学,第8学期,311300007110,产品创意与设计24616306文法ProductCreativityandDesign,6,必修,,,,,,待查教学大纲（专业课）
文法学院,广告学,第8学期,311300007111,展示设计24616306文法ShowDesign,6,必修,,,,,,待查教学大纲（专业课）
文法学院,广告学,第8学期,311300007100,民间艺术传承与创新24616306文法InheritanceandInnovationofFolkArt,6,必修,,,,,,待查教学大纲（专业课）
文法学院,广告学,第8学期,311300007097,创意逐格动画24616302文法CreativeStopMotionAnimation,2,必修,,,,,,待查教学大纲（专业课）
文法学院,广告学,第8学期,311300007108,网页设计A24616303文法WebDesignA,3,必修,,,,,,待查教学大纲（专业课）
文法学院,广告学,第8学期,311300007222,数字角色与IP设计24616303文法DigitalCharacterandIPDesign,3,必修,,,,,,待查教学大纲（专业课）
文法学院,广告学,第8学期,311300007102,UI设计24616304文法UIDesign,4,必修,,,,,,待查教学大纲（专业课）
文法学院,广告学,第8学期,311300007106,分镜头脚本设计23924154文法ShootingScriptDesign,4,必修,,,,,,待查教学大纲（专业课）
文法学院,广告学,第8学期,311300007226,游戏设计语言基础24616305文法GameDesignLanguageFundamentals,5,必修,,,,,,待查教学大纲（专业课）
文法学院,广告学,第8学期,311300007224,乡村文化与连环画设计24616306文法RuralCultureandComicStripDesign,6,必修,,,,,,待查教学大纲（专业课）
文法学院,广告学,第8学期,311300007118,信息可视化设计23924155文法InformationVisualizationDesign,5,必修,,,,,,待查教学大纲（专业课）
文法学院,广告学,第8学期,311300007228,大健康创新设计24616305文法HealthInnovationDesign,5,必修,,,,,,待查教学大纲（专业课）
文法学院,广告学,第8学期,311300007211,游戏引擎应用24616306文法GameEngineApplications,6,必修,,,,,,待查教学大纲（专业课）
文法学院,广告学,第8学期,311300007229,乡村社会创新设计23924156文法RuralSocialInnovationDesign,6,必修,,,,,,待查教学大纲（专业课）
文法学院,广告学,第8学期,9093009905,军事技能本科231Militaryskills生院,1,必修,军事训练教程,教育部军委国防动员部,2023版,高等教育出版社,,公共课已匹配
文法学院,广告学,第8学期,9093009906,本科Innovationand11-7生院EntrepreneurshipPractice,7,必修,,,,,,待查教学大纲（专业课）
文法学院,广告学,第8学期,202300008001,本科实践ThePracticeofMentalHealth1301生院PromotionforUndergraduates,1,必修,,,,,,待查教学大纲（专业课）
文法学院,广告学,第8学期,3143009105,形势与政策（二）1307马院SituationandPolicyEducation(II),7,必修,形势与政策（最新版）,教育部组编,每年更新,高等教育出版社,,公共课已匹配
文法学院,广告学,第8学期,9093009903,社会实践114团委SocialPractice,4,必修,,,,,,待查教学大纲（专业课）
文法学院,广告学,第8学期,110300008001,公共志愿服务1301-7团委实践VolunteerService,7,必修,,,,,,待查教学大纲（专业课）
文法学院,广告学,第8学期,311300008033,专业写生365文法ProfessionalSketching,5,必修,,,,,,待查教学大纲（专业课）
文法学院,广告学,第8学期,311300008020,专业考察126文法ProfessionalInvestigation,6,必修,,,,,,待查教学大纲（专业课）
文法学院,广告学,第8学期,311300008034,实践DesignCollaborativeCreation247文法(ComprehensiveProfessional,7,必修,,,,,,待查教学大纲（专业课）
文法学院,广告学,第8学期,3113009952,毕业设计（论文）6127-8文法GraduationDesign(Thesis),8,必修,,,,,,待查教学大纲（专业课）
文法学院,视觉传达设计,第1学期,314300001006,思想道德与法治,3,必修,思想道德与法治（2023年版）,本书编写组,2023年版,高等教育出版社,,公共课已匹配
文法学院,视觉传达设计,第1学期,9093009905,军事技能,2,必修,军事训练教程,教育部军委国防动员部,2023版,高等教育出版社,,公共课已匹配
文法学院,视觉传达设计,第1学期,317300001008,人工智能应用基础,2,必修,人工智能基础（通识）,大学计算机课程教指委,最新版,高等教育出版社,,公共课已匹配
文法学院,视觉传达设计,第1学期,317300001009,人工智能应用基础实验,1,必修,人工智能基础（通识）,大学计算机课程教指委,最新版,高等教育出版社,,公共课已匹配
文法学院,视觉传达设计,第1学期,310300007016,微积分E,3,必修,高等数学（第七版·上/下册）,同济大学数学系,第7版,高等教育出版社,,公共课已匹配
文法学院,视觉传达设计,第1学期,3143009104,形势与政策（一）,1,必修,形势与政策（最新版）,教育部组编,每年更新,高等教育出版社,,公共课已匹配
文法学院,视觉传达设计,第1学期,3113009824,写作与沟通,1,必修,写作与沟通,马工程/本校编,最新版,高等教育出版社,,公共课已匹配
文法学院,视觉传达设计,1,,体育类课程,,必修类别,大学体育（教材）,本校编,最新版,校本教材,,公共课已匹配
文法学院,视觉传达设计,1,,外语类课程,,必修类别,新视野大学英语（第三版·读写教程）,郑树棠,第3版,外语教学与研究出版社,,公共课已匹配
文法学院,视觉传达设计,第1学期,202300006005,大学生心理发展与指导,1,必修,大学生心理健康教育,郑日昌,最新版,高等教育出版社,,公共课已匹配
文法学院,视觉传达设计,第1学期,202300008001,大学生心理素质拓展,1,必修,大学生心理健康教育,郑日昌,最新版,高等教育出版社,,公共课已匹配
文法学院,视觉传达设计,第1学期,311300007204,设计表现基础,4,必修,,,,,,待查教学大纲（专业课）
文法学院,视觉传达设计,第1学期,311300007215,设计概论,3,必修,,,,,,待查教学大纲（专业课）
文法学院,视觉传达设计,第2学期,3143009003,中国近现代史纲要,3,必修,中国近现代史纲要（2023年版）,本书编写组,2023年版,高等教育出版社,,公共课已匹配
文法学院,视觉传达设计,2,,外语类课程,,必修类别,新视野大学英语（第三版·读写教程）,郑树棠,第3版,外语教学与研究出版社,,公共课已匹配
文法学院,视觉传达设计,2,,体育类课程,,必修类别,大学体育（教材）,本校编,最新版,校本教材,,公共课已匹配
文法学院,视觉传达设计,第2学期,9093009904,军事理论,2,必修,军事理论课教程,教育部军委国防动员部,2023版,高等教育出版社,,公共课已匹配
文法学院,视觉传达设计,第2学期,9093009774,大学生创新创业基础,1,必修,大学生创新创业基础,本校编,最新版,高等教育出版社,,公共课已匹配
文法学院,视觉传达设计,第2学期,307300007045,工程基础,1,必修,,,,,,待查教学大纲（专业课）
文法学院,视觉传达设计,第2学期,311300007147,中国文学名篇导读,2,必修,,,,,,待查教学大纲（专业课）
文法学院,视觉传达设计,第2学期,311300007145,法学概论,3,必修,,,,,,待查教学大纲（专业课）
文法学院,视觉传达设计,第2学期,311300007151,人工智能与艺术设计,2,必修,,,,,,待查教学大纲（专业课）
文法学院,视觉传达设计,第2学期,311300007203,构成设计（1）,3,必修,,,,,,待查教学大纲（专业课）
文法学院,视觉传达设计,第3学期,314300001007,马克思主义基本原理,3,必修,马克思主义基本原理（2023年版）,本书编写组,2023年版,高等教育出版社,,公共课已匹配
文法学院,视觉传达设计,3,,外语类课程,,必修类别,新视野大学英语（第三版·读写教程）,郑树棠,第3版,外语教学与研究出版社,,公共课已匹配
文法学院,视觉传达设计,3,,体育类课程,,必修类别,大学体育（教材）,本校编,最新版,校本教材,,公共课已匹配
文法学院,视觉传达设计,第3学期,311300001004,人工智能创意设计方法与实践,2,必修,,,,,,待查教学大纲（专业课）
文法学院,视觉传达设计,第3学期,311300007216,字体与版式设计,4,必修,,,,,,待查教学大纲（专业课）
文法学院,视觉传达设计,第3学期,311300007213,传统装饰艺术,3,必修,,,,,,待查教学大纲（专业课）
文法学院,视觉传达设计,第3学期,311300007144,社会学导论,3,必修,,,,,,待查教学大纲（专业课）
文法学院,视觉传达设计,第3学期,311300007146,网络传播概论,2,必修,,,,,,待查教学大纲（专业课）
文法学院,视觉传达设计,第3学期,311300007021,社会心理学,2,必修,,,,,,待查教学大纲（专业课）
文法学院,视觉传达设计,第4学期,314300001008,毛泽东思想和中国特色3社会主义理论体系概论,3,必修,毛泽东思想和中国特色社会主义理论体系概论（2023年版）,本书编写组,2023年版,高等教育出版社,,公共课已匹配
文法学院,视觉传达设计,第4学期,314300001009,习近平新时代中国特色3社会主义思想概论,3,必修,习近平新时代中国特色社会主义思想概论（2023年版）,本书编写组,2023年版,高等教育出版社,,公共课已匹配
文法学院,视觉传达设计,第4学期,311300007206,创意思维,3,必修,,,,,,待查教学大纲（专业课）
文法学院,视觉传达设计,第4学期,9093009903,社会实践12周，暑期进行,2,必修,,,,,,待查教学大纲（专业课）
文法学院,视觉传达设计,第4学期,311300007089,中外美术简史,3,必修,,,,,,待查教学大纲（专业课）
文法学院,视觉传达设计,第4学期,311300007208,图形创意,3,必修,,,,,,待查教学大纲（专业课）
文法学院,视觉传达设计,4,,外语类课程,,必修类别,新视野大学英语（第三版·读写教程）,郑树棠,第3版,外语教学与研究出版社,,公共课已匹配
文法学院,视觉传达设计,4,,体育类课程,,必修类别,大学体育（教材）,本校编,最新版,校本教材,,公共课已匹配
文法学院,视觉传达设计,第5学期,311300008033,专业写生36周,6,必修,,,,,,待查教学大纲（专业课）
文法学院,视觉传达设计,第5学期,311300007205,农产品包装设计,4,必修,,,,,,待查教学大纲（专业课）
文法学院,视觉传达设计,第5学期,306300007131,经济学原理,3,必修,,,,,,待查教学大纲（专业课）
文法学院,视觉传达设计,5,,通识课程,,选修类别,,,,,,待查教学大纲（专业课）
文法学院,视觉传达设计,第6学期,311300007107,广告设计A,4,必修,,,,,,待查教学大纲（专业课）
文法学院,视觉传达设计,第6学期,311300007207,品牌CIS设计A,4,必修,,,,,,待查教学大纲（专业课）
文法学院,视觉传达设计,第6学期,311300008020,专业考察12周,2,必修,,,,,,待查教学大纲（专业课）
文法学院,视觉传达设计,第7学期,311300008034,设计联合创作（专业综合实习）24周,4,必修,,,,,,待查教学大纲（专业课）
文法学院,视觉传达设计,第7学期,9093009906,创新创业实践,1,必修,,,,,,待查教学大纲（专业课）
文法学院,视觉传达设计,第7学期,3143009105,形势与政策（二）,1,必修,形势与政策（最新版）,教育部组编,每年更新,高等教育出版社,,公共课已匹配
文法学院,视觉传达设计,第7学期,110300008001,志愿服务,1,必修,,,,,,待查教学大纲（专业课）
文法学院,视觉传达设计,第8学期,3113009952,毕业设计（论文）612周,12,必修,,,,,,待查教学大纲（专业课）
文法学院,视觉传达设计,第8学期,314300001006,思想道德与法治3484261马院IdeologyMoralityandRuleofLaw,1,必修,思想道德与法治（2023年版）,本书编写组,2023年版,高等教育出版社,,公共课已匹配
文法学院,视觉传达设计,第8学期,3143009003,中国近现代史纲要3484262马院OutlineofModernChineseHistory,2,必修,中国近现代史纲要（2023年版）,本书编写组,2023年版,高等教育出版社,,公共课已匹配
文法学院,视觉传达设计,第8学期,314300001007,马克思主义基本原理3484263马院BasicKnowledgeofMarxism,3,必修,马克思主义基本原理（2023年版）,本书编写组,2023年版,高等教育出版社,,公共课已匹配
文法学院,视觉传达设计,第8学期,314300001008,BasicTheoryofMaoZedong3484084马院,4,必修,,,,,,待查教学大纲（专业课）
文法学院,视觉传达设计,第8学期,314300001009,BasicTheoryofXiJinping3484084马院,4,必修,,,,,,待查教学大纲（专业课）
文法学院,视觉传达设计,第8学期,3143009104,形势与政策（一）116161-2马院SituationandPolicyEducation(Ⅰ),2,必修,形势与政策（最新版）,教育部组编,每年更新,高等教育出版社,,公共课已匹配
文法学院,视觉传达设计,8,,体育类课程必修，实行选项制，一、二年级要求每学期修满1,,必修类别,大学体育（教材）,本校编,最新版,校本教材,,公共课已匹配
文法学院,视觉传达设计,8,,体育类课程教学详见《华中农业大学体育教学改革实施方案》。,,必修类别,大学体育（教材）,本校编,最新版,校本教材,,公共课已匹配
文法学院,视觉传达设计,第8学期,307300007045,工程基础116162工学FoundationforEngineering,2,必修,,,,,,待查教学大纲（专业课）
文法学院,视觉传达设计,第8学期,9093009904,军事理论本科232322MilitaryTheory生院,2,必修,军事理论课教程,教育部军委国防动员部,2023版,高等教育出版社,,公共课已匹配
文法学院,视觉传达设计,第8学期,3113009824,写作与沟通116161文法WritingandCommunication,1,必修,写作与沟通,马工程/本校编,最新版,高等教育出版社,,公共课已匹配
文法学院,视觉传达设计,第8学期,202300006005,本科PsychologicalDevelopmentandGuidance116161生院ofCollegeStudents,1,必修,,,,,,待查教学大纲（专业课）
文法学院,视觉传达设计,第8学期,9093009774,本科InnovationandEntrepreneurship116162生院FoundationsforUndergraduates,2,必修,,,,,,待查教学大纲（专业课）
文法学院,视觉传达设计,第8学期,310300007016,微积分E348481信息CalculusE,1,必修,高等数学（第七版·上/下册）,同济大学数学系,第7版,高等教育出版社,,公共课已匹配
文法学院,视觉传达设计,第8学期,317300001008,FundamentalsofArtificial232321信息,1,必修,,,,,,待查教学大纲（专业课）
文法学院,视觉传达设计,第8学期,317300001009,ExperimentsontheFundamentalsof130301信息,1,必修,,,,,,待查教学大纲（专业课）
文法学院,视觉传达设计,第8学期,311300001004,MethodsandPracticesofArtificial232323文法,3,必修,,,,,,待查教学大纲（专业课）
文法学院,视觉传达设计,第8学期,311300007144,社会学导论348483文法IntroductiontoSociology,3,必修,,,,,,待查教学大纲（专业课）
文法学院,视觉传达设计,第8学期,311300007021,社会心理学232323文法SocialPsychology,3,必修,,,,,,待查教学大纲（专业课）
文法学院,视觉传达设计,第8学期,311300007145,法学概论348482文法IntroductiontoLaw,2,必修,,,,,,待查教学大纲（专业课）
文法学院,视觉传达设计,第8学期,311300007146,网络传播概论232323文法IntroductiontoonlineCommunication,3,必修,,,,,,待查教学大纲（专业课）
文法学院,视觉传达设计,第8学期,311300007151,人工智能与艺术设计23216162文法ArtificialIntelligenceandArtDesign,2,必修,,,,,,待查教学大纲（专业课）
文法学院,视觉传达设计,第8学期,311300007147,IntroductiontoClassicalChinese232322文法,2,必修,,,,,,待查教学大纲（专业课）
文法学院,视觉传达设计,第8学期,311300007089,中外美术简史348484文法ArtHistory,4,必修,,,,,,待查教学大纲（专业课）
文法学院,视觉传达设计,第8学期,314300006006,西方哲学导论232326马院IntroductiontoPhilosophy,6,必修,,,,,,待查教学大纲（专业课）
文法学院,视觉传达设计,第8学期,306300007131,经济学原理348485经管PrinciplesofEconomics,5,必修,,,,,,待查教学大纲（专业课）
文法学院,视觉传达设计,第8学期,311300007204,设计表现基础48540451文法TheBasisofDesignPerformance,1,必修,,,,,,待查教学大纲（专业课）
文法学院,视觉传达设计,第8学期,311300007215,设计概论348481文法DesignIntroduction,1,必修,,,,,,待查教学大纲（专业课）
文法学院,视觉传达设计,第8学期,311300007203,构成设计（1）36924452文法CompositionDesign(I),2,必修,,,,,,待查教学大纲（专业课）
文法学院,视觉传达设计,第8学期,311300007216,字体与版式设计47848303文法TypographyandLayoutDesign,3,必修,,,,,,待查教学大纲（专业课）
文法学院,视觉传达设计,第8学期,311300007213,传统装饰艺术36232303文法OrnamentalpatternArtDesign,3,必修,,,,,,待查教学大纲（专业课）
文法学院,视觉传达设计,第8学期,311300007220,影像艺术47848304文法ImageArt,4,必修,,,,,,待查教学大纲（专业课）
文法学院,视觉传达设计,第8学期,311300007217,动态图形设计48540455文法DynamicGraphicDesign,5,必修,,,,,,待查教学大纲（专业课）
文法学院,视觉传达设计,第8学期,311300007218,农业交互设计47848305文法AgriculturalInteractiveDesign,5,必修,,,,,,待查教学大纲（专业课）
文法学院,视觉传达设计,第8学期,311300007221,用户体验设计36232306文法UserExperienceDesign,6,必修,,,,,,待查教学大纲（专业课）
文法学院,视觉传达设计,第8学期,311300007219,数字服务设计36232306文法DigitalServiceDesign,6,必修,,,,,,待查教学大纲（专业课）
文法学院,视觉传达设计,第8学期,311300007097,创意逐格动画24616302文法CreativeStopMotionAnimation,2,必修,,,,,,待查教学大纲（专业课）
文法学院,视觉传达设计,第8学期,311300007121,影视鉴赏232322文法FilmandTVProgramsAppreciation,2,必修,,,,,,待查教学大纲（专业课）
文法学院,视觉传达设计,第8学期,311300007115,插画设计A24616302文法IllustrationDesignA,2,必修,,,,,,待查教学大纲（专业课）
文法学院,视觉传达设计,第8学期,311300007086,构成设计（2）24616303文法CompositionDesign(II),3,必修,,,,,,待查教学大纲（专业课）
文法学院,视觉传达设计,第8学期,311300007109,摄影艺术24616303文法TheArtofPhotography,3,必修,,,,,,待查教学大纲（专业课）
文法学院,视觉传达设计,第8学期,311300007106,分镜头脚本设计23924154文法VideoSeparationandMotionDesign,4,必修,,,,,,待查教学大纲（专业课）
文法学院,视觉传达设计,第8学期,311300007227,品牌CIS设计B24616306文法Brand&CISDesignB,6,必修,,,,,,待查教学大纲（专业课）
文法学院,视觉传达设计,第8学期,311300007132,VideoMediaAdvertising23924156文法,6,必修,,,,,,待查教学大纲（专业课）
文法学院,视觉传达设计,第8学期,311300007234,SelectedReadingsfromClassic116167文法,7,必修,,,,,,待查教学大纲（专业课）
文法学院,视觉传达设计,第8学期,311300007088,计算机图形设计24616302文法ComputerPictureandWriting,2,必修,,,,,,待查教学大纲（专业课）
文法学院,视觉传达设计,第8学期,3113009300,设计心理学232323文法PsychologyforDesign,3,必修,,,,,,待查教学大纲（专业课）
文法学院,视觉传达设计,第8学期,311300007108,网页设计A24616303文法PrototypeDesignA,3,必修,,,,,,待查教学大纲（专业课）
文法学院,视觉传达设计,第8学期,311300007222,数字角色与IP设计23924153文法DigitalCharacterandIPDesign,3,必修,,,,,,待查教学大纲（专业课）
文法学院,视觉传达设计,第8学期,311300007206,创意思维232324文法TheThoughtsonOriginality,4,必修,,,,,,待查教学大纲（专业课）
文法学院,视觉传达设计,第8学期,311300007102,UI设计24616304文法UIDesign,4,必修,,,,,,待查教学大纲（专业课）
文法学院,视觉传达设计,第8学期,311300007226,游戏设计语言基础24616305文法GameDesignLanguageFundamentals,5,必修,,,,,,待查教学大纲（专业课）
文法学院,视觉传达设计,第8学期,311300007209,文创设计初步2538454文法TheBasicCulturalandCreativeDesign,4,必修,,,,,,待查教学大纲（专业课）
文法学院,视觉传达设计,第8学期,311300007230,23924154文法AdvertisementDesign,4,必修,,,,,,待查教学大纲（专业课）
文法学院,视觉传达设计,第8学期,311300007117,导视系统设计24616305文法WayoftheSignDesign,5,必修,,,,,,待查教学大纲（专业课）
文法学院,视觉传达设计,第8学期,311300007224,乡村文化与连环画设计24616306文法RuralCultureandComicStripDesign,6,必修,,,,,,待查教学大纲（专业课）
文法学院,视觉传达设计,第8学期,311300007110,24616306文法PoductCreativityandDesign,6,必修,,,,,,待查教学大纲（专业课）
文法学院,视觉传达设计,第8学期,311300007100,民间艺术传承与创新24616306文法InheritanceandInnovationofFolkArt,6,必修,,,,,,待查教学大纲（专业课）
文法学院,视觉传达设计,第8学期,311300007210,信息可视化设计24616305文法InformationVisualizationDesign,5,必修,,,,,,待查教学大纲（专业课）
文法学院,视觉传达设计,第8学期,311300007228,大健康创新设计24616305文法HealthInnovationDesign,5,必修,,,,,,待查教学大纲（专业课）
文法学院,视觉传达设计,第8学期,311300007211,游戏引擎应用24616306文法GameEngineApplications,6,必修,,,,,,待查教学大纲（专业课）
文法学院,视觉传达设计,第8学期,311300007229,乡村社会创新设计23924156文法RuralSocialInnovationDesign,6,必修,,,,,,待查教学大纲（专业课）
文法学院,视觉传达设计,第8学期,9093009905,军事技能本科231Militaryskills生院,1,必修,军事训练教程,教育部军委国防动员部,2023版,高等教育出版社,,公共课已匹配
文法学院,视觉传达设计,第8学期,9093009906,本科Innovationand11-7生院EntrepreneurshipPractice,7,必修,,,,,,待查教学大纲（专业课）
文法学院,视觉传达设计,第8学期,202300008001,本科ThePracticeofMentalHealth1301公共生院PromotionforUndergraduates实践,1,必修,,,,,,待查教学大纲（专业课）
文法学院,视觉传达设计,第8学期,3143009105,形势与政策（二）1307马院SituationandPolicyEducation(II),7,必修,形势与政策（最新版）,教育部组编,每年更新,高等教育出版社,,公共课已匹配
文法学院,视觉传达设计,第8学期,9093009903,社会实践114团委SocialPractice,4,必修,,,,,,待查教学大纲（专业课）
文法学院,视觉传达设计,第8学期,110300008001,志愿服务1301-7团委VolunteerService,7,必修,,,,,,待查教学大纲（专业课）
文法学院,视觉传达设计,第8学期,311300008033,专业写生365文法ProfessionalSketching,5,必修,,,,,,待查教学大纲（专业课）
文法学院,视觉传达设计,第8学期,311300008020,专业考察126文法ProfessionalInvestigation,6,必修,,,,,,待查教学大纲（专业课）
文法学院,视觉传达设计,第8学期,311300008034,实践DesignCollaborative247文法Creation(Comprehensive,7,必修,,,,,,待查教学大纲（专业课）
文法学院,视觉传达设计,第8学期,3113009952,毕业设计（论文）6127-8文法GraduationDesign(Thesis),8,必修,,,,,,待查教学大纲（专业课）
文法学院,数字媒体艺术,第1学期,314300001006,思想道德与法治,3,必修,思想道德与法治（2023年版）,本书编写组,2023年版,高等教育出版社,,公共课已匹配
文法学院,数字媒体艺术,第1学期,9093009905,军事技能,2,必修,军事训练教程,教育部军委国防动员部,2023版,高等教育出版社,,公共课已匹配
文法学院,数字媒体艺术,第1学期,317300001008,人工智能应用基础,2,必修,人工智能基础（通识）,大学计算机课程教指委,最新版,高等教育出版社,,公共课已匹配
文法学院,数字媒体艺术,第1学期,317300001009,人工智能应用基础实验,1,必修,人工智能基础（通识）,大学计算机课程教指委,最新版,高等教育出版社,,公共课已匹配
文法学院,数字媒体艺术,第1学期,310300007016,微积分E,3,必修,高等数学（第七版·上/下册）,同济大学数学系,第7版,高等教育出版社,,公共课已匹配
文法学院,数字媒体艺术,第1学期,3143009104,形势与政策（一）,1,必修,形势与政策（最新版）,教育部组编,每年更新,高等教育出版社,,公共课已匹配
文法学院,数字媒体艺术,第1学期,3113009824,写作与沟通,1,必修,写作与沟通,马工程/本校编,最新版,高等教育出版社,,公共课已匹配
文法学院,数字媒体艺术,1,,体育类课程,,必修类别,大学体育（教材）,本校编,最新版,校本教材,,公共课已匹配
文法学院,数字媒体艺术,1,,外语类课程,,必修类别,新视野大学英语（第三版·读写教程）,郑树棠,第3版,外语教学与研究出版社,,公共课已匹配
文法学院,数字媒体艺术,第1学期,202300006005,大学生心理发展与指导,1,必修,大学生心理健康教育,郑日昌,最新版,高等教育出版社,,公共课已匹配
文法学院,数字媒体艺术,第1学期,202300008001,大学生心理素质拓展,1,必修,大学生心理健康教育,郑日昌,最新版,高等教育出版社,,公共课已匹配
文法学院,数字媒体艺术,第1学期,311300007204,设计表现基础,4,必修,,,,,,待查教学大纲（专业课）
文法学院,数字媒体艺术,第1学期,311300007215,设计概论,3,必修,,,,,,待查教学大纲（专业课）
文法学院,数字媒体艺术,第2学期,3143009003,中国近现代史纲要,3,必修,中国近现代史纲要（2023年版）,本书编写组,2023年版,高等教育出版社,,公共课已匹配
文法学院,数字媒体艺术,2,,外语类课程,,必修类别,新视野大学英语（第三版·读写教程）,郑树棠,第3版,外语教学与研究出版社,,公共课已匹配
文法学院,数字媒体艺术,2,,体育类课程,,必修类别,大学体育（教材）,本校编,最新版,校本教材,,公共课已匹配
文法学院,数字媒体艺术,第2学期,9093009904,军事理论,2,必修,军事理论课教程,教育部军委国防动员部,2023版,高等教育出版社,,公共课已匹配
文法学院,数字媒体艺术,第2学期,9093009774,大学生创新创业基础,1,必修,大学生创新创业基础,本校编,最新版,高等教育出版社,,公共课已匹配
文法学院,数字媒体艺术,第2学期,307300007045,工程基础,1,必修,,,,,,待查教学大纲（专业课）
文法学院,数字媒体艺术,第2学期,311300007147,中国文学名篇导读,2,必修,,,,,,待查教学大纲（专业课）
文法学院,数字媒体艺术,第2学期,311300007145,法学概论,3,必修,,,,,,待查教学大纲（专业课）
文法学院,数字媒体艺术,第2学期,311300007151,人工智能与艺术设计,2,必修,,,,,,待查教学大纲（专业课）
文法学院,数字媒体艺术,第2学期,311300007203,构成设计（1）,3,必修,,,,,,待查教学大纲（专业课）
文法学院,数字媒体艺术,第3学期,314300001007,马克思主义基本原理,3,必修,马克思主义基本原理（2023年版）,本书编写组,2023年版,高等教育出版社,,公共课已匹配
文法学院,数字媒体艺术,3,,外语类课程,,必修类别,新视野大学英语（第三版·读写教程）,郑树棠,第3版,外语教学与研究出版社,,公共课已匹配
文法学院,数字媒体艺术,3,,体育类课程,,必修类别,大学体育（教材）,本校编,最新版,校本教材,,公共课已匹配
文法学院,数字媒体艺术,第3学期,311300001004,人工智能创意设计方法与实践,2,必修,,,,,,待查教学大纲（专业课）
文法学院,数字媒体艺术,第3学期,311300007216,字体与版式设计,4,必修,,,,,,待查教学大纲（专业课）
文法学院,数字媒体艺术,第3学期,311300007213,传统装饰艺术,3,必修,,,,,,待查教学大纲（专业课）
文法学院,数字媒体艺术,第3学期,311300007144,社会学导论,3,必修,,,,,,待查教学大纲（专业课）
文法学院,数字媒体艺术,第3学期,311300007146,网络传播概论,2,必修,,,,,,待查教学大纲（专业课）
文法学院,数字媒体艺术,第3学期,311300007021,社会心理学,2,必修,,,,,,待查教学大纲（专业课）
文法学院,数字媒体艺术,第4学期,314300001008,毛泽东思想和中国特色3社会主义理论体系概论,3,必修,毛泽东思想和中国特色社会主义理论体系概论（2023年版）,本书编写组,2023年版,高等教育出版社,,公共课已匹配
文法学院,数字媒体艺术,第4学期,314300001009,习近平新时代中国特色3社会主义思想概论,3,必修,习近平新时代中国特色社会主义思想概论（2023年版）,本书编写组,2023年版,高等教育出版社,,公共课已匹配
文法学院,数字媒体艺术,4,,外语类课程,,必修类别,新视野大学英语（第三版·读写教程）,郑树棠,第3版,外语教学与研究出版社,,公共课已匹配
文法学院,数字媒体艺术,4,,体育类课程,,必修类别,大学体育（教材）,本校编,最新版,校本教材,,公共课已匹配
文法学院,数字媒体艺术,第4学期,9093009903,社会实践12周，暑期进行,2,必修,,,,,,待查教学大纲（专业课）
文法学院,数字媒体艺术,第4学期,311300007089,中外美术简史,3,必修,,,,,,待查教学大纲（专业课）
文法学院,数字媒体艺术,第4学期,311300007220,影像艺术,4,必修,,,,,,待查教学大纲（专业课）
文法学院,数字媒体艺术,第5学期,311300008033,专业写生36周,6,必修,,,,,,待查教学大纲（专业课）
文法学院,数字媒体艺术,第5学期,311300007217,动态图形设计,4,必修,,,,,,待查教学大纲（专业课）
文法学院,数字媒体艺术,第5学期,311300007218,农业交互设计,4,必修,,,,,,待查教学大纲（专业课）
文法学院,数字媒体艺术,第5学期,306300007131,经济学原理,3,必修,,,,,,待查教学大纲（专业课）
文法学院,数字媒体艺术,5,,通识课程,,选修类别,,,,,,待查教学大纲（专业课）
文法学院,数字媒体艺术,第6学期,311300007221,用户体验设计,3,必修,,,,,,待查教学大纲（专业课）
文法学院,数字媒体艺术,第6学期,311300007219,数字服务设计,3,必修,,,,,,待查教学大纲（专业课）
文法学院,数字媒体艺术,第6学期,311300008020,专业考察12周,2,必修,,,,,,待查教学大纲（专业课）
文法学院,数字媒体艺术,6,,通识课程,,选修类别,,,,,,待查教学大纲（专业课）
文法学院,数字媒体艺术,第7学期,311300008034,设计联合创作（专业综合实习）24周,4,必修,,,,,,待查教学大纲（专业课）
文法学院,数字媒体艺术,第7学期,9093009906,创新创业实践,1,必修,,,,,,待查教学大纲（专业课）
文法学院,数字媒体艺术,第7学期,3143009105,形势与政策（二）,1,必修,形势与政策（最新版）,教育部组编,每年更新,高等教育出版社,,公共课已匹配
文法学院,数字媒体艺术,第7学期,110300008001,志愿服务,1,必修,,,,,,待查教学大纲（专业课）
文法学院,数字媒体艺术,第8学期,3113009952,毕业设计（论文）612周,12,必修,,,,,,待查教学大纲（专业课）
外国语学院,英语,第1学期,314300001006,思想道德与法治,3,必修,思想道德与法治（2023年版）,本书编写组,2023年版,高等教育出版社,,公共课已匹配
外国语学院,英语,第1学期,310300001020,微积分D,4,必修,高等数学（第七版·上/下册）,同济大学数学系,第7版,高等教育出版社,,公共课已匹配
外国语学院,英语,1,,体育类课程,,必修类别,大学体育（教材）,本校编,最新版,校本教材,,公共课已匹配
外国语学院,英语,第1学期,9093009904,军事理论,2,必修,军事理论课教程,教育部军委国防动员部,2023版,高等教育出版社,,公共课已匹配
外国语学院,英语,第1学期,9093009905,军事技能,2,必修,军事训练教程,教育部军委国防动员部,2023版,高等教育出版社,,公共课已匹配
外国语学院,英语,第1学期,312300007002,英语视听说（1）,2,必修,,,,,,待查教学大纲（专业课）
外国语学院,英语,第1学期,3123009315,英语读写（1）,2,必修,,,,,,待查教学大纲（专业课）
外国语学院,英语,第1学期,3113009824,写作与沟通1可在1、2学期完成,2,必修,写作与沟通,马工程/本校编,最新版,高等教育出版社,,公共课已匹配
外国语学院,英语,第1学期,9093009774,大学生创新创业基础,1,必修,大学生创新创业基础,本校编,最新版,高等教育出版社,,公共课已匹配
外国语学院,英语,第1学期,307300007045,工程基础,1,必修,,,,,,待查教学大纲（专业课）
外国语学院,英语,第1学期,3143009104,形势与政策（一）与第2学期共计1学分,1,必修,形势与政策（最新版）,教育部组编,每年更新,高等教育出版社,,公共课已匹配
外国语学院,英语,第1学期,312300008005,耕读劳动实践,1,必修,,,,,,待查教学大纲（专业课）
外国语学院,英语,第1学期,312300007128,全球胜任力与可持续发展,1,必修,,,,,,待查教学大纲（专业课）
外国语学院,英语,第2学期,3143009003,中国近现代史纲要,3,必修,中国近现代史纲要（2023年版）,本书编写组,2023年版,高等教育出版社,,公共课已匹配
外国语学院,英语,第2学期,311300007188,统计学基础,2,必修,,,,,,待查教学大纲（专业课）
外国语学院,英语,第2学期,311300009006,统计学基础实验,1,必修,,,,,,待查教学大纲（专业课）
外国语学院,英语,第2学期,317300001008,人工智能应用基础,2,必修,人工智能基础（通识）,大学计算机课程教指委,最新版,高等教育出版社,,公共课已匹配
外国语学院,英语,第2学期,317300001009,人工智能应用基础实验,1,必修,人工智能基础（通识）,大学计算机课程教指委,最新版,高等教育出版社,,公共课已匹配
外国语学院,英语,第2学期,312300001075,英语视听说（2）,3,必修,,,,,,待查教学大纲（专业课）
外国语学院,英语,第2学期,3123009316,英语读写（2）,3,必修,,,,,,待查教学大纲（专业课）
外国语学院,英语,第2学期,312300007007,西方文明史,2,必修,,,,,,待查教学大纲（专业课）
外国语学院,英语,第2学期,202300006005,大学生心理发展与指导,1,必修,大学生心理健康教育,郑日昌,最新版,高等教育出版社,,公共课已匹配
外国语学院,英语,2,,体育类课程,,必修类别,大学体育（教材）,本校编,最新版,校本教材,,公共课已匹配
外国语学院,英语,第2学期,3143009104,形势与政策（一）1与第1学期共计1学分,1,必修,形势与政策（最新版）,教育部组编,每年更新,高等教育出版社,,公共课已匹配
外国语学院,英语,第2学期,202300008001,大学生心理素质拓展,1,必修,大学生心理健康教育,郑日昌,最新版,高等教育出版社,,公共课已匹配
外国语学院,英语,第2学期,3113009824,写作与沟通1可在1、2学期完成,2,必修,写作与沟通,马工程/本校编,最新版,高等教育出版社,,公共课已匹配
外国语学院,英语,第3学期,314300001007,马克思主义基本原理,3,必修,马克思主义基本原理（2023年版）,本书编写组,2023年版,高等教育出版社,,公共课已匹配
外国语学院,英语,第3学期,312300007141,专创融合：AI技术辅助翻译,2,必修,,,,,,待查教学大纲（专业课）
外国语学院,英语,第3学期,315300007222,管理学原理,2,必修,,,,,,待查教学大纲（专业课）
外国语学院,英语,第3学期,312300001076,公共演讲与国际传播,2,必修,,,,,,待查教学大纲（专业课）
外国语学院,英语,第3学期,312300007136,商务基础,4,必修,,,,,,待查教学大纲（专业课）
外国语学院,英语,第3学期,312300007004,英语视听说（3）,2,必修,,,,,,待查教学大纲（专业课）
外国语学院,英语,第3学期,3123009317,英语读写（3）,2,必修,,,,,,待查教学大纲（专业课）
外国语学院,英语,第3学期,312300007021,/第二外国语（法/日/俄）（1）2任选一类022/,023,必修,,,,,,待查教学大纲（专业课）
外国语学院,英语,3,,体育类课程,,必修类别,大学体育（教材）,本校编,最新版,校本教材,,公共课已匹配
外国语学院,英语,第4学期,3123009123,/第二外国语（法/日/俄）（2）2任选一类126/,129,必修,,,,,,待查教学大纲（专业课）
外国语学院,英语,第4学期,314300001008,毛泽东思想和中国特色3社会主义理论体系概论,3,必修,毛泽东思想和中国特色社会主义理论体系概论（2023年版）,本书编写组,2023年版,高等教育出版社,,公共课已匹配
外国语学院,英语,第4学期,314300001009,3社会主义思想概论,3,必修,,,,,,待查教学大纲（专业课）
外国语学院,英语,第4学期,312300007133,翻译理论与实践,3,必修,,,,,,待查教学大纲（专业课）
外国语学院,英语,第4学期,312300007135,中西文化经典选读,4,必修,,,,,,待查教学大纲（专业课）
外国语学院,英语,第4学期,9093009903,社会实践13周，暑期进行,3,必修,,,,,,待查教学大纲（专业课）
外国语学院,英语,4,,体育类课程,,必修类别,大学体育（教材）,本校编,最新版,校本教材,,公共课已匹配
外国语学院,英语,第5学期,312300007130,普通语言学,4,必修,,,,,,待查教学大纲（专业课）
外国语学院,英语,第5学期,312300007131,英美文学经典与批评（1）,3,必修,,,,,,待查教学大纲（专业课）
外国语学院,英语,第5学期,312300007132,英汉/汉英口译,3,必修,,,,,,待查教学大纲（专业课）
外国语学院,英语,第5学期,3123009170,/第二外国语（法/日/俄）（3）2任选一类173/,176,必修,,,,,,待查教学大纲（专业课）
外国语学院,英语,第6学期,3123009171,/第二外国语（法/日/俄）（4）2任选一类174/,177,必修,,,,,,待查教学大纲（专业课）
外国语学院,英语,第6学期,312300007132,英美文学经典与批评（2）,3,必修,,,,,,待查教学大纲（专业课）
外国语学院,英语,第6学期,306300007131,经济学原理,3,必修,,,,,,待查教学大纲（专业课）
外国语学院,英语,第7学期,312300008002,毕业实习3建议暑期进行,3,必修,,,,,,待查教学大纲（专业课）
外国语学院,英语,第7学期,3143009105,形势与政策（二）,1,必修,形势与政策（最新版）,教育部组编,每年更新,高等教育出版社,,公共课已匹配
外国语学院,英语,第8学期,3123009902,毕业论文,6,必修,,,,,,待查教学大纲（专业课）
外国语学院,英语,第8学期,3143009003,3484262马院OutlineofModernChineseHistory,2,必修,,,,,,待查教学大纲（专业课）
外国语学院,英语,第8学期,314300001006,"3484261马院Ideology,MoralityandRuleofLaw",1,必修,,,,,,待查教学大纲（专业课）
外国语学院,英语,第8学期,314300001008,BasicTheoryofMaoZedong3484084马院,4,必修,,,,,,待查教学大纲（专业课）
外国语学院,英语,第8学期,314300001009,BasicTheoryofXiJinping3484084马院,4,必修,,,,,,待查教学大纲（专业课）
外国语学院,英语,第8学期,314300001007,3484263马院BasicKnowledgeofMarxism,3,必修,,,,,,待查教学大纲（专业课）
外国语学院,英语,第8学期,3143009104,116162马院SituationandPolicy(I),2,必修,,,,,,待查教学大纲（专业课）
外国语学院,英语,8,,体育类课程必修，实行选项制，一、二年级要求每学期修满1,,必修类别,大学体育（教材）,本校编,最新版,校本教材,,公共课已匹配
外国语学院,英语,8,,体育类课程教学详见《华中农业大学体育教学改革实施方案》。,,必修类别,大学体育（教材）,本校编,最新版,校本教材,,公共课已匹配
外国语学院,英语,第8学期,307300007045,116161工学院FoundationforEngineering,1,必修,,,,,,待查教学大纲（专业课）
外国语学院,英语,第8学期,9093009904,232321MilitaryTheory生院,1,必修,,,,,,待查教学大纲（专业课）
外国语学院,英语,第8学期,3113009824,116161/2文法WritingandCommunication,2,必修,,,,,,待查教学大纲（专业课）
外国语学院,英语,第8学期,202300006005,PsychologicalDevelopmentand116162生院,2,必修,,,,,,待查教学大纲（专业课）
外国语学院,英语,第8学期,9093009774,FundamentalsofInnovationand116161生院,1,必修,,,,,,待查教学大纲（专业课）
外国语学院,英语,第8学期,310300001020,微积分D464641信息CalculusD,1,必修,高等数学（第七版·上/下册）,同济大学数学系,第7版,高等教育出版社,,公共课已匹配
外国语学院,英语,第8学期,311300007188,2322文法FundamentalsofStatistics,2,必修,,,,,,待查教学大纲（专业课）
外国语学院,英语,第8学期,311300009006,130302文法BasicStatisticsLaboratory,2,必修,,,,,,待查教学大纲（专业课）
外国语学院,英语,第8学期,317300001008,232322信息BasicArtificialIntelligenceApplications,2,必修,,,,,,待查教学大纲（专业课）
外国语学院,英语,第8学期,317300001009,130302信息AIApplicationLab,2,必修,,,,,,待查教学大纲（专业课）
外国语学院,英语,第8学期,312300007141,ExpertiseandInnovation:232323外语Computer-AidedTranslation,3,必修,,,,,,待查教学大纲（专业课）
外国语学院,英语,第8学期,312300007126,IntegratedEnglishReading232321外语,1,必修,,,,,,待查教学大纲（专业课）
外国语学院,英语,第8学期,312300007149,IntegratedEnglishReading36232302外语,2,必修,,,,,,待查教学大纲（专业课）
外国语学院,英语,第8学期,312300007150,IntegratedEnglishReading24616303外语,3,必修,,,,,,待查教学大纲（专业课）
外国语学院,英语,第8学期,312300007002,英语视听说（1）24616301外语Audio-Visual-OralEnglish(I),1,必修,,,,,,待查教学大纲（专业课）
外国语学院,英语,第8学期,312300001075,英语视听说（2）36232302外语Audio-Visual-OralEnglish(II),2,必修,,,,,,待查教学大纲（专业课）
外国语学院,英语,第8学期,312300007004,英语视听说（3）24616303外语Audio-Visual-OralEnglish(III),3,必修,,,,,,待查教学大纲（专业课）
外国语学院,英语,第8学期,312300007030,综合法语（1）232321外语ComprehensiveFrench（I）,1,必修,,,,,,待查教学大纲（专业课）
外国语学院,英语,第8学期,312300007151,综合法语（2）24616302ComprehensiveFrench（II）,2,必修,,,,,,待查教学大纲（专业课）
外国语学院,英语,第8学期,312300007152,综合法语（3）24616303ComprehensiveFrench（III）,3,必修,,,,,,待查教学大纲（专业课）
外国语学院,英语,第8学期,312300007129,法语视听说（1）232321Audio-Visual-OralFrench(I),1,必修,,,,,,待查教学大纲（专业课）
外国语学院,英语,第8学期,312300007035,法语视听说（2）24616302Audio-Visual-OralFrench(II),2,必修,,,,,,待查教学大纲（专业课）
外国语学院,英语,第8学期,312300007036,法语视听说（3）24616303Audio-Visual-OralFrench(III),3,必修,,,,,,待查教学大纲（专业课）
外国语学院,英语,第8学期,312300007128,GlobalCompetenceand1248161外语,1,必修,,,,,,待查教学大纲（专业课）
外国语学院,英语,第8学期,312300007007,232322外语ABriefHistoryofWesternCivilization,2,必修,,,,,,待查教学大纲（专业课）
外国语学院,英语,第8学期,312300001076,PublicSpeakingand232323外语,3,必修,,,,,,待查教学大纲（专业课）
外国语学院,英语,第8学期,312300007130,464645外语GeneralLinguistics,5,必修,,,,,,待查教学大纲（专业课）
外国语学院,英语,第8学期,312300007131,BritishandAmericanLiterary348485外语,5,必修,,,,,,待查教学大纲（专业课）
外国语学院,英语,第8学期,312300007132,BritishandAmericanLiterary348486外语,6,必修,,,,,,待查教学大纲（专业课）
外国语学院,英语,第8学期,312300007133,35640164外语TranslationTheoriesandPractice,4,必修,,,,,,待查教学大纲（专业课）
外国语学院,英语,第8学期,312300007134,英汉/汉英口译35640165外语InterpretingbetweenEnglishandChinese,5,必修,,,,,,待查教学大纲（专业课）
外国语学院,英语,第8学期,312300007135,SelectedReadingsofChinese464644外语,4,必修,,,,,,待查教学大纲（专业课）
外国语学院,英语,第8学期,312300007136,464643外语EssentialsofBusiness,3,必修,,,,,,待查教学大纲（专业课）
外国语学院,英语,第8学期,312300007040,ContrastiveStudiesofEnglish232325外语,5,必修,,,,,,待查教学大纲（专业课）
外国语学院,英语,第8学期,3123009222,232325外语IntroductiontoAppliedLinguistics,5,必修,,,,,,待查教学大纲（专业课）
外国语学院,英语,第8学期,312300007137,基于Python的自然语言处理232326外语NaturalLanguageProcessingwithPython,6,必修,,,,,,待查教学大纲（专业课）
外国语学院,英语,第8学期,312300007047,IntroductiontoResearch232326外语,6,必修,,,,,,待查教学大纲（专业课）
外国语学院,英语,第8学期,312300007053,232322外语EnglishMovieAppreciation,2,必修,,,,,,待查教学大纲（专业课）
外国语学院,英语,第8学期,312300007056,SelectedReadingsofClassicWorks232324外语,4,必修,,,,,,待查教学大纲（专业课）
外国语学院,英语,第8学期,3123009433,IntroductiontoClassicWorksin232325外语,5,必修,,,,,,待查教学大纲（专业课）
外国语学院,英语,第8学期,312300007138,SelectedReadingsofPastoraland232326外语,6,必修,,,,,,待查教学大纲（专业课）
外国语学院,英语,第8学期,312300007139,FrontiersinInterdisciplinary232326外语,6,必修,,,,,,待查教学大纲（专业课）
外国语学院,英语,第8学期,312300007140,232325外语ChineseCultureandTranslation,5,必修,,,,,,待查教学大纲（专业课）
外国语学院,英语,第8学期,312300007142,232326外语MediaTranslationWorkshop,6,必修,,,,,,待查教学大纲（专业课）
外国语学院,英语,第8学期,312300007143,InterpretingPracticesandProject232326外语,6,必修,,,,,,待查教学大纲（专业课）
外国语学院,英语,第8学期,3123009218,AnOverviewofBritishHistory232324外语,4,必修,,,,,,待查教学大纲（专业课）
外国语学院,英语,第8学期,3123009183,AnOverviewofAmericanHistory232325外语,5,必修,,,,,,待查教学大纲（专业课）
外国语学院,英语,第8学期,3123009184,232326外语InterculturalCommunication,6,必修,,,,,,待查教学大纲（专业课）
外国语学院,英语,第8学期,312300007144,CountriesAlongtheBeltand232326外语,6,必修,,,,,,待查教学大纲（专业课）
外国语学院,英语,第8学期,312300007092,232324外语InternationalTrade,4,必修,,,,,,待查教学大纲（专业课）
外国语学院,英语,第8学期,312300007145,232325外语InternationalBusinessTraining,5,必修,,,,,,待查教学大纲（专业课）
外国语学院,英语,第8学期,3123009213,232326外语InternationalBusinessNegotiation,6,必修,,,,,,待查教学大纲（专业课）
外国语学院,英语,第8学期,312300007146,232326外语InternationalBusinessLaw,6,必修,,,,,,待查教学大纲（专业课）
外国语学院,英语,第8学期,312300007153,24616304外语IntermediateFrench,4,必修,,,,,,待查教学大纲（专业课）
外国语学院,英语,第8学期,312300007154,24616305外语AdvancedFrench,5,必修,,,,,,待查教学大纲（专业课）
外国语学院,英语,第8学期,312300007155,AdvancedFrenchOral24616304外语,4,必修,,,,,,待查教学大纲（专业课）
外国语学院,英语,第8学期,312300007156,AdvancedFrenchOral24616305外语,5,必修,,,,,,待查教学大纲（专业课）
外国语学院,英语,第8学期,312300007038,2326外语FrenchIntensiveReading,6,必修,,,,,,待查教学大纲（专业课）
外国语学院,英语,第8学期,312300007157,2326外语FrancophoneSocietiesandCultures,6,必修,,,,,,待查教学大纲（专业课）
外国语学院,英语,第8学期,312300007147,232324外语TransculturalOfficialDocumentWriting,4,必修,,,,,,待查教学大纲（专业课）
外国语学院,英语,第8学期,312300007148,232325外语ChuCultureandItsGlobalDissemination,5,必修,,,,,,待查教学大纲（专业课）
外国语学院,英语,第8学期,9093009905,26031Militaryskills生院,1,必修,,,,,,待查教学大纲（专业课）
外国语学院,英语,第8学期,9093009906,Innovationand11-7生院,7,必修,,,,,,待查教学大纲（专业课）
外国语学院,英语,第8学期,202300008001,ThePracticeofMentalHealth1302生院,2,必修,,,,,,待查教学大纲（专业课）
外国语学院,英语,第8学期,3143009105,实践形势与政策（二）1303-8马院SituationandPolicyEducation(II),8,必修,形势与政策（最新版）,教育部组编,每年更新,高等教育出版社,,公共课已匹配
外国语学院,英语,第8学期,9093009903,13014团委SocialPractice,4,必修,,,,,,待查教学大纲（专业课）
外国语学院,英语,第8学期,110300008001,1301-7团委VolunteerService,7,必修,,,,,,待查教学大纲（专业课）
外国语学院,英语,第8学期,110300008002,11-7团委AestheticPractice,7,必修,,,,,,待查教学大纲（专业课）
外国语学院,英语,第8学期,312300008005,1321-2外语AgricultureWorkshop,2,必修,,,,,,待查教学大纲（专业课）
外国语学院,英语,第8学期,312300008003,ProfessionalInnovationand11-8外语竞赛,8,必修,,,,,,待查教学大纲（专业课）
外国语学院,英语,第8学期,312300008002,366-8外语Internship,8,必修,,,,,,待查教学大纲（专业课）
外国语学院,英语,第8学期,3123009902,6127-8外语B.A.Thesis,8,必修,,,,,,待查教学大纲（专业课）
外国语学院,英语,第1学期,314300001006,思想道德与法治,3,必修,思想道德与法治（2023年版）,本书编写组,2023年版,高等教育出版社,,公共课已匹配
外国语学院,英语,第1学期,310300001020,微积分D,4,必修,高等数学（第七版·上/下册）,同济大学数学系,第7版,高等教育出版社,,公共课已匹配
外国语学院,英语,1,,体育类课程,,必修类别,大学体育（教材）,本校编,最新版,校本教材,,公共课已匹配
外国语学院,英语,第1学期,9093009904,军事理论,2,必修,军事理论课教程,教育部军委国防动员部,2023版,高等教育出版社,,公共课已匹配
外国语学院,英语,第1学期,9093009905,军事技能,2,必修,军事训练教程,教育部军委国防动员部,2023版,高等教育出版社,,公共课已匹配
外国语学院,英语,第1学期,312300007002,英语视听说（1）,2,必修,,,,,,待查教学大纲（专业课）
外国语学院,英语,第1学期,3123009315,英语读写（1）,2,必修,,,,,,待查教学大纲（专业课）
外国语学院,英语,第1学期,312300007030,综合法语（1）,2,必修,,,,,,待查教学大纲（专业课）
外国语学院,英语,第1学期,312300007129,法语视听说（1）,2,必修,,,,,,待查教学大纲（专业课）
外国语学院,英语,第1学期,3113009824,写作与沟通1可在1、2学期完成,2,必修,写作与沟通,马工程/本校编,最新版,高等教育出版社,,公共课已匹配
外国语学院,英语,第1学期,9093009774,大学生创新创业基础,1,必修,大学生创新创业基础,本校编,最新版,高等教育出版社,,公共课已匹配
外国语学院,英语,第1学期,307300007045,工程基础,1,必修,,,,,,待查教学大纲（专业课）
外国语学院,英语,第1学期,3143009104,形势与政策（一）与第2学期共计1学分,1,必修,形势与政策（最新版）,教育部组编,每年更新,高等教育出版社,,公共课已匹配
外国语学院,英语,第1学期,312300008005,耕读劳动实践,1,必修,,,,,,待查教学大纲（专业课）
外国语学院,英语,第1学期,312300007128,全球胜任力与可持续发展,1,必修,,,,,,待查教学大纲（专业课）
外国语学院,英语,第2学期,3143009003,中国近现代史纲要,3,必修,中国近现代史纲要（2023年版）,本书编写组,2023年版,高等教育出版社,,公共课已匹配
外国语学院,英语,第2学期,311300007188,统计学基础,2,必修,,,,,,待查教学大纲（专业课）
外国语学院,英语,第2学期,311300009006,统计学基础实验,1,必修,,,,,,待查教学大纲（专业课）
外国语学院,英语,第2学期,317300001008,人工智能应用基础,2,必修,人工智能基础（通识）,大学计算机课程教指委,最新版,高等教育出版社,,公共课已匹配
外国语学院,英语,第2学期,317300001009,人工智能应用基础实验,1,必修,人工智能基础（通识）,大学计算机课程教指委,最新版,高等教育出版社,,公共课已匹配
外国语学院,英语,第2学期,312300007003,英语视听说（2）,3,必修,,,,,,待查教学大纲（专业课）
外国语学院,英语,第2学期,3123009316,英语读写（2）,3,必修,,,,,,待查教学大纲（专业课）
外国语学院,英语,第2学期,312300007151,综合法语（2）,2,必修,,,,,,待查教学大纲（专业课）
外国语学院,英语,第2学期,312300007035,法语视听说（2）,2,必修,,,,,,待查教学大纲（专业课）
外国语学院,英语,第2学期,312300007007,西方文明史,2,必修,,,,,,待查教学大纲（专业课）
外国语学院,英语,第2学期,202300006005,大学生心理发展与指导,1,必修,大学生心理健康教育,郑日昌,最新版,高等教育出版社,,公共课已匹配
外国语学院,英语,2,,体育类课程,,必修类别,大学体育（教材）,本校编,最新版,校本教材,,公共课已匹配
外国语学院,英语,第2学期,3143009104,形势与政策（一）1与第1学期共计1学分,1,必修,形势与政策（最新版）,教育部组编,每年更新,高等教育出版社,,公共课已匹配
外国语学院,英语,第2学期,202300008001,大学生心理素质拓展,1,必修,大学生心理健康教育,郑日昌,最新版,高等教育出版社,,公共课已匹配
外国语学院,英语,第2学期,3113009824,写作与沟通1可在1、2学期完成,2,必修,写作与沟通,马工程/本校编,最新版,高等教育出版社,,公共课已匹配
外国语学院,英语,第3学期,314300001007,马克思主义基本原理,3,必修,马克思主义基本原理（2023年版）,本书编写组,2023年版,高等教育出版社,,公共课已匹配
外国语学院,英语,第3学期,312300007141,专创融合：AI技术辅助翻译,2,必修,,,,,,待查教学大纲（专业课）
外国语学院,英语,第3学期,312300007136,商务基础,4,必修,,,,,,待查教学大纲（专业课）
外国语学院,英语,第3学期,312300007004,英语视听说（3）,2,必修,,,,,,待查教学大纲（专业课）
外国语学院,英语,第3学期,3123009317,英语读写（3）,2,必修,,,,,,待查教学大纲（专业课）
外国语学院,英语,第3学期,312300007152,综合法语（3）,2,必修,,,,,,待查教学大纲（专业课）
外国语学院,英语,第3学期,312300007036,法语视听说（3）,2,必修,,,,,,待查教学大纲（专业课）
外国语学院,英语,3,,体育类课程,,必修类别,大学体育（教材）,本校编,最新版,校本教材,,公共课已匹配
外国语学院,英语,第4学期,314300001008,3社会主义理论体系概论,3,必修,,,,,,待查教学大纲（专业课）
外国语学院,英语,第4学期,314300001009,3社会主义思想概论,3,必修,,,,,,待查教学大纲（专业课）
外国语学院,英语,第4学期,312300007133,翻译理论与实践,3,必修,,,,,,待查教学大纲（专业课）
外国语学院,英语,第4学期,312300007135,中西文化经典选读,4,必修,,,,,,待查教学大纲（专业课）
外国语学院,英语,第4学期,9093009903,社会实践13周，暑期进行,3,必修,,,,,,待查教学大纲（专业课）
外国语学院,英语,4,,体育类课程,,必修类别,大学体育（教材）,本校编,最新版,校本教材,,公共课已匹配
外国语学院,英语,第5学期,312300007130,普通语言学,4,必修,,,,,,待查教学大纲（专业课）
外国语学院,英语,第5学期,312300007131,英美文学经典与批评（1）,3,必修,,,,,,待查教学大纲（专业课）
外国语学院,英语,第5学期,312300007132,英汉/汉英口译,3,必修,,,,,,待查教学大纲（专业课）
外国语学院,英语,第6学期,312300007132,英美文学经典与批评（2）,3,必修,,,,,,待查教学大纲（专业课）
外国语学院,英语,第7学期,312300008002,毕业实习3建议暑期进行,3,必修,,,,,,待查教学大纲（专业课）
外国语学院,英语,第7学期,3143009105,形式与政策（二）,1,必修,,,,,,待查教学大纲（专业课）
外国语学院,英语,第8学期,3123009902,毕业论文,6,必修,,,,,,待查教学大纲（专业课）
公共管理学院,工程管理,第1学期,314300001006,思想道德与法治,3,必修,思想道德与法治（2023年版）,本书编写组,2023年版,高等教育出版社,,公共课已匹配
公共管理学院,工程管理,第1学期,3143009104,形势与政策（一）,1,必修,形势与政策（最新版）,教育部组编,每年更新,高等教育出版社,,公共课已匹配
公共管理学院,工程管理,第1学期,310300001018,微积分B（一）,4,必修,高等数学（第七版·上/下册）,同济大学数学系,第7版,高等教育出版社,,公共课已匹配
公共管理学院,工程管理,第1学期,317300001008,人工智能应用基础,2,必修,人工智能基础（通识）,大学计算机课程教指委,最新版,高等教育出版社,,公共课已匹配
公共管理学院,工程管理,第1学期,317300001009,人工智能应用基础实验,1,必修,人工智能基础（通识）,大学计算机课程教指委,最新版,高等教育出版社,,公共课已匹配
公共管理学院,工程管理,第1学期,9093009904,军事理论,2,必修,军事理论课教程,教育部军委国防动员部,2023版,高等教育出版社,,公共课已匹配
公共管理学院,工程管理,第1学期,9093009774,大学生创新创业基础,1,必修,大学生创新创业基础,本校编,最新版,高等教育出版社,,公共课已匹配
公共管理学院,工程管理,第1学期,315300007222,管理学原理,2,必修,,,,,,待查教学大纲（专业课）
公共管理学院,工程管理,第1学期,9093009905,军事技能,2,必修,军事训练教程,教育部军委国防动员部,2023版,高等教育出版社,,公共课已匹配
公共管理学院,工程管理,第1学期,315300006004,管理的智慧传承与创新实践,1,必修,,,,,,待查教学大纲（专业课）
公共管理学院,工程管理,1,,外语类课程,,必修类别,新视野大学英语（第三版·读写教程）,郑树棠,第3版,外语教学与研究出版社,,公共课已匹配
公共管理学院,工程管理,1,,体育类课程,,必修类别,大学体育（教材）,本校编,最新版,校本教材,,公共课已匹配
公共管理学院,工程管理,第2学期,3143009003,中国近现代史纲要,3,必修,中国近现代史纲要（2023年版）,本书编写组,2023年版,高等教育出版社,,公共课已匹配
公共管理学院,工程管理,第2学期,310300001033,微积分B（二）,4,必修,高等数学（第七版·上/下册）,同济大学数学系,第7版,高等教育出版社,,公共课已匹配
公共管理学院,工程管理,第2学期,310300001024,线性代数A,3,必修,线性代数（第六版）,同济大学数学系,第6版,高等教育出版社,9787040396632,公共课已匹配
公共管理学院,工程管理,第2学期,315300007217,经济学原理,3,必修,,,,,,待查教学大纲（专业课）
公共管理学院,工程管理,第2学期,3113009824,写作与沟通1在第一学年修完,1,必修,写作与沟通,马工程/本校编,最新版,高等教育出版社,,公共课已匹配
公共管理学院,工程管理,第2学期,202300008001,大学生心理素质拓展,1,必修,大学生心理健康教育,郑日昌,最新版,高等教育出版社,,公共课已匹配
公共管理学院,工程管理,第2学期,202300006005,大学生心理发展与指导,1,必修,大学生心理健康教育,郑日昌,最新版,高等教育出版社,,公共课已匹配
公共管理学院,工程管理,第2学期,315300007221,管理思想史,2,必修,,,,,,待查教学大纲（专业课）
公共管理学院,工程管理,2,,外语类课程,,必修类别,新视野大学英语（第三版·读写教程）,郑树棠,第3版,外语教学与研究出版社,,公共课已匹配
公共管理学院,工程管理,2,,体育类课程,,必修类别,大学体育（教材）,本校编,最新版,校本教材,,公共课已匹配
公共管理学院,工程管理,第3学期,314300001007,马克思主义基本原理,3,必修,马克思主义基本原理（2023年版）,本书编写组,2023年版,高等教育出版社,,公共课已匹配
公共管理学院,工程管理,第3学期,310300001022,概率论与数理统计B,3,必修,概率论与数理统计（第五版）,盛骤 谢式千,第5版,高等教育出版社,9787040384876,公共课已匹配
公共管理学院,工程管理,第3学期,315300007248,建筑力学,4,必修,,,,,,待查教学大纲（专业课）
公共管理学院,工程管理,第3学期,315300007196,画法几何与CAD制图,2,必修,,,,,,待查教学大纲（专业课）
公共管理学院,工程管理,第3学期,315300008035,画法几何与CAD制图课程实习,1,必修,,,,,,待查教学大纲（专业课）
公共管理学院,工程管理,第3学期,315300007198,房屋建筑学,3,必修,,,,,,待查教学大纲（专业课）
公共管理学院,工程管理,第3学期,315300008036,房屋建筑学课程实习,1,必修,,,,,,待查教学大纲（专业课）
公共管理学院,工程管理,3,,外语类课程,,必修类别,新视野大学英语（第三版·读写教程）,郑树棠,第3版,外语教学与研究出版社,,公共课已匹配
公共管理学院,工程管理,3,,体育类课程,,必修类别,大学体育（教材）,本校编,最新版,校本教材,,公共课已匹配
公共管理学院,工程管理,第4学期,314300001008,毛泽东思想和中国特色3社会主义理论体系概论,3,必修,毛泽东思想和中国特色社会主义理论体系概论（2023年版）,本书编写组,2023年版,高等教育出版社,,公共课已匹配
公共管理学院,工程管理,第4学期,314300001009,习近平新时代中国特色3社会主义思想概论,3,必修,习近平新时代中国特色社会主义思想概论（2023年版）,本书编写组,2023年版,高等教育出版社,,公共课已匹配
公共管理学院,工程管理,第4学期,315300007244,数字测量学A,3,必修,,,,,,待查教学大纲（专业课）
公共管理学院,工程管理,第4学期,315300007186,管理学研究方法,2,必修,,,,,,待查教学大纲（专业课）
公共管理学院,工程管理,第4学期,9093009903,社会实践,1,必修,,,,,,待查教学大纲（专业课）
公共管理学院,工程管理,4,,外语类课程,,必修类别,新视野大学英语（第三版·读写教程）,郑树棠,第3版,外语教学与研究出版社,,公共课已匹配
公共管理学院,工程管理,4,,体育类课程,,必修类别,大学体育（教材）,本校编,最新版,校本教材,,公共课已匹配
公共管理学院,工程管理,第5学期,315300001003,人工智能工程管理应用概论,1,必修,,,,,,待查教学大纲（专业课）
公共管理学院,工程管理,第5学期,315300007195,BIM技术与虚拟建造,2,必修,,,,,,待查教学大纲（专业课）
公共管理学院,工程管理,第5学期,315300007200,工程经济学,3,必修,,,,,,待查教学大纲（专业课）
公共管理学院,工程管理,第5学期,315300007199,复杂工程结构设计,4,必修,,,,,,待查教学大纲（专业课）
公共管理学院,工程管理,第5学期,315300008037,复杂工程结构设计课程实习,1,必修,,,,,,待查教学大纲（专业课）
公共管理学院,工程管理,第5学期,315300007201,建设法规与工程合同管理,3,必修,,,,,,待查教学大纲（专业课）
公共管理学院,工程管理,第5学期,315300006005,学科经典著作选读,1,必修,,,,,,待查教学大纲（专业课）
公共管理学院,工程管理,第6学期,315300007202,工程建造自动化,3,必修,,,,,,待查教学大纲（专业课）
公共管理学院,工程管理,第6学期,315300008038,工程建造自动化课程实习,1,必修,,,,,,待查教学大纲（专业课）
公共管理学院,工程管理,第6学期,315300007203,工程估价,4,必修,,,,,,待查教学大纲（专业课）
公共管理学院,工程管理,第6学期,315300008039,工程估价课程实习,1,必修,,,,,,待查教学大纲（专业课）
公共管理学院,工程管理,第6学期,315300007204,工程项目智慧管理,3,必修,,,,,,待查教学大纲（专业课）
公共管理学院,工程管理,第6学期,315300008040,工程项目智慧管理课程实习,1,必修,,,,,,待查教学大纲（专业课）
公共管理学院,工程管理,第6学期,3153009930,教学实习,2,必修,,,,,,待查教学大纲（专业课）
公共管理学院,工程管理,第7学期,3153009931,生产实习,2,必修,,,,,,待查教学大纲（专业课）
公共管理学院,工程管理,第7学期,315300008041,智慧城乡与智能建造2创新创业综合实训,2,必修,,,,,,待查教学大纲（专业课）
公共管理学院,工程管理,第8学期,315300008034,毕业论文（设计）,6,必修,,,,,,待查教学大纲（专业课）
公共管理学院,工程管理,第8学期,3143009105,形势与政策（二）,1,必修,形势与政策（最新版）,教育部组编,每年更新,高等教育出版社,,公共课已匹配
公共管理学院,工程管理,第8学期,314300001006,思想道德与法治3484261马院IdeologyMoralityandRuleofLaw,1,必修,思想道德与法治（2023年版）,本书编写组,2023年版,高等教育出版社,,公共课已匹配
公共管理学院,工程管理,第8学期,3143009104,形势与政策（一）116161-2马院SituationandPolicyEducation(Ⅰ),2,必修,形势与政策（最新版）,教育部组编,每年更新,高等教育出版社,,公共课已匹配
公共管理学院,工程管理,第8学期,3143009003,中国近现代史纲要3484262马院OutlineofModernChineseHistory,2,必修,中国近现代史纲要（2023年版）,本书编写组,2023年版,高等教育出版社,,公共课已匹配
公共管理学院,工程管理,第8学期,314300001007,马克思主义基本原理3484263马院BasicKnowledgeofMarxism,3,必修,马克思主义基本原理（2023年版）,本书编写组,2023年版,高等教育出版社,,公共课已匹配
公共管理学院,工程管理,第8学期,314300001008,BasicTheoryofMaoZedongThought3484084马院,4,必修,,,,,,待查教学大纲（专业课）
公共管理学院,工程管理,第8学期,314300001009,BasicTheoryofXiJinpingThought3484084马院,4,必修,,,,,,待查教学大纲（专业课）
公共管理学院,工程管理,8,,体育类课程必修，实行选项制，一、二年级要求每学期修满1,,必修类别,大学体育（教材）,本校编,最新版,校本教材,,公共课已匹配
公共管理学院,工程管理,8,,体育类课程教学详见《华中农业大学体育教学改革实施方案》。,,必修类别,大学体育（教材）,本校编,最新版,校本教材,,公共课已匹配
公共管理学院,工程管理,第8学期,307300007045,工程基础116162工学FoundationforEngineering,2,必修,,,,,,待查教学大纲（专业课）
公共管理学院,工程管理,第8学期,9093009904,军事理论本科232321MilitaryTheory生院,1,必修,军事理论课教程,教育部军委国防动员部,2023版,高等教育出版社,,公共课已匹配
公共管理学院,工程管理,第8学期,3113009824,写作与沟通116161/2文法WritingandCommunication,2,必修,写作与沟通,马工程/本校编,最新版,高等教育出版社,,公共课已匹配
公共管理学院,工程管理,第8学期,202300006005,本科PsychologicalDevelopmentand116162生院GuidanceofCollegeStudents,2,必修,,,,,,待查教学大纲（专业课）
公共管理学院,工程管理,第8学期,9093009774,本科InnovationandEntrepreneurship116161生院FoundationsforUndergraduates,1,必修,,,,,,待查教学大纲（专业课）
公共管理学院,工程管理,第8学期,315300006004,WisdomInheritanceandInnovative116161公管,1,必修,,,,,,待查教学大纲（专业课）
公共管理学院,工程管理,第8学期,315300006005,学科经典著作选读116165公管SelectedReadingsinClassics,5,必修,,,,,,待查教学大纲（专业课）
公共管理学院,工程管理,第8学期,310300001018,微积分B（一）464641信息CalculusB（Ⅰ）,1,必修,高等数学（第七版·上/下册）,同济大学数学系,第7版,高等教育出版社,,公共课已匹配
公共管理学院,工程管理,第8学期,310300001033,微积分B（二）464642信息CalculusB（Ⅱ）,2,必修,高等数学（第七版·上/下册）,同济大学数学系,第7版,高等教育出版社,,公共课已匹配
公共管理学院,工程管理,第8学期,310300001024,线性代数A348482信息LinearAlgebraA,2,必修,线性代数（第六版）,同济大学数学系,第6版,高等教育出版社,9787040396632,公共课已匹配
公共管理学院,工程管理,第8学期,310300001022,概率论与数理统计B348483信息ProbabilityandStatisticsB,3,必修,概率论与数理统计（第五版）,盛骤 谢式千,第5版,高等教育出版社,9787040384876,公共课已匹配
公共管理学院,工程管理,第8学期,3103000143,运筹学B232323信息OperationalResearch,3,必修,,,,,,待查教学大纲（专业课）
公共管理学院,工程管理,第8学期,315300007194,StatisticalAnalysisMethods23216165公管,5,必修,,,,,,待查教学大纲（专业课）
公共管理学院,工程管理,第8学期,317300001008,人工智能应用基础232321信息FundamentalsofAIApplications,1,必修,人工智能基础（通识）,大学计算机课程教指委,最新版,高等教育出版社,,公共课已匹配
公共管理学院,工程管理,第8学期,317300001009,ExperimentsofAI130301信息,1,必修,,,,,,待查教学大纲（专业课）
公共管理学院,工程管理,第8学期,315300007158,人工智能赋能管理实践116165公管AI-EnabledManagementPractice,5,必修,,,,,,待查教学大纲（专业课）
公共管理学院,工程管理,第8学期,315300007169,数字化平台与Web开发116164公管DigitalPlatformsandWebDevelopment,4,必修,,,,,,待查教学大纲（专业课）
公共管理学院,工程管理,第8学期,315300007170,ExperimentsofDigitalPlatforms130304公管,4,必修,,,,,,待查教学大纲（专业课）
公共管理学院,工程管理,第8学期,3173009117,C++语言程序设计24024163信息C++ProgrammingLanguage,3,必修,,,,,,待查教学大纲（专业课）
公共管理学院,工程管理,第8学期,317300007004,计算机网络B36040205信息ComputerNetworkB,5,必修,,,,,,待查教学大纲（专业课）
公共管理学院,工程管理,第8学期,315300007171,MachineLearning116166公管,6,必修,,,,,,待查教学大纲（专业课）
公共管理学院,工程管理,第8学期,315300009031,ExperimentsofMachineLearning130306公管,6,必修,,,,,,待查教学大纲（专业课）
公共管理学院,工程管理,第8学期,315300007172,数据挖掘与大数据分析348485公管DataMiningandBigDataAnalytics,5,必修,,,,,,待查教学大纲（专业课）
公共管理学院,工程管理,第8学期,317300007010,数据结构B36040204信息DataStructureB,4,必修,,,,,,待查教学大纲（专业课）
公共管理学院,工程管理,第8学期,315300007222,管理学原理232321公管PrinciplesofManagement,1,必修,,,,,,待查教学大纲（专业课）
公共管理学院,工程管理,第8学期,315300007217,经济学原理348482公管PrincipleofEconomics,2,必修,,,,,,待查教学大纲（专业课）
公共管理学院,工程管理,第8学期,315300007221,管理思想史232322公管HistoryofManagementThought,2,必修,,,,,,待查教学大纲（专业课）
公共管理学院,工程管理,第8学期,315300007173,ManagementInformation4645683公管,3,必修,,,,,,待查教学大纲（专业课）
公共管理学院,工程管理,第8学期,315300007174,数据库理论与技术34828203公管TheoryandTechnologyofDatabase,3,必修,,,,,,待查教学大纲（专业课）
公共管理学院,工程管理,第8学期,315300008028,DatabaseTheoryand11周1周4公管,4,必修,,,,,,待查教学大纲（专业课）
公共管理学院,工程管理,第8学期,315300007175,InformationResourceManagement464644公管,4,必修,,,,,,待查教学大纲（专业课）
公共管理学院,工程管理,第8学期,315300007176,InformationSystemAnalysis34832165公管,5,必修,,,,,,待查教学大纲（专业课）
公共管理学院,工程管理,第8学期,315300008029,InformationSystemAnalysis11周1周6公管,6,必修,,,,,,待查教学大纲（专业课）
公共管理学院,工程管理,第8学期,315300007177,IT项目管理2322485公管ITProjectManagement,5,必修,,,,,,待查教学大纲（专业课）
公共管理学院,工程管理,第8学期,315300008030,IT项目管理课程实习11周1周6公管ITProjectManagementPracticum,6,必修,,,,,,待查教学大纲（专业课）
公共管理学院,工程管理,第8学期,315300007178,信息安全与保密34828206公管InformationSecurityandSecrecy,6,必修,,,,,,待查教学大纲（专业课）
公共管理学院,工程管理,第8学期,315300008031,InformationSecurityand11周1周6公管,6,必修,,,,,,待查教学大纲（专业课）
公共管理学院,工程管理,第8学期,317300007024,Java程序设计24424204信息JavaProgramming,4,必修,,,,,,待查教学大纲（专业课）
公共管理学院,工程管理,第8学期,317300007008,操作系统B36040206信息OperatingSystemB,6,必修,,,,,,待查教学大纲（专业课）
公共管理学院,工程管理,第8学期,315300007180,PrinciplesandMethodsof23216164公管,4,必修,,,,,,待查教学大纲（专业课）
公共管理学院,工程管理,第8学期,315300007098,数字图像处理技术232323公管DigitalImageProcessingTechnology,3,必修,,,,,,待查教学大纲（专业课）
公共管理学院,工程管理,第8学期,315300007101,SubjectFrontierofInformation116165公管,5,必修,,,,,,待查教学大纲（专业课）
公共管理学院,工程管理,第8学期,315300007181,空间信息系统2322486公管SpatialInformationSystem,6,必修,,,,,,待查教学大纲（专业课）
公共管理学院,工程管理,第8学期,315300007179,IoTTechnologiesand116167公管,7,必修,,,,,,待查教学大纲（专业课）
公共管理学院,工程管理,第8学期,315300003008,AgriculturalKnowledgeand232326公管,6,必修,,,,,,待查教学大纲（专业课）
公共管理学院,工程管理,第8学期,315300007182,自然语言处理232326公管NaturalLanguageProcessing,6,必修,,,,,,待查教学大纲（专业课）
公共管理学院,工程管理,第8学期,315300007183,数据可视化23216165公管DataVisualization,5,必修,,,,,,待查教学大纲（专业课）
公共管理学院,工程管理,第8学期,315300007102,信息经济学A232322公管InformationEconomicsA,2,必修,,,,,,待查教学大纲（专业课）
公共管理学院,工程管理,第8学期,315300007184,定量信息科学理论与应用232325公管Informetrics,5,必修,,,,,,待查教学大纲（专业课）
公共管理学院,工程管理,第8学期,315300007185,KnowledgeEngineeringand232325公管,5,必修,,,,,,待查教学大纲（专业课）
公共管理学院,工程管理,第8学期,315300007143,社会统计与R语言348484公管ExperimentofSocialStatisticsandR,4,必修,,,,,,待查教学大纲（专业课）
公共管理学院,工程管理,第8学期,317300007094,数学建模及其实验2.54832164信息ExperimentofMathematicalModeling,4,必修,,,,,,待查教学大纲（专业课）
公共管理学院,工程管理,第8学期,3063009404,土地数据分析与建模232325公管LandDataAnalysis&Modeling,5,必修,,,,,,待查教学大纲（专业课）
公共管理学院,工程管理,第8学期,3103009181,最优化理论与方法348485信息OptimizationTheoryandMethods,5,必修,,,,,,待查教学大纲（专业课）
公共管理学院,工程管理,第8学期,315300007188,智慧政府2326公管SmartGovernment,6,必修,,,,,,待查教学大纲（专业课）
公共管理学院,工程管理,第8学期,315300007189,数字公共治理1166公管DigitalPublicGovernance,6,必修,,,,,,待查教学大纲（专业课）
公共管理学院,工程管理,第8学期,315300007190,网络舆情管理2327公管InternetPublicOpinionManagement,7,必修,,,,,,待查教学大纲（专业课）
公共管理学院,工程管理,第8学期,315300007191,DigitalBusinessManagement34830185公管,5,必修,,,,,,待查教学大纲（专业课）
公共管理学院,工程管理,第8学期,3153009238,经济社会系统仿真232325公管EconomicandSocialSystemSimulation,5,必修,,,,,,待查教学大纲（专业课）
公共管理学院,工程管理,第8学期,315300007192,信息服务与用户行为232326公管InformationServicesandUserBehavior,6,必修,,,,,,待查教学大纲（专业课）
公共管理学院,工程管理,第8学期,315300007193,EnterpriseOperation23216166公管,6,必修,,,,,,待查教学大纲（专业课）
公共管理学院,工程管理,第8学期,3063009445,领导力开发232322经管LeadershipDevelopment,2,必修,,,,,,待查教学大纲（专业课）
公共管理学院,工程管理,第8学期,3063009190,商务谈判232322经管BusinessNegotiation,2,必修,,,,,,待查教学大纲（专业课）
公共管理学院,工程管理,第8学期,306300007002,会计学348484经管Accounting,4,必修,,,,,,待查教学大纲（专业课）
公共管理学院,工程管理,第8学期,3153009227,组织行为学B232323公管OrganizationalBehaviorB,3,必修,,,,,,待查教学大纲（专业课）
公共管理学院,工程管理,第8学期,3063000184,LogisticsandSupply232325经管,5,必修,,,,,,待查教学大纲（专业课）
公共管理学院,工程管理,第8学期,3063009116,财务管理B348486经管FinancialManagementB,6,必修,,,,,,待查教学大纲（专业课）
公共管理学院,工程管理,第8学期,315300007158,新时代乡村治理232324公管Ruralgovernanceinthenewera,4,必修,,,,,,待查教学大纲（专业课）
公共管理学院,工程管理,第8学期,9093009905,军事技能本科231Militaryskills生院,1,必修,军事训练教程,教育部军委国防动员部,2023版,高等教育出版社,,公共课已匹配
公共管理学院,工程管理,第8学期,9093009906,本科Innovationand11-7生院EntrepreneurshipPractice,7,必修,,,,,,待查教学大纲（专业课）
公共管理学院,工程管理,第8学期,202300008001,本科ThePracticeofMentalHealth1302生院PromotionforUndergraduates,2,必修,,,,,,待查教学大纲（专业课）
公共管理学院,工程管理,第8学期,3143009105,实践SituationandPolicy1303-8马院,8,必修,,,,,,待查教学大纲（专业课）
公共管理学院,工程管理,第8学期,9093009903,社会实践114团委SocialPractice,4,必修,,,,,,待查教学大纲（专业课）
公共管理学院,工程管理,第8学期,110300008001,志愿服务1301-7团委VolunteerService,7,必修,,,,,,待查教学大纲（专业课）
公共管理学院,工程管理,第8学期,110300008002,美育实践1-7团委AestheticPractice,7,必修,,,,,,待查教学大纲（专业课）
公共管理学院,工程管理,第8学期,315300007085,学术道德规范教育187公管AcademicalMoralEducation,7,必修,,,,,,待查教学大纲（专业课）
公共管理学院,工程管理,第8学期,315300008032,AgriculturalEnterpriseERP115公管,5,必修,,,,,,待查教学大纲（专业课）
公共管理学院,工程管理,第8学期,315300008033,DigitalPlatformDesign114公管,4,必修,,,,,,待查教学大纲（专业课）
公共管理学院,工程管理,第8学期,315300008034,GraduationThesis6127-8公管,8,必修,,,,,,待查教学大纲（专业课）
公共管理学院,工程管理,第8学期,3153009930,教学实习246公管学年暑假SubjectPractice专业进行,6,必修,,,,,,待查教学大纲（专业课）
公共管理学院,工程管理,第8学期,3153009931,毕业实习248公管必修，第四SubjectPractice学年进行,8,必修,,,,,,待查教学大纲（专业课）
公共管理学院,信息管理与信息系统,第1学期,314300001006,思想道德与法治,3,必修,思想道德与法治（2023年版）,本书编写组,2023年版,高等教育出版社,,公共课已匹配
公共管理学院,信息管理与信息系统,第1学期,3143009104,形势与政策（一）,1,必修,形势与政策（最新版）,教育部组编,每年更新,高等教育出版社,,公共课已匹配
公共管理学院,信息管理与信息系统,第1学期,310300001018,微积分B（一）,4,必修,高等数学（第七版·上/下册）,同济大学数学系,第7版,高等教育出版社,,公共课已匹配
公共管理学院,信息管理与信息系统,第1学期,317300001008,人工智能应用基础,2,必修,人工智能基础（通识）,大学计算机课程教指委,最新版,高等教育出版社,,公共课已匹配
公共管理学院,信息管理与信息系统,第1学期,317300001009,人工智能应用基础实验,1,必修,人工智能基础（通识）,大学计算机课程教指委,最新版,高等教育出版社,,公共课已匹配
公共管理学院,信息管理与信息系统,第1学期,9093009904,军事理论,2,必修,军事理论课教程,教育部军委国防动员部,2023版,高等教育出版社,,公共课已匹配
公共管理学院,信息管理与信息系统,第1学期,9093009774,大学生创新创业基础,1,必修,大学生创新创业基础,本校编,最新版,高等教育出版社,,公共课已匹配
公共管理学院,信息管理与信息系统,第1学期,315300007222,管理学原理,2,必修,,,,,,待查教学大纲（专业课）
公共管理学院,信息管理与信息系统,第1学期,9093009905,军事技能,1,必修,军事训练教程,教育部军委国防动员部,2023版,高等教育出版社,,公共课已匹配
公共管理学院,信息管理与信息系统,第1学期,3113009824,写作与沟通,1,必修,写作与沟通,马工程/本校编,最新版,高等教育出版社,,公共课已匹配
公共管理学院,信息管理与信息系统,第1学期,315300006004,管理的智慧传承与创新实践,1,必修,,,,,,待查教学大纲（专业课）
公共管理学院,信息管理与信息系统,1,,外语类课程,,必修类别,新视野大学英语（第三版·读写教程）,郑树棠,第3版,外语教学与研究出版社,,公共课已匹配
公共管理学院,信息管理与信息系统,1,,体育类课程,,必修类别,大学体育（教材）,本校编,最新版,校本教材,,公共课已匹配
公共管理学院,信息管理与信息系统,第2学期,3143009003,中国近现代史纲要,3,必修,中国近现代史纲要（2023年版）,本书编写组,2023年版,高等教育出版社,,公共课已匹配
公共管理学院,信息管理与信息系统,第2学期,310300001033,微积分B（二）,4,必修,高等数学（第七版·上/下册）,同济大学数学系,第7版,高等教育出版社,,公共课已匹配
公共管理学院,信息管理与信息系统,第2学期,315300007217,经济学原理,3,必修,,,,,,待查教学大纲（专业课）
公共管理学院,信息管理与信息系统,第2学期,310300001024,线性代数A,3,必修,线性代数（第六版）,同济大学数学系,第6版,高等教育出版社,9787040396632,公共课已匹配
公共管理学院,信息管理与信息系统,第2学期,202300008001,大学生心理素质拓展,1,必修,大学生心理健康教育,郑日昌,最新版,高等教育出版社,,公共课已匹配
公共管理学院,信息管理与信息系统,第2学期,307300007045,工程基础,1,必修,,,,,,待查教学大纲（专业课）
公共管理学院,信息管理与信息系统,第2学期,202300006005,大学生心理发展与指导,2,必修,大学生心理健康教育,郑日昌,最新版,高等教育出版社,,公共课已匹配
公共管理学院,信息管理与信息系统,第2学期,315300007221,管理思想史,2,必修,,,,,,待查教学大纲（专业课）
公共管理学院,信息管理与信息系统,2,,外语类课程,,必修类别,新视野大学英语（第三版·读写教程）,郑树棠,第3版,外语教学与研究出版社,,公共课已匹配
公共管理学院,信息管理与信息系统,2,,体育类课程,,必修类别,大学体育（教材）,本校编,最新版,校本教材,,公共课已匹配
公共管理学院,信息管理与信息系统,第3学期,314300001007,马克思主义基本原理,3,必修,马克思主义基本原理（2023年版）,本书编写组,2023年版,高等教育出版社,,公共课已匹配
公共管理学院,信息管理与信息系统,第3学期,310300001022,概率论与数理统计B,3,必修,概率论与数理统计（第五版）,盛骤 谢式千,第5版,高等教育出版社,9787040384876,公共课已匹配
公共管理学院,信息管理与信息系统,第3学期,315300007174,数据库理论与技术,3,必修,,,,,,待查教学大纲（专业课）
公共管理学院,信息管理与信息系统,第3学期,315300007173,管理信息系统与ERP,4,必修,,,,,,待查教学大纲（专业课）
公共管理学院,信息管理与信息系统,第3学期,3173009117,C++语言程序设计,2,必修,,,,,,待查教学大纲（专业课）
公共管理学院,信息管理与信息系统,第3学期,3103000143,运筹学B,2,必修,,,,,,待查教学大纲（专业课）
公共管理学院,信息管理与信息系统,3,,外语类课程,,必修类别,新视野大学英语（第三版·读写教程）,郑树棠,第3版,外语教学与研究出版社,,公共课已匹配
公共管理学院,信息管理与信息系统,3,,体育类课程,,必修类别,大学体育（教材）,本校编,最新版,校本教材,,公共课已匹配
公共管理学院,信息管理与信息系统,第4学期,314300001008,毛泽东思想和中国特色3社会主义理论体系概论,3,必修,毛泽东思想和中国特色社会主义理论体系概论（2023年版）,本书编写组,2023年版,高等教育出版社,,公共课已匹配
公共管理学院,信息管理与信息系统,第4学期,314300001009,习近平新时代中国特色3社会主义思想概论,3,必修,习近平新时代中国特色社会主义思想概论（2023年版）,本书编写组,2023年版,高等教育出版社,,公共课已匹配
公共管理学院,信息管理与信息系统,第4学期,315300007169,数字化平台与Web开发,1,必修,,,,,,待查教学大纲（专业课）
公共管理学院,信息管理与信息系统,第4学期,315300007170,数字化平台与Web开发实验,1,必修,,,,,,待查教学大纲（专业课）
公共管理学院,信息管理与信息系统,第4学期,315300008033,数字化平台设计与开发实践,1,必修,,,,,,待查教学大纲（专业课）
公共管理学院,信息管理与信息系统,第4学期,317300007010,数据结构B,3,必修,,,,,,待查教学大纲（专业课）
公共管理学院,信息管理与信息系统,第4学期,315300008028,数据库理论与技术课程实习,1,必修,,,,,,待查教学大纲（专业课）
公共管理学院,信息管理与信息系统,第4学期,315300007175,信息资源管理与信息检索,4,必修,,,,,,待查教学大纲（专业课）
公共管理学院,信息管理与信息系统,第4学期,9093009903,社会实践,1,必修,,,,,,待查教学大纲（专业课）
公共管理学院,信息管理与信息系统,4,,外语类课程,,必修类别,新视野大学英语（第三版·读写教程）,郑树棠,第3版,外语教学与研究出版社,,公共课已匹配
公共管理学院,信息管理与信息系统,4,,体育类课程,,必修类别,大学体育（教材）,本校编,最新版,校本教材,,公共课已匹配
公共管理学院,信息管理与信息系统,第5学期,317300007004,计算机网络B,3,必修,,,,,,待查教学大纲（专业课）
公共管理学院,信息管理与信息系统,第5学期,315300007176,信息系统分析与设计,3,必修,,,,,,待查教学大纲（专业课）
公共管理学院,信息管理与信息系统,第5学期,315300007172,数据挖掘与大数据分析,3,必修,,,,,,待查教学大纲（专业课）
公共管理学院,信息管理与信息系统,第5学期,315300007177,IT项目管理,2,必修,,,,,,待查教学大纲（专业课）
公共管理学院,信息管理与信息系统,第5学期,315300008032,农业企业ERP信息化实训,1,必修,,,,,,待查教学大纲（专业课）
公共管理学院,信息管理与信息系统,第5学期,315300007158,人工智能赋能管理实践,1,必修,,,,,,待查教学大纲（专业课）
公共管理学院,信息管理与信息系统,第5学期,315300007194,统计分析方法与应用,2,必修,,,,,,待查教学大纲（专业课）
公共管理学院,信息管理与信息系统,第5学期,315300006005,学科经典著作选读,1,必修,,,,,,待查教学大纲（专业课）
公共管理学院,信息管理与信息系统,第6学期,315300007178,信息安全与保密,3,必修,,,,,,待查教学大纲（专业课）
公共管理学院,信息管理与信息系统,第6学期,315300008031,信息安全与保密课程实习,1,必修,,,,,,待查教学大纲（专业课）
公共管理学院,信息管理与信息系统,第6学期,315300007171,机器学习管理应用A,1,必修,,,,,,待查教学大纲（专业课）
公共管理学院,信息管理与信息系统,第6学期,315300009031,机器学习管理应用A实验,1,必修,,,,,,待查教学大纲（专业课）
公共管理学院,信息管理与信息系统,第6学期,315300008030,IT项目管理课程实习11周,1,必修,,,,,,待查教学大纲（专业课）
公共管理学院,信息管理与信息系统,第6学期,3153009930,教学实习24周，暑假进行,4,必修,,,,,,待查教学大纲（专业课）
公共管理学院,信息管理与信息系统,第6学期,315300008029,信息系统分析与设计课程实习11周,1,必修,,,,,,待查教学大纲（专业课）
公共管理学院,信息管理与信息系统,6,,通识课程,,选修类别,,,,,,待查教学大纲（专业课）
公共管理学院,信息管理与信息系统,第7学期,315300007085,学术道德规范教育1讲座,1,必修,,,,,,待查教学大纲（专业课）
公共管理学院,信息管理与信息系统,7,,通识课程,,选修类别,,,,,,待查教学大纲（专业课）
公共管理学院,信息管理与信息系统,第8学期,3153009931,毕业实习24周,4,必修,,,,,,待查教学大纲（专业课）
公共管理学院,信息管理与信息系统,第8学期,3153009932,毕业论文612周,12,必修,,,,,,待查教学大纲（专业课）
公共管理学院,信息管理与信息系统,第8学期,3143009105,形势与政策（二）,1,必修,形势与政策（最新版）,教育部组编,每年更新,高等教育出版社,,公共课已匹配
公共管理学院,信息管理与信息系统,第8学期,3143009104,形势与政策（一）116161-2马院SituationandPolicyEducation(Ⅰ),2,必修,形势与政策（最新版）,教育部组编,每年更新,高等教育出版社,,公共课已匹配
公共管理学院,信息管理与信息系统,第8学期,314300001006,思想道德与法治3484261马院IdeologyMoralityandRuleofLaw,1,必修,思想道德与法治（2023年版）,本书编写组,2023年版,高等教育出版社,,公共课已匹配
公共管理学院,信息管理与信息系统,第8学期,3143009003,中国近现代史纲要3484262马院OutlineofModernChineseHistory,2,必修,中国近现代史纲要（2023年版）,本书编写组,2023年版,高等教育出版社,,公共课已匹配
公共管理学院,信息管理与信息系统,第8学期,314300001007,马克思主义基本原理3484263马院BasicKnowledgeofMarxism,3,必修,马克思主义基本原理（2023年版）,本书编写组,2023年版,高等教育出版社,,公共课已匹配
公共管理学院,信息管理与信息系统,第8学期,314300001008,BasicTheoryofMaoZedongThought3484084马院,4,必修,,,,,,待查教学大纲（专业课）
公共管理学院,信息管理与信息系统,第8学期,314300001009,BasicTheoryofXiJinpingThought3484084马院,4,必修,,,,,,待查教学大纲（专业课）
公共管理学院,信息管理与信息系统,8,,体育类课程必修，实行选项制，一、二年级要求每学期修满1,,必修类别,大学体育（教材）,本校编,最新版,校本教材,,公共课已匹配
公共管理学院,信息管理与信息系统,8,,体育类课程教学详见《华中农业大学体育教学改革实施方案》。,,必修类别,大学体育（教材）,本校编,最新版,校本教材,,公共课已匹配
公共管理学院,信息管理与信息系统,第8学期,307300007045,工程基础116162工学FoundationforEngineering,2,必修,,,,,,待查教学大纲（专业课）
公共管理学院,信息管理与信息系统,第8学期,9093009904,军事理论本科232321MilitaryTheory生院,1,必修,军事理论课教程,教育部军委国防动员部,2023版,高等教育出版社,,公共课已匹配
公共管理学院,信息管理与信息系统,第8学期,3113009824,写作与沟通116161/2文法WritingandCommunication,2,必修,写作与沟通,马工程/本校编,最新版,高等教育出版社,,公共课已匹配
公共管理学院,信息管理与信息系统,第8学期,202300006005,本科PsychologicalDevelopmentand116162生院GuidanceofCollegeStudents,2,必修,,,,,,待查教学大纲（专业课）
公共管理学院,信息管理与信息系统,第8学期,9093009774,本科InnovationandEntrepreneurship116161生院FoundationsforUndergraduates,1,必修,,,,,,待查教学大纲（专业课）
公共管理学院,信息管理与信息系统,第8学期,315300006004,WisdomInheritanceandInnovative116161公管,1,必修,,,,,,待查教学大纲（专业课）
公共管理学院,信息管理与信息系统,第8学期,315300006005,SelectedReadingsofClassical116165公管,5,必修,,,,,,待查教学大纲（专业课）
公共管理学院,信息管理与信息系统,第8学期,310300001018,微积分B（一）4646401信息Calculus（Ⅰ）,1,必修,高等数学（第七版·上/下册）,同济大学数学系,第7版,高等教育出版社,,公共课已匹配
公共管理学院,信息管理与信息系统,第8学期,310300001033,微积分B（二）4646402信息Calculus（Ⅱ）,2,必修,高等数学（第七版·上/下册）,同济大学数学系,第7版,高等教育出版社,,公共课已匹配
公共管理学院,信息管理与信息系统,第8学期,310300001026,线性代数与线性规划464643信息LinearAlgebraandLinearPlan,3,必修,线性代数（第六版）,同济大学数学系,第6版,高等教育出版社,9787040396632,公共课已匹配
公共管理学院,信息管理与信息系统,第8学期,310300001022,概率论与数理统计B3484803信息ProbabilityandStatisticsB,3,必修,概率论与数理统计（第五版）,盛骤 谢式千,第5版,高等教育出版社,9787040384876,公共课已匹配
公共管理学院,信息管理与信息系统,第8学期,317300001008,FundamentalsofArtificial232321信息,1,必修,,,,,,待查教学大纲（专业课）
公共管理学院,信息管理与信息系统,第8学期,317300001009,ExperimentsontheFundamentalsof130301信息,1,必修,,,,,,待查教学大纲（专业课）
公共管理学院,信息管理与信息系统,第8学期,315300007220,智慧国土专题116164公管Smartterritory,4,必修,,,,,,待查教学大纲（专业课）
公共管理学院,信息管理与信息系统,第8学期,315300007245,数字测量学B116163公管DigitalSurveyingB,3,必修,,,,,,待查教学大纲（专业课）
公共管理学院,信息管理与信息系统,第8学期,315300009036,数字测量学实验130303公管Experimentofdigitalsurveying,3,必修,,,,,,待查教学大纲（专业课）
公共管理学院,信息管理与信息系统,第8学期,315300007223,公共政策分析和评估232323公管AnalysisandAssessmentofPublicPolicy,3,必修,,,,,,待查教学大纲（专业课）
公共管理学院,信息管理与信息系统,第8学期,315300007186,管理学研究方法232323公管ResearchMethodsinManagement,3,必修,,,,,,待查教学大纲（专业课）
公共管理学院,信息管理与信息系统,第8学期,315300007143,社会统计与R语言348484公管SocialStatisticsandtheRLanguage,4,必修,,,,,,待查教学大纲（专业课）
公共管理学院,信息管理与信息系统,第8学期,315300007224,土地资源遥感232324公管RemoteSensingofLandResources,4,必修,,,,,,待查教学大纲（专业课）
公共管理学院,信息管理与信息系统,第8学期,315300007038,土地法学232326公管LandLaws,6,必修,,,,,,待查教学大纲（专业课）
公共管理学院,信息管理与信息系统,第8学期,315300007222,管理学原理232321公管PrinciplesofManagement,1,必修,,,,,,待查教学大纲（专业课）
公共管理学院,信息管理与信息系统,第8学期,315300007187,经济学原理B464642公管PrinciplesofEconomicsB,2,必修,,,,,,待查教学大纲（专业课）
公共管理学院,信息管理与信息系统,第8学期,315300007146,公共管理学348482公管PrinciplesofPublicManagement,2,必修,,,,,,待查教学大纲（专业课）
公共管理学院,信息管理与信息系统,第8学期,315300007221,管理思想史232322公管HistoryofManagementThought,2,必修,,,,,,待查教学大纲（专业课）
公共管理学院,信息管理与信息系统,第8学期,315300007225,土地信息系统348484公管LandInformationSystem,4,必修,,,,,,待查教学大纲（专业课）
公共管理学院,信息管理与信息系统,第8学期,315300009029,土地信息系统实验130304公管ExperimentofLandInformationSystem,4,必修,,,,,,待查教学大纲（专业课）
公共管理学院,信息管理与信息系统,第8学期,315300007226,生态经济学348485公管EcologicalEconomics,5,必修,,,,,,待查教学大纲（专业课）
公共管理学院,信息管理与信息系统,第8学期,315300007227,土地资源学348485公管LandResourceSciences,5,必修,,,,,,待查教学大纲（专业课）
公共管理学院,信息管理与信息系统,第8学期,315300009001,土地管理学A348485公管LandManagementA,5,必修,,,,,,待查教学大纲（专业课）
公共管理学院,信息管理与信息系统,第8学期,315300007029,土地管理学A实验130305公管ExperimentofLandManagementA,5,必修,,,,,,待查教学大纲（专业课）
公共管理学院,信息管理与信息系统,第8学期,315300007041,不动产估价232325公管RealEstateAppraisal,5,必修,,,,,,待查教学大纲（专业课）
公共管理学院,信息管理与信息系统,第8学期,315300009032,不动产估价实验130305公管ExperimentofRealEstateAppraisal,5,必修,,,,,,待查教学大纲（专业课）
公共管理学院,信息管理与信息系统,第8学期,3063009250,土地经济学348485公管LandEconomics,5,必修,,,,,,待查教学大纲（专业课）
公共管理学院,信息管理与信息系统,第8学期,315300007228,国土空间规划348486公管LandSpatialPlanning,6,必修,,,,,,待查教学大纲（专业课）
公共管理学院,信息管理与信息系统,第8学期,315300007247,国土空间规划实验130306公管ExperimentofLandSpatialPlanning,6,必修,,,,,,待查教学大纲（专业课）
公共管理学院,信息管理与信息系统,第8学期,315300007229,中国土地制度232326公管China’sLandTenureSystem,6,必修,,,,,,待查教学大纲（专业课）
公共管理学院,信息管理与信息系统,第8学期,315300007230,土地政策模拟与评估232327公管LandPolicyScience,7,必修,,,,,,待查教学大纲（专业课）
公共管理学院,信息管理与信息系统,第8学期,315300007231,资源与环境经济学232326公管Environmental&ResourceEconomics,6,必修,,,,,,待查教学大纲（专业课）
公共管理学院,信息管理与信息系统,第8学期,315300007232,城市与区域经济学232324公管CityandRegionalEconomics,4,必修,,,,,,待查教学大纲（专业课）
公共管理学院,信息管理与信息系统,第8学期,315300007233,住房经济学与公共政策232327公管HousingEconomicsandPublicPolicy,7,必修,,,,,,待查教学大纲（专业课）
公共管理学院,信息管理与信息系统,第8学期,3063009289,经济地理学232325公管EconomicGeography,5,必修,,,,,,待查教学大纲（专业课）
公共管理学院,信息管理与信息系统,第8学期,315300007234,自然地理学232324公管Physicalgeography,4,必修,,,,,,待查教学大纲（专业课）
公共管理学院,信息管理与信息系统,第8学期,315300007235,城乡规划原理232324公管PrinciplesofUrban-ruralPlanning,4,必修,,,,,,待查教学大纲（专业课）
公共管理学院,信息管理与信息系统,第8学期,315300007236,全域土地综合整治232326公管ComprehensiveLandConsolidation,6,必修,,,,,,待查教学大纲（专业课）
公共管理学院,信息管理与信息系统,第8学期,315300007237,国土空间生态修复116165公管LandSpatialEcologicalRestoration,5,必修,,,,,,待查教学大纲（专业课）
公共管理学院,信息管理与信息系统,第8学期,315300007212,城市更新导论116166公管IntroductiontoUrbanRenewal,6,必修,,,,,,待查教学大纲（专业课）
公共管理学院,信息管理与信息系统,第8学期,315300007040,农田水利232325公管Irrigation&Drainage,5,必修,,,,,,待查教学大纲（专业课）
公共管理学院,信息管理与信息系统,第8学期,305300007030,LandscapeEcologyand232324园林,4,必修,,,,,,待查教学大纲（专业课）
公共管理学院,信息管理与信息系统,第8学期,315300007239,建筑制图与识图116167公管ArchitecturalDrawing&Identification,7,必修,,,,,,待查教学大纲（专业课）
公共管理学院,信息管理与信息系统,第8学期,315300009034,ExperimentofArchitectural130307公管,7,必修,,,,,,待查教学大纲（专业课）
公共管理学院,信息管理与信息系统,第8学期,315300007240,地图学116164公管Cartography,4,必修,,,,,,待查教学大纲（专业课）
公共管理学院,信息管理与信息系统,第8学期,315300009035,地图学实验130304公管ExperimentofCartography,4,必修,,,,,,待查教学大纲（专业课）
公共管理学院,信息管理与信息系统,第8学期,315300007238,国土空间监测116165公管LandSpatialMonitoring,5,必修,,,,,,待查教学大纲（专业课）
公共管理学院,信息管理与信息系统,第8学期,315300007244,国土空间监测实验130305公管ExperimentonLandSpatialMonitoring,5,必修,,,,,,待查教学大纲（专业课）
公共管理学院,信息管理与信息系统,第8学期,3063009404,土地数据分析与建模232325公管LandDataAnalysis&Modeling,5,必修,,,,,,待查教学大纲（专业课）
公共管理学院,信息管理与信息系统,第8学期,315300007241,无人机和低空经济应用116167公管UAVandLow-altitudeEconomy,7,必修,,,,,,待查教学大纲（专业课）
公共管理学院,信息管理与信息系统,第8学期,315300007242,TheDigitalTwinTechnologyand232327公管,7,必修,,,,,,待查教学大纲（专业课）
公共管理学院,信息管理与信息系统,第8学期,315300007049,可持续发展116166公管Sustainability,6,必修,,,,,,待查教学大纲（专业课）
公共管理学院,信息管理与信息系统,第8学期,315300007050,规划理论与实践116167公管PlanningTheory&Practices,7,必修,,,,,,待查教学大纲（专业课）
公共管理学院,信息管理与信息系统,第8学期,315300007243,SpatialGovernanceinthecontext116166公管,6,必修,,,,,,待查教学大纲（专业课）
公共管理学院,信息管理与信息系统,第8学期,9093009905,军事技能本科231Militaryskills生院,1,必修,军事训练教程,教育部军委国防动员部,2023版,高等教育出版社,,公共课已匹配
公共管理学院,信息管理与信息系统,第8学期,9093009906,本科Innovationand11-7生院EntrepreneurshipPractice,7,必修,,,,,,待查教学大纲（专业课）
公共管理学院,信息管理与信息系统,第8学期,202300008001,本科ThePracticeofMentalHealth1302生院PromotionforUndergraduates,2,必修,,,,,,待查教学大纲（专业课）
公共管理学院,信息管理与信息系统,第8学期,3143009105,实践形势与政策（二）1303-8马院SituationandPolicyEducation(II),8,必修,形势与政策（最新版）,教育部组编,每年更新,高等教育出版社,,公共课已匹配
公共管理学院,信息管理与信息系统,第8学期,9093009903,社会实践114团委SocialPractice,4,必修,,,,,,待查教学大纲（专业课）
公共管理学院,信息管理与信息系统,第8学期,110300008001,志愿服务1301-7团委VolunteerService,7,必修,,,,,,待查教学大纲（专业课）
公共管理学院,信息管理与信息系统,第8学期,110300008002,美育实践11-7团委AestheticPractice,7,必修,,,,,,待查教学大纲（专业课）
公共管理学院,信息管理与信息系统,第8学期,315300008043,ComprehensivePracticeof226公管第三学年进行LandResourceManagement,6,必修,,,,,,待查教学大纲（专业课）
公共管理学院,信息管理与信息系统,第8学期,3153009930,教学实习246公管第三学年专业SubjectPractice暑假进行,6,必修,,,,,,待查教学大纲（专业课）
公共管理学院,信息管理与信息系统,第8学期,3153009931,毕业实习248公管第四学年GraduationPractice进行,8,必修,,,,,,待查教学大纲（专业课）
公共管理学院,信息管理与信息系统,第8学期,315300008034,毕业论文（设计）6128公管GraduationPaperorDesign,8,必修,,,,,,待查教学大纲（专业课）
公共管理学院,土地资源管理,第1学期,317300001008,人工智能应用基础,2,必修,人工智能基础（通识）,大学计算机课程教指委,最新版,高等教育出版社,,公共课已匹配
公共管理学院,土地资源管理,第1学期,317300001009,人工智能应用基础实验,1,必修,人工智能基础（通识）,大学计算机课程教指委,最新版,高等教育出版社,,公共课已匹配
公共管理学院,土地资源管理,第1学期,314300001006,思想道德与法治,3,必修,思想道德与法治（2023年版）,本书编写组,2023年版,高等教育出版社,,公共课已匹配
公共管理学院,土地资源管理,第1学期,3143009104,形势与政策（一）,1,必修,形势与政策（最新版）,教育部组编,每年更新,高等教育出版社,,公共课已匹配
公共管理学院,土地资源管理,第1学期,310300001018,微积分B（一）,4,必修,高等数学（第七版·上/下册）,同济大学数学系,第7版,高等教育出版社,,公共课已匹配
公共管理学院,土地资源管理,第1学期,315300007222,管理学原理,2,必修,,,,,,待查教学大纲（专业课）
公共管理学院,土地资源管理,第1学期,9093009905,军事技能,2,必修,军事训练教程,教育部军委国防动员部,2023版,高等教育出版社,,公共课已匹配
公共管理学院,土地资源管理,第1学期,9093009904,军事理论,2,必修,军事理论课教程,教育部军委国防动员部,2023版,高等教育出版社,,公共课已匹配
公共管理学院,土地资源管理,第1学期,9093009774,大学生创新创业基础,1,必修,大学生创新创业基础,本校编,最新版,高等教育出版社,,公共课已匹配
公共管理学院,土地资源管理,第1学期,315300006004,管理的智慧传承与创新实践,1,必修,,,,,,待查教学大纲（专业课）
公共管理学院,土地资源管理,1,,外语类课程,,必修类别,新视野大学英语（第三版·读写教程）,郑树棠,第3版,外语教学与研究出版社,,公共课已匹配
公共管理学院,土地资源管理,1,,体育类课程,,必修类别,大学体育（教材）,本校编,最新版,校本教材,,公共课已匹配
公共管理学院,土地资源管理,第2学期,3143009003,中国近现代史纲要,3,必修,中国近现代史纲要（2023年版）,本书编写组,2023年版,高等教育出版社,,公共课已匹配
公共管理学院,土地资源管理,第2学期,307300007045,工程基础,1,必修,,,,,,待查教学大纲（专业课）
公共管理学院,土地资源管理,第2学期,315300007187,经济学原理B,4,必修,,,,,,待查教学大纲（专业课）
公共管理学院,土地资源管理,第2学期,310300001033,微积分B（二）,4,必修,高等数学（第七版·上/下册）,同济大学数学系,第7版,高等教育出版社,,公共课已匹配
公共管理学院,土地资源管理,第2学期,202300006005,大学生心理发展与指导,1,必修,大学生心理健康教育,郑日昌,最新版,高等教育出版社,,公共课已匹配
公共管理学院,土地资源管理,第2学期,202300008001,大学生心理素质拓展,1,必修,大学生心理健康教育,郑日昌,最新版,高等教育出版社,,公共课已匹配
公共管理学院,土地资源管理,第2学期,3113009824,写作与沟通,1,必修,写作与沟通,马工程/本校编,最新版,高等教育出版社,,公共课已匹配
公共管理学院,土地资源管理,第2学期,315300007146,公共管理学,3,必修,,,,,,待查教学大纲（专业课）
公共管理学院,土地资源管理,第2学期,315300007221,管理思想史,2,必修,,,,,,待查教学大纲（专业课）
公共管理学院,土地资源管理,2,,外语类课程,,必修类别,新视野大学英语（第三版·读写教程）,郑树棠,第3版,外语教学与研究出版社,,公共课已匹配
公共管理学院,土地资源管理,2,,体育类课程,,必修类别,大学体育（教材）,本校编,最新版,校本教材,,公共课已匹配
公共管理学院,土地资源管理,第3学期,314300001007,马克思主义基本原理,3,必修,马克思主义基本原理（2023年版）,本书编写组,2023年版,高等教育出版社,,公共课已匹配
公共管理学院,土地资源管理,第3学期,315300007186,管理学研究方法,2,必修,,,,,,待查教学大纲（专业课）
公共管理学院,土地资源管理,第3学期,315300007245,数字测量学B,1,必修,,,,,,待查教学大纲（专业课）
公共管理学院,土地资源管理,第3学期,315300009036,数字测量学实验,1,必修,,,,,,待查教学大纲（专业课）
公共管理学院,土地资源管理,第3学期,310300001026,线性代数与线性规划,4,必修,线性代数（第六版）,同济大学数学系,第6版,高等教育出版社,9787040396632,公共课已匹配
公共管理学院,土地资源管理,第3学期,310300001022,概率论与数理统计B,3,必修,概率论与数理统计（第五版）,盛骤 谢式千,第5版,高等教育出版社,9787040384876,公共课已匹配
公共管理学院,土地资源管理,第3学期,315300007223,公共政策分析和评估,2,必修,,,,,,待查教学大纲（专业课）
公共管理学院,土地资源管理,3,,外语类课程,,必修类别,新视野大学英语（第三版·读写教程）,郑树棠,第3版,外语教学与研究出版社,,公共课已匹配
公共管理学院,土地资源管理,3,,体育类课程,,必修类别,大学体育（教材）,本校编,最新版,校本教材,,公共课已匹配
公共管理学院,土地资源管理,第4学期,314300001008,毛泽东思想和中国特色3社会主义理论体系概论,3,必修,毛泽东思想和中国特色社会主义理论体系概论（2023年版）,本书编写组,2023年版,高等教育出版社,,公共课已匹配
公共管理学院,土地资源管理,第4学期,314300001009,习近平新时代中国特色3社会主义思想概论,3,必修,习近平新时代中国特色社会主义思想概论（2023年版）,本书编写组,2023年版,高等教育出版社,,公共课已匹配
公共管理学院,土地资源管理,第4学期,315300007220,智慧国土专题,1,必修,,,,,,待查教学大纲（专业课）
公共管理学院,土地资源管理,第4学期,315300007143,社会统计与R语言,3,必修,,,,,,待查教学大纲（专业课）
公共管理学院,土地资源管理,第4学期,315300007224,土地资源遥感,2,必修,,,,,,待查教学大纲（专业课）
公共管理学院,土地资源管理,第4学期,315300007225,土地信息系统,3,必修,,,,,,待查教学大纲（专业课）
公共管理学院,土地资源管理,第4学期,315300009029,土地信息系统实验,1,必修,,,,,,待查教学大纲（专业课）
公共管理学院,土地资源管理,第4学期,9093009903,社会实践,1,必修,,,,,,待查教学大纲（专业课）
公共管理学院,土地资源管理,4,,外语类课程,,必修类别,新视野大学英语（第三版·读写教程）,郑树棠,第3版,外语教学与研究出版社,,公共课已匹配
公共管理学院,土地资源管理,4,,体育类课程,,必修类别,大学体育（教材）,本校编,最新版,校本教材,,公共课已匹配
公共管理学院,土地资源管理,第5学期,315300007227,土地资源学,3,必修,,,,,,待查教学大纲（专业课）
公共管理学院,土地资源管理,第5学期,315300009001,土地管理学,3,必修,,,,,,待查教学大纲（专业课）
公共管理学院,土地资源管理,第5学期,315300007029,土地管理学实验,1,必修,,,,,,待查教学大纲（专业课）
公共管理学院,土地资源管理,第5学期,315300007041,不动产估价,2,必修,,,,,,待查教学大纲（专业课）
公共管理学院,土地资源管理,第5学期,315300009032,不动产估价实验,1,必修,,,,,,待查教学大纲（专业课）
公共管理学院,土地资源管理,第5学期,3063009250,土地经济学,3,必修,,,,,,待查教学大纲（专业课）
公共管理学院,土地资源管理,第5学期,315300007226,生态经济学,3,必修,,,,,,待查教学大纲（专业课）
公共管理学院,土地资源管理,第5学期,315300006005,学科经典著作选读,1,必修,,,,,,待查教学大纲（专业课）
公共管理学院,土地资源管理,5,,通识课程,,选修类别,,,,,,待查教学大纲（专业课）
公共管理学院,土地资源管理,第6学期,315300007038,土地法学,2,必修,,,,,,待查教学大纲（专业课）
公共管理学院,土地资源管理,第6学期,315300007228,国土空间规划,3,必修,,,,,,待查教学大纲（专业课）
公共管理学院,土地资源管理,第6学期,315300009033,国土空间规划实验,1,必修,,,,,,待查教学大纲（专业课）
公共管理学院,土地资源管理,第6学期,315300008043,土地资源管理综合实践,2,必修,,,,,,待查教学大纲（专业课）
公共管理学院,土地资源管理,第6学期,3153009930,教学实习,2,必修,,,,,,待查教学大纲（专业课）
公共管理学院,土地资源管理,6,,通识课程,,选修类别,,,,,,待查教学大纲（专业课）
公共管理学院,土地资源管理,7,,通识课程,,选修类别,,,,,,待查教学大纲（专业课）
公共管理学院,土地资源管理,第8学期,315300008034,毕业论文（设计）,6,必修,,,,,,待查教学大纲（专业课）
公共管理学院,土地资源管理,第8学期,3153009931,毕业实习,2,必修,,,,,,待查教学大纲（专业课）
公共管理学院,土地资源管理,第8学期,3143009105,形势与政策（二）,1,必修,形势与政策（最新版）,教育部组编,每年更新,高等教育出版社,,公共课已匹配
公共管理学院,土地资源管理,第8学期,3143009104,形势与政策（一）116161-2马院SituationandPolicyEducation(Ⅰ),2,必修,形势与政策（最新版）,教育部组编,每年更新,高等教育出版社,,公共课已匹配
公共管理学院,土地资源管理,第8学期,314300001006,思想道德与法治3484261马院IdeologyMoralityandRuleofLaw,1,必修,思想道德与法治（2023年版）,本书编写组,2023年版,高等教育出版社,,公共课已匹配
公共管理学院,土地资源管理,第8学期,3143009003,中国近现代史纲要3484262马院OutlineofModernChineseHistory,2,必修,中国近现代史纲要（2023年版）,本书编写组,2023年版,高等教育出版社,,公共课已匹配
公共管理学院,土地资源管理,第8学期,314300001007,马克思主义基本原理3484263马院BasicKnowledgeofMarxism,3,必修,马克思主义基本原理（2023年版）,本书编写组,2023年版,高等教育出版社,,公共课已匹配
公共管理学院,土地资源管理,第8学期,314300001008,BasicTheoryofMaoZedongThought3484084马院,4,必修,,,,,,待查教学大纲（专业课）
公共管理学院,土地资源管理,第8学期,314300001009,BasicTheoryofXiJinpingThought3484084马院,4,必修,,,,,,待查教学大纲（专业课）
公共管理学院,土地资源管理,8,,体育类课程必修，实行选项制，一、二年级要求每学期修满1,,必修类别,大学体育（教材）,本校编,最新版,校本教材,,公共课已匹配
公共管理学院,土地资源管理,8,,体育类课程教学详见《华中农业大学体育教学改革实施方案》。,,必修类别,大学体育（教材）,本校编,最新版,校本教材,,公共课已匹配
公共管理学院,土地资源管理,第8学期,307300007045,工程基础116162工学FoundationforEngineering,2,必修,,,,,,待查教学大纲（专业课）
公共管理学院,土地资源管理,第8学期,9093009904,军事理论本科232321MilitaryTheory生院,1,必修,军事理论课教程,教育部军委国防动员部,2023版,高等教育出版社,,公共课已匹配
公共管理学院,土地资源管理,第8学期,3113009824,写作与沟通116161/2文法WritingandCommunication,2,必修,写作与沟通,马工程/本校编,最新版,高等教育出版社,,公共课已匹配
公共管理学院,土地资源管理,第8学期,202300006005,本科PsychologicalDevelopmentand116162生院GuidanceofCollegeStudents,2,必修,,,,,,待查教学大纲（专业课）
公共管理学院,土地资源管理,第8学期,9093009774,本科InnovationandEntrepreneurship116161生院FoundationsforUndergraduates,1,必修,,,,,,待查教学大纲（专业课）
公共管理学院,土地资源管理,第8学期,315300006004,Theinheritanceandinnovative116161公管,1,必修,,,,,,待查教学大纲（专业课）
公共管理学院,土地资源管理,第8学期,315300006005,SelectedReadingsofClassicalWorksin116165公管,5,必修,,,,,,待查教学大纲（专业课）
公共管理学院,土地资源管理,第8学期,310300001018,微积分B（一）464641信息Calculus（Ⅰ）,1,必修,高等数学（第七版·上/下册）,同济大学数学系,第7版,高等教育出版社,,公共课已匹配
公共管理学院,土地资源管理,第8学期,310300001033,微积分B（一）464642信息Calculus（Ⅱ）,2,必修,高等数学（第七版·上/下册）,同济大学数学系,第7版,高等教育出版社,,公共课已匹配
公共管理学院,土地资源管理,第8学期,310300001022,概率论与数理统计B348483信息ProbabilityandStatisticsB,3,必修,概率论与数理统计（第五版）,盛骤 谢式千,第5版,高等教育出版社,9787040384876,公共课已匹配
公共管理学院,土地资源管理,第8学期,317300001008,FundamentalsofArtificial232321信息,1,必修,,,,,,待查教学大纲（专业课）
公共管理学院,土地资源管理,第8学期,317300001009,ExperimentsontheFundamentals130301信息,1,必修,,,,,,待查教学大纲（专业课）
公共管理学院,土地资源管理,第8学期,315300001001,ArtificialIntelligenceEmpowering116163公管PublicAdministration:Tools,3,必修,,,,,,待查教学大纲（专业课）
公共管理学院,土地资源管理,第8学期,31130000714,行政法学232324文法AdministrativeLaw,4,必修,,,,,,待查教学大纲（专业课）
公共管理学院,土地资源管理,第8学期,3153009156,政治社会学B232325公管PoliticalSociologyB,5,必修,,,,,,待查教学大纲（专业课）
公共管理学院,土地资源管理,第8学期,3153009227,组织行为学B232323公管OrganizationalBehaviorB,3,必修,,,,,,待查教学大纲（专业课）
公共管理学院,土地资源管理,第8学期,315300007143,社会统计与R语言348484公管SocialStatisticsandtheRLanguage,4,必修,,,,,,待查教学大纲（专业课）
公共管理学院,土地资源管理,第8学期,315300007144,社会研究方法348485公管SocialResearchMethods,5,必修,,,,,,待查教学大纲（专业课）
公共管理学院,土地资源管理,第8学期,315300007145,DevelopmentandResearchofPublic348485公管,5,必修,,,,,,待查教学大纲（专业课）
公共管理学院,土地资源管理,第8学期,315300007222,管理学原理232321公管PrinciplesofManagement,1,必修,,,,,,待查教学大纲（专业课）
公共管理学院,土地资源管理,第8学期,315300007187,经济学原理B464642公管PrinciplesofEconomicsB,2,必修,,,,,,待查教学大纲（专业课）
公共管理学院,土地资源管理,第8学期,315300007146,公共管理学348482公管IntroductiontoPublicManagement,2,必修,,,,,,待查教学大纲（专业课）
公共管理学院,土地资源管理,第8学期,315300007221,管理思想史232322公管HistoryofManagementThought,2,必修,,,,,,待查教学大纲（专业课）
公共管理学院,土地资源管理,第8学期,315300007147,EvolutionandGrowthof348483公管,3,必修,,,,,,待查教学大纲（专业课）
公共管理学院,土地资源管理,第8学期,315300007148,政治学原理348483公管PrinciplesofPoliticalScience,3,必修,,,,,,待查教学大纲（专业课）
公共管理学院,土地资源管理,第8学期,315300007149,公共经济学464643公管PublicEconomics,3,必修,,,,,,待查教学大纲（专业课）
公共管理学院,土地资源管理,第8学期,315300007150,ContemporaryChineseGovernment348486公管,6,必修,,,,,,待查教学大纲（专业课）
公共管理学院,土地资源管理,第8学期,315300007151,行政组织学464644公管ScienceofAdministrativeOrganization,4,必修,,,,,,待查教学大纲（专业课）
公共管理学院,土地资源管理,第8学期,315300007152,公共政策学46440245公管PublicPolicy,5,必修,,,,,,待查教学大纲（专业课）
公共管理学院,土地资源管理,第8学期,315300007153,公共伦理学348485公管EthicsinPublicAdministration,5,必修,,,,,,待查教学大纲（专业课）
公共管理学院,土地资源管理,第8学期,3153009134,比较行政制度232325公管ComparativeAdministrativeSystem,5,必修,,,,,,待查教学大纲（专业课）
公共管理学院,土地资源管理,第8学期,3153009207,城市管理学232326公管UrbanManagement,6,必修,,,,,,待查教学大纲（专业课）
公共管理学院,土地资源管理,第8学期,315300007154,IntroductiontoSocial232325公管,5,必修,,,,,,待查教学大纲（专业课）
公共管理学院,土地资源管理,第8学期,315300007155,政府绩效管理232325公管GovernmentPerformanceManagement,5,必修,,,,,,待查教学大纲（专业课）
公共管理学院,土地资源管理,第8学期,315300007156,HumanResourcesManagement232325公管,5,必修,,,,,,待查教学大纲（专业课）
公共管理学院,土地资源管理,第8学期,315300007157,应急管理232326公管EmergencyManagement,6,必修,,,,,,待查教学大纲（专业课）
公共管理学院,土地资源管理,第8学期,3153009212,公共服务管理232326公管PublicService-OrientedGovernment,6,必修,,,,,,待查教学大纲（专业课）
公共管理学院,土地资源管理,第8学期,3153009209,地方政府治理232325公管LocalGovernmentManagement,5,必修,,,,,,待查教学大纲（专业课）
公共管理学院,土地资源管理,第8学期,315300007158,新时代乡村治理232326公管Ruralgovernanceinthenewera,6,必修,,,,,,待查教学大纲（专业课）
公共管理学院,土地资源管理,第8学期,3153009219,社区治理232326公管CommunityGovernance,6,必修,,,,,,待查教学大纲（专业课）
公共管理学院,土地资源管理,第8学期,315300007044,EcologicalEconomicsand232326公管,6,必修,,,,,,待查教学大纲（专业课）
公共管理学院,土地资源管理,第8学期,315300007159,数字政府概论232326公管IntroductiontoDigitalGovernment,6,必修,,,,,,待查教学大纲（专业课）
公共管理学院,土地资源管理,第8学期,3153009221,网络舆情管理232326公管NetworkPublicOpinionManagement,6,必修,,,,,,待查教学大纲（专业课）
公共管理学院,土地资源管理,第8学期,315300007160,公共政策仿真科学232327公管PublicPolicySimulationScience,7,必修,,,,,,待查教学大纲（专业课）
公共管理学院,土地资源管理,第8学期,315300007161,社会科学中的因果推断232327公管CasualInferenceinSocialScience,7,必修,,,,,,待查教学大纲（专业课）
公共管理学院,土地资源管理,第8学期,315300007162,MachineLearningand116166公管,6,必修,,,,,,待查教学大纲（专业课）
公共管理学院,土地资源管理,第8学期,315300009030,MachineLearningManagement130306公管,6,必修,,,,,,待查教学大纲（专业课）
公共管理学院,土地资源管理,第8学期,315300007163,ArtificialIntelligenceandModern116165公管,5,必修,,,,,,待查教学大纲（专业课）
公共管理学院,土地资源管理,第8学期,315300007164,EssayWritingandModern116166公管,6,必修,,,,,,待查教学大纲（专业课）
公共管理学院,土地资源管理,第8学期,315300007165,ManagementCommunicationand232327公管,7,必修,,,,,,待查教学大纲（专业课）
公共管理学院,土地资源管理,第8学期,315300007166,ThesisWritingandAcademic116167公管,7,必修,,,,,,待查教学大纲（专业课）
公共管理学院,土地资源管理,第8学期,315300007167,公共组织管理第二学年11616公管PublicOrganizationManagement暑假,16,必修,,,,,,待查教学大纲（专业课）
公共管理学院,土地资源管理,第8学期,315300007168,政策网络分析第二学年11616公管PolicyNetworkAnalysis暑假,16,必修,,,,,,待查教学大纲（专业课）
公共管理学院,土地资源管理,第8学期,9093009905,军事技能本科231Militaryskills生院,1,必修,军事训练教程,教育部军委国防动员部,2023版,高等教育出版社,,公共课已匹配
公共管理学院,土地资源管理,第8学期,9093009906,本科Innovationand11-7生院EntrepreneurshipPractice,7,必修,,,,,,待查教学大纲（专业课）
公共管理学院,土地资源管理,第8学期,202300008001,本科ThePracticeofMentalHealth1302生院PromotionforUndergraduates,2,必修,,,,,,待查教学大纲（专业课）
公共管理学院,土地资源管理,第8学期,3143009105,实践形势与政策（二）1303-8马院SituationandPolicyEducation(II),8,必修,形势与政策（最新版）,教育部组编,每年更新,高等教育出版社,,公共课已匹配
公共管理学院,土地资源管理,第8学期,9093009903,社会实践114团委SocialPractice,4,必修,,,,,,待查教学大纲（专业课）
公共管理学院,土地资源管理,第8学期,110300008001,志愿服务1301-7团委VolunteerService,7,必修,,,,,,待查教学大纲（专业课）
公共管理学院,土地资源管理,第8学期,110300008002,美育实践11-7团委AestheticPractice,7,必修,,,,,,待查教学大纲（专业课）
公共管理学院,土地资源管理,第8学期,315300008027,行政职业能力实践336公管TrainingofAdministrativeCapability,6,必修,,,,,,待查教学大纲（专业课）
公共管理学院,土地资源管理,第8学期,3153009930,教学实习246公管第三学年CurricularPractice暑假进行专业,6,必修,,,,,,待查教学大纲（专业课）
公共管理学院,土地资源管理,第8学期,3153009931,实践毕业实习248公管第四学年GraduationPractice进行,8,必修,,,,,,待查教学大纲（专业课）
公共管理学院,土地资源管理,第8学期,3153009932,毕业论文6128公管GraduationThesis,8,必修,,,,,,待查教学大纲（专业课）
公共管理学院,行政管理,第1学期,317300001008,人工智能应用基础,2,必修,人工智能基础（通识）,大学计算机课程教指委,最新版,高等教育出版社,,公共课已匹配
公共管理学院,行政管理,第1学期,317300001009,人工智能应用基础实验,1,必修,人工智能基础（通识）,大学计算机课程教指委,最新版,高等教育出版社,,公共课已匹配
公共管理学院,行政管理,第1学期,314300001006,思想道德与法治,3,必修,思想道德与法治（2023年版）,本书编写组,2023年版,高等教育出版社,,公共课已匹配
公共管理学院,行政管理,第1学期,3143009104,形势与政策（一）,1,必修,形势与政策（最新版）,教育部组编,每年更新,高等教育出版社,,公共课已匹配
公共管理学院,行政管理,第1学期,310300001018,微积分B（1）,4,必修,高等数学（第七版·上/下册）,同济大学数学系,第7版,高等教育出版社,,公共课已匹配
公共管理学院,行政管理,第1学期,315300007222,管理学原理,2,必修,,,,,,待查教学大纲（专业课）
公共管理学院,行政管理,第1学期,9093009904,军事理论,2,必修,军事理论课教程,教育部军委国防动员部,2023版,高等教育出版社,,公共课已匹配
公共管理学院,行政管理,第1学期,9093009905,军事技能,2,必修,军事训练教程,教育部军委国防动员部,2023版,高等教育出版社,,公共课已匹配
公共管理学院,行政管理,第1学期,9093009774,大学生创新创业基础,1,必修,大学生创新创业基础,本校编,最新版,高等教育出版社,,公共课已匹配
公共管理学院,行政管理,第1学期,315300006004,管理的智慧传承与创新实践,1,必修,,,,,,待查教学大纲（专业课）
公共管理学院,行政管理,1,,外语类课程,,必修类别,新视野大学英语（第三版·读写教程）,郑树棠,第3版,外语教学与研究出版社,,公共课已匹配
公共管理学院,行政管理,1,,体育类课程,,必修类别,大学体育（教材）,本校编,最新版,校本教材,,公共课已匹配
公共管理学院,行政管理,第2学期,3143009003,中国近现代史纲要,3,必修,中国近现代史纲要（2023年版）,本书编写组,2023年版,高等教育出版社,,公共课已匹配
公共管理学院,行政管理,第2学期,307300007045,工程基础,1,必修,,,,,,待查教学大纲（专业课）
公共管理学院,行政管理,第2学期,3113009824,写作与沟通,1,必修,写作与沟通,马工程/本校编,最新版,高等教育出版社,,公共课已匹配
公共管理学院,行政管理,第2学期,202300006005,大学生心理发展与指导,1,必修,大学生心理健康教育,郑日昌,最新版,高等教育出版社,,公共课已匹配
公共管理学院,行政管理,第2学期,202300008001,大学生心理素质拓展,1,必修,大学生心理健康教育,郑日昌,最新版,高等教育出版社,,公共课已匹配
公共管理学院,行政管理,第2学期,310300001033,微积分B（2）,4,必修,高等数学（第七版·上/下册）,同济大学数学系,第7版,高等教育出版社,,公共课已匹配
公共管理学院,行政管理,第2学期,315300007146,公共管理学,3,必修,,,,,,待查教学大纲（专业课）
公共管理学院,行政管理,第2学期,315300007187,经济学原理B,4,必修,,,,,,待查教学大纲（专业课）
公共管理学院,行政管理,第2学期,315300007221,管理思想史,2,必修,,,,,,待查教学大纲（专业课）
公共管理学院,行政管理,2,,外语类课程,,必修类别,新视野大学英语（第三版·读写教程）,郑树棠,第3版,外语教学与研究出版社,,公共课已匹配
公共管理学院,行政管理,2,,体育类课程,,必修类别,大学体育（教材）,本校编,最新版,校本教材,,公共课已匹配
公共管理学院,行政管理,第3学期,315300001001,人工智能赋能公共行政：工具与应用,1,必修,,,,,,待查教学大纲（专业课）
公共管理学院,行政管理,第3学期,314300001007,马克思主义基本原理,3,必修,马克思主义基本原理（2023年版）,本书编写组,2023年版,高等教育出版社,,公共课已匹配
公共管理学院,行政管理,第3学期,310300001022,概率论与数理统计B,3,必修,概率论与数理统计（第五版）,盛骤 谢式千,第5版,高等教育出版社,9787040384876,公共课已匹配
公共管理学院,行政管理,第3学期,315300007147,行政学说史,3,必修,,,,,,待查教学大纲（专业课）
公共管理学院,行政管理,第3学期,315300007148,政治学原理,3,必修,,,,,,待查教学大纲（专业课）
公共管理学院,行政管理,第3学期,315300007149,公共经济学,4,必修,,,,,,待查教学大纲（专业课）
公共管理学院,行政管理,第3学期,3153009227,组织行为学B,2,必修,,,,,,待查教学大纲（专业课）
公共管理学院,行政管理,3,,外语类课程,,必修类别,新视野大学英语（第三版·读写教程）,郑树棠,第3版,外语教学与研究出版社,,公共课已匹配
公共管理学院,行政管理,3,,体育类课程,,必修类别,大学体育（教材）,本校编,最新版,校本教材,,公共课已匹配
公共管理学院,行政管理,第4学期,314300001008,毛泽东思想和中国特色3社会主义理论体系概论,3,必修,毛泽东思想和中国特色社会主义理论体系概论（2023年版）,本书编写组,2023年版,高等教育出版社,,公共课已匹配
公共管理学院,行政管理,第4学期,314300001009,习近平新时代中国特色3社会主义思想概论,3,必修,习近平新时代中国特色社会主义思想概论（2023年版）,本书编写组,2023年版,高等教育出版社,,公共课已匹配
公共管理学院,行政管理,第4学期,315300007143,社会统计与R语言,3,必修,,,,,,待查教学大纲（专业课）
公共管理学院,行政管理,第4学期,315300007058,行政法学,2,必修,,,,,,待查教学大纲（专业课）
公共管理学院,行政管理,第4学期,315300007151,行政组织学,4,必修,,,,,,待查教学大纲（专业课）
公共管理学院,行政管理,第4学期,9093009903,社会实践,1,必修,,,,,,待查教学大纲（专业课）
公共管理学院,行政管理,4,,外语类课程,,必修类别,新视野大学英语（第三版·读写教程）,郑树棠,第3版,外语教学与研究出版社,,公共课已匹配
公共管理学院,行政管理,4,,体育类课程,,必修类别,大学体育（教材）,本校编,最新版,校本教材,,公共课已匹配
公共管理学院,行政管理,第5学期,3153009156,政治社会学B,2,必修,,,,,,待查教学大纲（专业课）
公共管理学院,行政管理,第5学期,315300007144,社会研究方法,3,必修,,,,,,待查教学大纲（专业课）
公共管理学院,行政管理,第5学期,315300007152,公共政策学,4,必修,,,,,,待查教学大纲（专业课）
公共管理学院,行政管理,第5学期,315300007145,公共管理案例开发与研究,3,必修,,,,,,待查教学大纲（专业课）
公共管理学院,行政管理,第5学期,315300007153,公共伦理学,3,必修,,,,,,待查教学大纲（专业课）
公共管理学院,行政管理,第5学期,315300006005,学科经典著作选读,1,必修,,,,,,待查教学大纲（专业课）
公共管理学院,行政管理,第6学期,315300007150,当代中国政府与政治,3,必修,,,,,,待查教学大纲（专业课）
公共管理学院,行政管理,第6学期,315300008027,行政职业能力实践,3,必修,,,,,,待查教学大纲（专业课）
公共管理学院,行政管理,第6学期,3153009930,教学实习,2,必修,,,,,,待查教学大纲（专业课）
公共管理学院,行政管理,第8学期,3153009931,毕业实习,2,必修,,,,,,待查教学大纲（专业课）
公共管理学院,行政管理,第8学期,3153009932,毕业论文,6,必修,,,,,,待查教学大纲（专业课）
公共管理学院,行政管理,第8学期,3143009105,形势与政策（二）,1,必修,形势与政策（最新版）,教育部组编,每年更新,高等教育出版社,,公共课已匹配
信息学院,生物信息学,第1学期,314300001006,思想道德与法治,3,必修,思想道德与法治（2023年版）,本书编写组,2023年版,高等教育出版社,,公共课已匹配
信息学院,生物信息学,第1学期,310300001019,微积分C,5,必修,高等数学（第七版·上/下册）,同济大学数学系,第7版,高等教育出版社,,公共课已匹配
信息学院,生物信息学,第1学期,310300001015,大学化学,4,必修,,,,,,待查教学大纲（专业课）
信息学院,生物信息学,第1学期,310300001016,大学化学实验,2,必修,,,,,,待查教学大纲（专业课）
信息学院,生物信息学,第1学期,9093009905,军事技能,2,必修,军事训练教程,教育部军委国防动员部,2023版,高等教育出版社,,公共课已匹配
信息学院,生物信息学,第1学期,307300007045,工程基础,1,必修,,,,,,待查教学大纲（专业课）
信息学院,生物信息学,第1学期,3113009824,不分学期修读，写作与沟通1第一学年修完,1,必修,写作与沟通,马工程/本校编,最新版,高等教育出版社,,公共课已匹配
信息学院,生物信息学,第1学期,202300006005,大学生心理发展与指导,1,必修,大学生心理健康教育,郑日昌,最新版,高等教育出版社,,公共课已匹配
信息学院,生物信息学,第1学期,202300008001,大学生心理素质拓展,1,必修,大学生心理健康教育,郑日昌,最新版,高等教育出版社,,公共课已匹配
信息学院,生物信息学,第1学期,3143009104,修读两个学期，形势与政策（一）1第2学期给成绩,2,必修,形势与政策（最新版）,教育部组编,每年更新,高等教育出版社,,公共课已匹配
信息学院,生物信息学,1,,外语类课程,,必修类别,新视野大学英语（第三版·读写教程）,郑树棠,第3版,外语教学与研究出版社,,公共课已匹配
信息学院,生物信息学,1,,体育类课程,,必修类别,大学体育（教材）,本校编,最新版,校本教材,,公共课已匹配
信息学院,生物信息学,第2学期,3143009003,中国近现代史纲要,3,必修,中国近现代史纲要（2023年版）,本书编写组,2023年版,高等教育出版社,,公共课已匹配
信息学院,生物信息学,第2学期,310300001025,线性代数B,2,必修,线性代数（第六版）,同济大学数学系,第6版,高等教育出版社,9787040396632,公共课已匹配
信息学院,生物信息学,第2学期,310300001023,概率论,2,必修,概率论与数理统计（第五版）,盛骤 谢式千,第5版,高等教育出版社,9787040384876,公共课已匹配
信息学院,生物信息学,第2学期,310300001028,大学物理B,4,必修,物理学（第七版）,马文蔚,第7版,高等教育出版社,,公共课已匹配
信息学院,生物信息学,第2学期,310300001031,大学物理实验,1,必修,物理学（第七版）,马文蔚,第7版,高等教育出版社,,公共课已匹配
信息学院,生物信息学,第2学期,3173009017,LinuxShell命令和脚本编程,2,必修,,,,,,待查教学大纲（专业课）
信息学院,生物信息学,第2学期,304300007052,微生物学B,3,必修,,,,,,待查教学大纲（专业课）
信息学院,生物信息学,第2学期,9093009904,军事理论,2,必修,军事理论课教程,教育部军委国防动员部,2023版,高等教育出版社,,公共课已匹配
信息学院,生物信息学,第2学期,9093009774,大学生创新创业基础,1,必修,大学生创新创业基础,本校编,最新版,高等教育出版社,,公共课已匹配
信息学院,生物信息学,第2学期,3143009104,形式与政策（一）,1,必修,,,,,,待查教学大纲（专业课）
信息学院,生物信息学,2,,外语类课程,,必修类别,新视野大学英语（第三版·读写教程）,郑树棠,第3版,外语教学与研究出版社,,公共课已匹配
信息学院,生物信息学,2,,体育类课程,,必修类别,大学体育（教材）,本校编,最新版,校本教材,,公共课已匹配
信息学院,生物信息学,第3学期,314300001007,马克思主义基本原理,3,必修,马克思主义基本原理（2023年版）,本书编写组,2023年版,高等教育出版社,,公共课已匹配
信息学院,生物信息学,第3学期,317300007069,物理化学,2,必修,,,,,,待查教学大纲（专业课）
信息学院,生物信息学,第3学期,304300007001,生物化学A,4,必修,,,,,,待查教学大纲（专业课）
信息学院,生物信息学,第3学期,304300009001,生物化学实验,2,必修,,,,,,待查教学大纲（专业课）
信息学院,生物信息学,第3学期,3173009117,C++语言程序设计,2,必修,,,,,,待查教学大纲（专业课）
信息学院,生物信息学,第3学期,317300007005,数据结构与算法,4,必修,,,,,,待查教学大纲（专业课）
信息学院,生物信息学,第3学期,3103009111,数学实验,1,必修,,,,,,待查教学大纲（专业课）
信息学院,生物信息学,3,,外语类课程,,必修类别,新视野大学英语（第三版·读写教程）,郑树棠,第3版,外语教学与研究出版社,,公共课已匹配
信息学院,生物信息学,3,,体育类课程,,必修类别,大学体育（教材）,本校编,最新版,校本教材,,公共课已匹配
信息学院,生物信息学,3,,通识课程,,选修类别,,,,,,待查教学大纲（专业课）
信息学院,生物信息学,第4学期,314300001008,毛泽东思想和中国特色3社会主义理论体系概论,3,必修,毛泽东思想和中国特色社会主义理论体系概论（2023年版）,本书编写组,2023年版,高等教育出版社,,公共课已匹配
信息学院,生物信息学,第4学期,314300001009,习近平新时代中国特色3社会主义思想概论,3,必修,习近平新时代中国特色社会主义思想概论（2023年版）,本书编写组,2023年版,高等教育出版社,,公共课已匹配
信息学院,生物信息学,第4学期,304300007055,细胞生物学B,3,必修,,,,,,待查教学大纲（专业课）
信息学院,生物信息学,第4学期,301300007147,遗传学B,3,必修,,,,,,待查教学大纲（专业课）
信息学院,生物信息学,第4学期,3043009229,遗传学实验B,1,必修,,,,,,待查教学大纲（专业课）
信息学院,生物信息学,第4学期,317300007112,生物数据统计原理,4,必修,,,,,,待查教学大纲（专业课）
信息学院,生物信息学,第4学期,9093009903,社会实践13周，第四学期暑假进行,3,必修,,,,,,待查教学大纲（专业课）
信息学院,生物信息学,第4学期,317300008014,在第4-6学期进行，生物信息项目创新训练4与本科生导师一起完成,4,必修,,,,,,待查教学大纲（专业课）
信息学院,生物信息学,4,,外语类课程,,必修类别,新视野大学英语（第三版·读写教程）,郑树棠,第3版,外语教学与研究出版社,,公共课已匹配
信息学院,生物信息学,4,,体育类课程,,必修类别,大学体育（教材）,本校编,最新版,校本教材,,公共课已匹配
信息学院,生物信息学,第5学期,3173009005,现代分子生物学,3,必修,,,,,,待查教学大纲（专业课）
信息学院,生物信息学,第5学期,317300007113,生物信息学原理,4,必修,,,,,,待查教学大纲（专业课）
信息学院,生物信息学,第5学期,3043009911,生物信息软件综合实践,2,必修,,,,,,待查教学大纲（专业课）
信息学院,生物信息学,第5学期,3173009039,科技论文写作,1,必修,,,,,,待查教学大纲（专业课）
信息学院,生物信息学,5,,通识课程,,选修类别,,,,,,待查教学大纲（专业课）
信息学院,生物信息学,第6学期,3043009010,系统与合成生物学,3,必修,,,,,,待查教学大纲（专业课）
信息学院,生物信息学,第6学期,317300007111,人工智能生物学,4,必修,,,,,,待查教学大纲（专业课）
信息学院,生物信息学,第6学期,3043009009,生物信息学进展,2,必修,,,,,,待查教学大纲（专业课）
信息学院,生物信息学,第6学期,3173009018,必修，第6、7学期毕业实习2之间的暑假进行,2,必修,,,,,,待查教学大纲（专业课）
信息学院,生物信息学,第8学期,3143009105,形势与政策（二）,1,必修,形势与政策（最新版）,教育部组编,每年更新,高等教育出版社,,公共课已匹配
信息学院,生物信息学,第8学期,3143009003,中国近现代史纲要3484262马院OutlineofModernChineseHistory,2,必修,中国近现代史纲要（2023年版）,本书编写组,2023年版,高等教育出版社,,公共课已匹配
信息学院,生物信息学,第8学期,314300001006,思想道德与法治3484261马院IdeologyMoralityandRuleofLaw,1,必修,思想道德与法治（2023年版）,本书编写组,2023年版,高等教育出版社,,公共课已匹配
信息学院,生物信息学,第8学期,314300001008,BasicTheoryofMaoZedongThought3484084马院,4,必修,,,,,,待查教学大纲（专业课）
信息学院,生物信息学,第8学期,314300001009,BasicTheoryofXiJinpingThought3484084马院,4,必修,,,,,,待查教学大纲（专业课）
信息学院,生物信息学,第8学期,314300001007,马克思主义基本原理3484263马院BasicKnowledgeofMarxism,3,必修,马克思主义基本原理（2023年版）,本书编写组,2023年版,高等教育出版社,,公共课已匹配
信息学院,生物信息学,第8学期,3143009104,形势与政策（一）116161-2马院SituationandPolicyEducation(I),2,必修,形势与政策（最新版）,教育部组编,每年更新,高等教育出版社,,公共课已匹配
信息学院,生物信息学,8,,体育类课程必修，实行选项制，一、二年级要求每学期修满1,,必修类别,大学体育（教材）,本校编,最新版,校本教材,,公共课已匹配
信息学院,生物信息学,8,,体育类课程教学详见《华中农业大学体育教学改革实施方案》。,,必修类别,大学体育（教材）,本校编,最新版,校本教材,,公共课已匹配
信息学院,生物信息学,第8学期,307300007045,工程基础116161工学FoundationforEngineering,1,必修,,,,,,待查教学大纲（专业课）
信息学院,生物信息学,第8学期,9093009904,军事理论本科232322MilitaryTheory生院,2,必修,军事理论课教程,教育部军委国防动员部,2023版,高等教育出版社,,公共课已匹配
信息学院,生物信息学,第8学期,3113009824,写作与沟通116161/2文法WritingandCommunication,2,必修,写作与沟通,马工程/本校编,最新版,高等教育出版社,,公共课已匹配
信息学院,生物信息学,第8学期,202300006005,本科PsychologicalDevelopmentand116161生院GuidanceofCollegeStudents,1,必修,,,,,,待查教学大纲（专业课）
信息学院,生物信息学,第8学期,9093009774,本科InnovationandEntrepreneurship116162生院FoundationsforUndergraduates,2,必修,,,,,,待查教学大纲（专业课）
信息学院,生物信息学,第8学期,310300001017,微积分A（1）580801信息CalculusA（1）,1,必修,高等数学（第七版·上/下册）,同济大学数学系,第7版,高等教育出版社,,公共课已匹配
信息学院,生物信息学,第8学期,310300001024,线性代数A348481信息LinearAlgebraA,1,必修,线性代数（第六版）,同济大学数学系,第6版,高等教育出版社,9787040396632,公共课已匹配
信息学院,生物信息学,第8学期,310300001032,微积分A（2）580802信息CalculusA（2）,2,必修,高等数学（第七版·上/下册）,同济大学数学系,第7版,高等教育出版社,,公共课已匹配
信息学院,生物信息学,第8学期,310300001021,概率论与数理统计A464643信息ProbabilityandStatisticsA,3,必修,概率论与数理统计（第五版）,盛骤 谢式千,第5版,高等教育出版社,9787040384876,公共课已匹配
信息学院,生物信息学,第8学期,310300001028,大学物理B464643工学CollegePhysicsB,3,必修,物理学（第七版）,马文蔚,第7版,高等教育出版社,,公共课已匹配
信息学院,生物信息学,第8学期,310300001031,大学物理实验130303工学CollegePhysicsExperiment,3,必修,物理学（第七版）,马文蔚,第7版,高等教育出版社,,公共课已匹配
信息学院,生物信息学,第8学期,317300007098,汇编语言程序设计24424204信息AssemblyLanguageProgramming,4,必修,,,,,,待查教学大纲（专业课）
信息学院,生物信息学,第8学期,317300007016,ExperimentofDigitalLogicand232324信息,4,必修,,,,,,待查教学大纲（专业课）
信息学院,生物信息学,第8学期,317300009003,ExperimentofExperimentofDigital130304信息,4,必修,,,,,,待查教学大纲（专业课）
信息学院,生物信息学,第8学期,3173009067,人工智能232325信息ArtificialIntelligence,5,必修,,,,,,待查教学大纲（专业课）
信息学院,生物信息学,第8学期,317300009014,人工智能实验130305信息ExperimentofArtificialIntelligence,5,必修,,,,,,待查教学大纲（专业课）
信息学院,生物信息学,第8学期,317300007026,嵌入式系统A24024166信息EmbeddedSystemsA,6,必修,,,,,,待查教学大纲（专业课）
信息学院,生物信息学,第8学期,3173009061,C/C++语言程序设计464641信息C/C++LanguageProgramming,1,必修,,,,,,待查教学大纲（专业课）
信息学院,生物信息学,第8学期,3173009062,ExperimentofC/C++Language130301信息,1,必修,,,,,,待查教学大纲（专业课）
信息学院,生物信息学,第8学期,317300007096,Python智能程序设计232322信息PythonIntelligentProgrammingDesign,2,必修,,,,,,待查教学大纲（专业课）
信息学院,生物信息学,第8学期,317300009019,ExperimentofPythonIntelligent130302信息,2,必修,,,,,,待查教学大纲（专业课）
信息学院,生物信息学,第8学期,3173009065,离散数学348482信息DiscreteMathematics,2,必修,,,,,,待查教学大纲（专业课）
信息学院,生物信息学,第8学期,317300007006,数据库原理232323信息PrinciplesofDatabase,3,必修,,,,,,待查教学大纲（专业课）
信息学院,生物信息学,第8学期,317300009001,数据库原理实验130303信息ExperimentofPrinciplesofDatabase,3,必修,,,,,,待查教学大纲（专业课）
信息学院,生物信息学,第8学期,317300007015,算法分析与设计232323信息AlgorithmAnalysisandDesign,3,必修,,,,,,待查教学大纲（专业课）
信息学院,生物信息学,第8学期,317300009002,ExperimentofAlgorithmAnalysisand130303信息,3,必修,,,,,,待查教学大纲（专业课）
信息学院,生物信息学,第8学期,317300007019,数据结构A348482信息DataStructuresA,2,必修,,,,,,待查教学大纲（专业课）
信息学院,生物信息学,第8学期,317300009005,数据结构实验130302信息ExperimentofDataStructures,2,必修,,,,,,待查教学大纲（专业课）
信息学院,生物信息学,第8学期,317300007020,计算机组成原理348484信息PrinciplesofComputerOrganization,4,必修,,,,,,待查教学大纲（专业课）
信息学院,生物信息学,第8学期,317300009006,CourseDesignofPrinciples130304信息,4,必修,,,,,,待查教学大纲（专业课）
信息学院,生物信息学,第8学期,317300007021,操作系统A348485信息OperatingSystemA,5,必修,,,,,,待查教学大纲（专业课）
信息学院,生物信息学,第8学期,317300009007,操作系统实验130305信息ExperimentofOperatingSystem,5,必修,,,,,,待查教学大纲（专业课）
信息学院,生物信息学,第8学期,317300007022,计算机网络A348485信息ComputerNetworksA,5,必修,,,,,,待查教学大纲（专业课）
信息学院,生物信息学,第8学期,317300009008,计算机网络实验130305信息ExperimentofComputerNetworks,5,必修,,,,,,待查教学大纲（专业课）
信息学院,生物信息学,第8学期,317300007023,编译原理35640166信息PrincipleofCompile,6,必修,,,,,,待查教学大纲（专业课）
信息学院,生物信息学,第8学期,317300007100,软件工程24024164信息SoftwareEngineering,4,必修,,,,,,待查教学大纲（专业课）
信息学院,生物信息学,第8学期,317300007024,Java程序设计24424205信息JavaProgramming,5,必修,,,,,,待查教学大纲（专业课）
信息学院,生物信息学,第8学期,317300007097,鸿蒙开发24424205信息HarmonyOSDevelopment,5,必修,,,,,,待查教学大纲（专业课）
信息学院,生物信息学,第8学期,317300007099,接口技术24424205信息ComputerInterfaceTechniques,5,必修,,,,,,待查教学大纲（专业课）
信息学院,生物信息学,第8学期,317300007007,物联网工程24024166信息InternetofThingsEngineering,6,必修,,,,,,待查教学大纲（专业课）
信息学院,生物信息学,第8学期,317300007027,Linux编程与应用24024166信息ProgrammingandApplicationofLinux,6,必修,,,,,,待查教学大纲（专业课）
信息学院,生物信息学,第8学期,317300007028,计算机体系结构232326信息ComputerArchitecture,6,必修,,,,,,待查教学大纲（专业课）
信息学院,生物信息学,第8学期,317300007101,数字图像处理24024164信息DigitalImageProcessing,4,必修,,,,,,待查教学大纲（专业课）
信息学院,生物信息学,第8学期,317300007033,计算机图形学232325信息ComputerGraphics,5,必修,,,,,,待查教学大纲（专业课）
信息学院,生物信息学,第8学期,317300007105,计算机视觉B24024166信息ComputerVisionB,6,必修,,,,,,待查教学大纲（专业课）
信息学院,生物信息学,第8学期,317300007036,智能媒体数据处理232325信息IntelligentMediaDataProcessing,5,必修,,,,,,待查教学大纲（专业课）
信息学院,生物信息学,第8学期,317210003004,机器学习导引232325信息IntroductiontoMachineLearning,5,必修,,,,,,待查教学大纲（专业课）
信息学院,生物信息学,第8学期,317300007037,神经网络与深度学习24024165信息NeuralNetworkandDeepLearning,5,必修,,,,,,待查教学大纲（专业课）
信息学院,生物信息学,第8学期,317300007038,NaturalLanguageProcessingand24024165信息,5,必修,,,,,,待查教学大纲（专业课）
信息学院,生物信息学,第8学期,317300007104,TheoryandApplicationof24024165信息,5,必修,,,,,,待查教学大纲（专业课）
信息学院,生物信息学,第8学期,317300007035,信息安全24024165信息InformationSecurity,5,必修,,,,,,待查教学大纲（专业课）
信息学院,生物信息学,第8学期,317300007061,区块链导论24024166信息IntroductiontoBlockchain,6,必修,,,,,,待查教学大纲（专业课）
信息学院,生物信息学,第8学期,317300007095,高性能并行计算24024166信息High-PerformanceParallelComputing,6,必修,,,,,,待查教学大纲（专业课）
信息学院,生物信息学,第8学期,317300007041,智慧农业232326信息IntelligentAgriculture,6,必修,,,,,,待查教学大纲（专业课）
信息学院,生物信息学,第8学期,9093009905,军事技能本科231Militaryskills生院,1,必修,军事训练教程,教育部军委国防动员部,2023版,高等教育出版社,,公共课已匹配
信息学院,生物信息学,第8学期,9093009906,本科公共Innovationand11-7生院实践EntrepreneurshipPractice,7,必修,,,,,,待查教学大纲（专业课）
信息学院,生物信息学,第8学期,202300008001,本科ThePracticeofMentalHealth1301生院PromotionforUndergraduates,1,必修,,,,,,待查教学大纲（专业课）
信息学院,生物信息学,第8学期,3143009105,形势与政策（二）1303-8马院SituationandPolicyEducation(II),8,必修,形势与政策（最新版）,教育部组编,每年更新,高等教育出版社,,公共课已匹配
信息学院,生物信息学,第8学期,9093009903,社会实践114团委SocialPractice公共,4,必修,,,,,,待查教学大纲（专业课）
信息学院,生物信息学,第8学期,110300008001,实践志愿服务1301-7团委VolunteerService,7,必修,,,,,,待查教学大纲（专业课）
信息学院,生物信息学,第8学期,110300008002,美育实践11-7团委AestheticPractice,7,必修,,,,,,待查教学大纲（专业课）
信息学院,生物信息学,第8学期,317300008001,IntegratedPracticeof1303信息在线测试,3,必修,,,,,,待查教学大纲（专业课）
信息学院,生物信息学,第8学期,3103009931,IntegratedDesignandPractice224信息分组开展一周集训ofSoftwareandTheory,4,必修,,,,,,待查教学大纲（专业课）
信息学院,生物信息学,第8学期,317300008006,IntegratedPracticeof1305信息在线测试,5,必修,,,,,,待查教学大纲（专业课）
信息学院,生物信息学,第8学期,3173009045,IntegratedDesignandPractice226信息分组开展一周集训ofComputerEngineering,6,必修,,,,,,待查教学大纲（专业课）
信息学院,生物信息学,第8学期,317300008010,毕业实习446信息第6学期GraduationPractice暑期进行,6,必修,,,,,,待查教学大纲（专业课）
信息学院,生物信息学,第8学期,3173009020,毕业论文6127-8信息导师制GraduationThesis,8,必修,,,,,,待查教学大纲（专业课）
信息学院,计算机科学与技术,第1学期,314300001006,思想道德与法治,3,必修,思想道德与法治（2023年版）,本书编写组,2023年版,高等教育出版社,,公共课已匹配
信息学院,计算机科学与技术,第1学期,310300001017,微积分A（1）,5,必修,高等数学（第七版·上/下册）,同济大学数学系,第7版,高等教育出版社,,公共课已匹配
信息学院,计算机科学与技术,第1学期,310300001024,线性代数A,3,必修,线性代数（第六版）,同济大学数学系,第6版,高等教育出版社,9787040396632,公共课已匹配
信息学院,计算机科学与技术,第1学期,3173009061,C/C++语言程序设计,4,必修,,,,,,待查教学大纲（专业课）
信息学院,计算机科学与技术,第1学期,3173009062,C/C++语言程序设计实验,1,必修,,,,,,待查教学大纲（专业课）
信息学院,计算机科学与技术,第1学期,9093009905,军事技能,2,必修,军事训练教程,教育部军委国防动员部,2023版,高等教育出版社,,公共课已匹配
信息学院,计算机科学与技术,第1学期,202300006005,大学生心理发展与指导,1,必修,大学生心理健康教育,郑日昌,最新版,高等教育出版社,,公共课已匹配
信息学院,计算机科学与技术,第1学期,202300008001,大学生心理素质拓展,1,必修,大学生心理健康教育,郑日昌,最新版,高等教育出版社,,公共课已匹配
信息学院,计算机科学与技术,第1学期,3143009104,修读两个学期，形势与政策（一）1第2学期给成绩,2,必修,形势与政策（最新版）,教育部组编,每年更新,高等教育出版社,,公共课已匹配
信息学院,计算机科学与技术,第1学期,307300007045,工程基础,1,必修,,,,,,待查教学大纲（专业课）
信息学院,计算机科学与技术,第2学期,3143009003,中国近现代史纲要,3,必修,中国近现代史纲要（2023年版）,本书编写组,2023年版,高等教育出版社,,公共课已匹配
信息学院,计算机科学与技术,第2学期,310300001032,微积分A（2）,5,必修,高等数学（第七版·上/下册）,同济大学数学系,第7版,高等教育出版社,,公共课已匹配
信息学院,计算机科学与技术,第2学期,317300007096,Python智能程序设计,2,必修,,,,,,待查教学大纲（专业课）
信息学院,计算机科学与技术,第2学期,317300009019,Python智能程序设计实验,1,必修,,,,,,待查教学大纲（专业课）
信息学院,计算机科学与技术,第2学期,3173009065,离散数学3排课先行数据结构2周,2,必修,,,,,,待查教学大纲（专业课）
信息学院,计算机科学与技术,第2学期,317300007019,数据结构A,3,必修,,,,,,待查教学大纲（专业课）
信息学院,计算机科学与技术,第2学期,317300009005,数据结构实验,1,必修,,,,,,待查教学大纲（专业课）
信息学院,计算机科学与技术,第2学期,9093009904,军事理论,2,必修,军事理论课教程,教育部军委国防动员部,2023版,高等教育出版社,,公共课已匹配
信息学院,计算机科学与技术,第2学期,9093009774,大学生创新创业基础,1,必修,大学生创新创业基础,本校编,最新版,高等教育出版社,,公共课已匹配
信息学院,计算机科学与技术,第2学期,3113009824,写作与沟通,1,必修,写作与沟通,马工程/本校编,最新版,高等教育出版社,,公共课已匹配
信息学院,计算机科学与技术,第3学期,314300001007,马克思主义基本原理,3,必修,马克思主义基本原理（2023年版）,本书编写组,2023年版,高等教育出版社,,公共课已匹配
信息学院,计算机科学与技术,第3学期,310300001021,概率论与数理统计A,4,必修,概率论与数理统计（第五版）,盛骤 谢式千,第5版,高等教育出版社,9787040384876,公共课已匹配
信息学院,计算机科学与技术,第3学期,310300001028,大学物理B,4,必修,物理学（第七版）,马文蔚,第7版,高等教育出版社,9787571720,公共课已匹配
信息学院,计算机科学与技术,第3学期,310300001031,大学物理实验,1,必修,物理学（第七版）,马文蔚,第7版,高等教育出版社,9787571720,公共课已匹配
信息学院,计算机科学与技术,第3学期,317300007006,数据库原理,2,必修,,,,,,待查教学大纲（专业课）
信息学院,计算机科学与技术,第3学期,317300009001,数据库原理实验,1,必修,,,,,,待查教学大纲（专业课）
信息学院,计算机科学与技术,第3学期,317300007015,算法分析与设计,2,必修,,,,,,待查教学大纲（专业课）
信息学院,计算机科学与技术,第3学期,317300009002,算法分析与设计实验,1,必修,,,,,,待查教学大纲（专业课）
信息学院,计算机科学与技术,第3学期,317300008001,程序设计能力综合实践1第3学期测试给成绩,3,必修,,,,,,待查教学大纲（专业课）
信息学院,计算机科学与技术,第4学期,314300001008,毛泽东思想和中国特色3社会主义理论体系概论,3,必修,毛泽东思想和中国特色社会主义理论体系概论（2023年版）,本书编写组,2023年版,高等教育出版社,9787301299,公共课已匹配
信息学院,计算机科学与技术,第4学期,314300001009,习近平新时代中国特色3社会主义思想概论,3,必修,习近平新时代中国特色社会主义思想概论（2023年版）,本书编写组,2023年版,高等教育出版社,,公共课已匹配
信息学院,计算机科学与技术,第4学期,317300007016,排课先行计算机组成原理数字逻辑与EDA技术24周,4,必修,,,,,,待查教学大纲（专业课）
信息学院,计算机科学与技术,第4学期,317300009003,数字逻辑与EDA技术实验,1,必修,,,,,,待查教学大纲（专业课）
信息学院,计算机科学与技术,第4学期,317300007098,排课先行计算机组成原理汇编语言程序设计24周,4,必修,,,,,,待查教学大纲（专业课）
信息学院,计算机科学与技术,第4学期,317300007020,计算机组成原理,3,必修,,,,,,待查教学大纲（专业课）
信息学院,计算机科学与技术,第4学期,317300009006,计算机组成原理课程设计,1,必修,,,,,,待查教学大纲（专业课）
信息学院,计算机科学与技术,第4学期,3103009931,软件与理论综合设计与实践22周,2,必修,,,,,,待查教学大纲（专业课）
信息学院,计算机科学与技术,第4学期,9093009903,社会实践12周,2,必修,,,,,,待查教学大纲（专业课）
信息学院,计算机科学与技术,第5学期,317300007021,操作系统A,3,必修,,,,,,待查教学大纲（专业课）
信息学院,计算机科学与技术,第5学期,317300009007,操作系统实验,1,必修,,,,,,待查教学大纲（专业课）
信息学院,计算机科学与技术,第5学期,317300007022,计算机网络A,3,必修,,,,,,待查教学大纲（专业课）
信息学院,计算机科学与技术,第5学期,317300009008,计算机网络实验,1,必修,,,,,,待查教学大纲（专业课）
信息学院,计算机科学与技术,第5学期,3173009067,人工智能,2,必修,,,,,,待查教学大纲（专业课）
信息学院,计算机科学与技术,第5学期,317300009014,人工智能实验,1,必修,,,,,,待查教学大纲（专业课）
信息学院,计算机科学与技术,第5学期,317300008006,人工智能能力综合实践1第3学期测试给成绩,3,必修,,,,,,待查教学大纲（专业课）
信息学院,计算机科学与技术,第6学期,317300007023,编译原理,3,必修,,,,,,待查教学大纲（专业课）
信息学院,计算机科学与技术,第6学期,317300007026,嵌入式系统A,2,必修,,,,,,待查教学大纲（专业课）
信息学院,计算机科学与技术,第6学期,3173009045,计算机工程与应用综合22周设计与实践,2,必修,,,,,,待查教学大纲（专业课）
信息学院,计算机科学与技术,第6学期,317300008010,毕业实习,4,必修,,,,,,待查教学大纲（专业课）
信息学院,计算机科学与技术,第7学期,9093009906,创新创业实践,1,必修,,,,,,待查教学大纲（专业课）
信息学院,计算机科学与技术,第7学期,110300008002,美育实践,1,必修,,,,,,待查教学大纲（专业课）
信息学院,计算机科学与技术,第7学期,110300008001,志愿服务,1,必修,,,,,,待查教学大纲（专业课）
信息学院,计算机科学与技术,第8学期,3173009020,毕业论文,6,必修,,,,,,待查教学大纲（专业课）
信息学院,计算机科学与技术,第8学期,3143009105,形势与政策（二）,1,必修,形势与政策（最新版）,教育部组编,每年更新,高等教育出版社,,公共课已匹配
信息学院,计算机科学与技术,第8学期,3143009003,中国近现代史纲要3484262马院OutlineofModernChineseHistory,2,必修,中国近现代史纲要（2023年版）,本书编写组,2023年版,高等教育出版社,,公共课已匹配
信息学院,计算机科学与技术,第8学期,314300001006,思想道德与法治3484261马院IdeologyMoralityandRuleofLaw,1,必修,思想道德与法治（2023年版）,本书编写组,2023年版,高等教育出版社,,公共课已匹配
信息学院,计算机科学与技术,第8学期,314300001007,马克思主义基本原理3484263马院BasicKnowledgeofMarxism,3,必修,马克思主义基本原理（2023年版）,本书编写组,2023年版,高等教育出版社,,公共课已匹配
信息学院,计算机科学与技术,第8学期,314300001008,BasicTheoryofMaoZedong3484084马院,4,必修,,,,,,待查教学大纲（专业课）
信息学院,计算机科学与技术,第8学期,314300001009,BasicTheoryofXiJinping3484084马院,4,必修,,,,,,待查教学大纲（专业课）
信息学院,计算机科学与技术,第8学期,3143009104,形势与政策（一）116161-2马院SituationandPolicyEducation(I),2,必修,形势与政策（最新版）,教育部组编,每年更新,高等教育出版社,,公共课已匹配
信息学院,计算机科学与技术,8,,体育类课程实行选修制，一、二年级要求每学期修满1,,必修类别,大学体育（教材）,本校编,最新版,校本教材,,公共课已匹配
信息学院,计算机科学与技术,8,,体育类课程教学详见《华中农业大学体育教学改革实施方案》。,,必修类别,大学体育（教材）,本校编,最新版,校本教材,,公共课已匹配
信息学院,计算机科学与技术,第8学期,307300007045,工程基础116161工学FoundationforEngineering,1,必修,,,,,,待查教学大纲（专业课）
信息学院,计算机科学与技术,第8学期,9093009904,军事理论本科232322MilitaryTheory生院,2,必修,军事理论课教程,教育部军委国防动员部,2023版,高等教育出版社,,公共课已匹配
信息学院,计算机科学与技术,第8学期,3113009824,写作与沟通116161/2文法WritingandCommunication,2,必修,写作与沟通,马工程/本校编,最新版,高等教育出版社,,公共课已匹配
信息学院,计算机科学与技术,第8学期,202300006005,本科PsychologicalDevelopmentand116161生院GuidanceofCollegeStudents,1,必修,,,,,,待查教学大纲（专业课）
信息学院,计算机科学与技术,第8学期,9093009774,本科InnovationandEntrepreneurship116162生院FoundationsforUndergraduates,2,必修,,,,,,待查教学大纲（专业课）
信息学院,计算机科学与技术,第8学期,310300001017,微积分A（1）580801信息CalculusA（1）,1,必修,高等数学（第七版·上/下册）,同济大学数学系,第7版,高等教育出版社,9787308798,公共课已匹配
信息学院,计算机科学与技术,第8学期,310300001024,线性代数A348481信息LinearAlgebraA,1,必修,线性代数（第六版）,同济大学数学系,第6版,高等教育出版社,9787040396632,公共课已匹配
信息学院,计算机科学与技术,第8学期,310300001032,微积分A（2）580802信息CalculusA（2）,2,必修,高等数学（第七版·上/下册）,同济大学数学系,第7版,高等教育出版社,9787308798,公共课已匹配
信息学院,计算机科学与技术,第8学期,310300001021,概率论与数理统计A464643信息ProbabilityandStatisticsA,3,必修,概率论与数理统计（第五版）,盛骤 谢式千,第5版,高等教育出版社,9787040384876,公共课已匹配
信息学院,计算机科学与技术,第8学期,310300001028,大学物理B464643工学CollegePhysicsB,3,必修,物理学（第七版）,马文蔚,第7版,高等教育出版社,9787571720,公共课已匹配
信息学院,计算机科学与技术,第8学期,310300001031,大学物理实验130303工学CollegePhysicsExperiment,3,必修,物理学（第七版）,马文蔚,第7版,高等教育出版社,9787571720,公共课已匹配
信息学院,计算机科学与技术,第8学期,317300007046,计算机组成与结构36044164信息ComputerOrganizationandArchitecture,4,必修,,,,,,待查教学大纲（专业课）
信息学院,计算机科学与技术,第8学期,317300007047,数据通信与网络36040205信息DataCommunicationandNetwork,5,必修,,,,,,待查教学大纲（专业课）
信息学院,计算机科学与技术,第8学期,317300007048,操作系统原理36040205信息PrinciplesofOperationSystem,5,必修,,,,,,待查教学大纲（专业课）
信息学院,计算机科学与技术,第8学期,3173009067,人工智能232326信息ArtificialIntelligence,6,必修,,,,,,待查教学大纲（专业课）
信息学院,计算机科学与技术,第8学期,317300009014,人工智能实验130306信息ExperimentofArtificialIntelligence,6,必修,,,,,,待查教学大纲（专业课）
信息学院,计算机科学与技术,第8学期,3173009061,C/C++语言程序设计464641信息C/C++LanguageProgramming,1,必修,,,,,,待查教学大纲（专业课）
信息学院,计算机科学与技术,第8学期,3173009062,ExperimentofC/C++Language130301信息,1,必修,,,,,,待查教学大纲（专业课）
信息学院,计算机科学与技术,第8学期,317300007096,Python智能程序设计232322信息PythonIntelligentProgrammingDesign,2,必修,,,,,,待查教学大纲（专业课）
信息学院,计算机科学与技术,第8学期,317300009019,ExperimentofPythonIntelligent130302信息,2,必修,,,,,,待查教学大纲（专业课）
信息学院,计算机科学与技术,第8学期,3173009065,离散数学348482信息DiscreteMathematics,2,必修,,,,,,待查教学大纲（专业课）
信息学院,计算机科学与技术,第8学期,317300007006,数据库原理232323信息PrinciplesofDatabase,3,必修,,,,,,待查教学大纲（专业课）
信息学院,计算机科学与技术,第8学期,317300009001,数据库原理实验130303信息ExperimentofPrinciplesofDatabase,3,必修,,,,,,待查教学大纲（专业课）
信息学院,计算机科学与技术,第8学期,317300007015,算法分析与设计232323信息AlgorithmAnalysisandDesign,3,必修,,,,,,待查教学大纲（专业课）
信息学院,计算机科学与技术,第8学期,317300009002,算法分析与设计实验130303信息ExperimentofAlgorithmAnalysisandDesign,3,必修,,,,,,待查教学大纲（专业课）
信息学院,计算机科学与技术,第8学期,317300007019,数据结构A348482信息DataStructuresA,2,必修,,,,,,待查教学大纲（专业课）
信息学院,计算机科学与技术,第8学期,317300009005,数据结构实验130302信息ExperimentofDataStructures,2,必修,,,,,,待查教学大纲（专业课）
信息学院,计算机科学与技术,第8学期,317300007049,大数据统计分析基础35640164信息StatisticsforBigData,4,必修,,,,,,待查教学大纲（专业课）
信息学院,计算机科学与技术,第8学期,317300007074,机器学习348484信息MachineLearning,4,必修,,,,,,待查教学大纲（专业课）
信息学院,计算机科学与技术,第8学期,317300009015,机器学习实验130304信息ExperimentofMachineLearning,4,必修,,,,,,待查教学大纲（专业课）
信息学院,计算机科学与技术,第8学期,3173009078,数据挖掘348485信息DataMining,5,必修,,,,,,待查教学大纲（专业课）
信息学院,计算机科学与技术,第8学期,317300009012,数据挖掘实验130305信息ExperimentofDataMining,5,必修,,,,,,待查教学大纲（专业课）
信息学院,计算机科学与技术,第8学期,317300007050,大数据处理架构与模式348485信息ArchitectureandPatternsofBigData,5,必修,,,,,,待查教学大纲（专业课）
信息学院,计算机科学与技术,第8学期,317300009013,ArchitectureandPatternsof130305信息,5,必修,,,,,,待查教学大纲（专业课）
信息学院,计算机科学与技术,第8学期,317300007052,InformationRetrievaland24024164信息,4,必修,,,,,,待查教学大纲（专业课）
信息学院,计算机科学与技术,第8学期,317300007058,非结构化数据库24024164信息Non-StructureDatabase,4,必修,,,,,,待查教学大纲（专业课）
信息学院,计算机科学与技术,第8学期,317300007100,软件工程24024164信息SoftwareEngineer,4,必修,,,,,,待查教学大纲（专业课）
信息学院,计算机科学与技术,第8学期,317300007102,DeepLearningandLarge24024165信息,5,必修,,,,,,待查教学大纲（专业课）
信息学院,计算机科学与技术,第8学期,3103009181,最优化理论与方法348485信息OptimizationTheoryandMethod,5,必修,,,,,,待查教学大纲（专业课）
信息学院,计算机科学与技术,第8学期,317300007024,Java程序设计24424205信息JavaProgramming,5,必修,,,,,,待查教学大纲（专业课）
信息学院,计算机科学与技术,第8学期,317300007035,信息安全24024165信息InformationSecurity,5,必修,,,,,,待查教学大纲（专业课）
信息学院,计算机科学与技术,第8学期,317300007038,NaturalLanguageProcessingand24024165信息,5,必修,,,,,,待查教学大纲（专业课）
信息学院,计算机科学与技术,第8学期,317300007082,强化学习24024166信息ReinforcementLearning,6,必修,,,,,,待查教学大纲（专业课）
信息学院,计算机科学与技术,第8学期,317300007059,云计算24024166信息CloudComputing,6,必修,,,,,,待查教学大纲（专业课）
信息学院,计算机科学与技术,第8学期,317300007101,数字图像处理24024166信息DigitalImageProcessing,6,必修,,,,,,待查教学大纲（专业课）
信息学院,计算机科学与技术,第8学期,317300007061,区块链导论24024166信息IntroductiontoBlockchain,6,必修,,,,,,待查教学大纲（专业课）
信息学院,计算机科学与技术,第8学期,317300007039,高性能计算24024166信息HighPerformanceComputing,6,必修,,,,,,待查教学大纲（专业课）
信息学院,计算机科学与技术,第8学期,317300007062,MedicalImageDataAnalysis24024166信息,6,必修,,,,,,待查教学大纲（专业课）
信息学院,计算机科学与技术,第8学期,317300007063,SocialNetworkDataAnalysis24024166信息,6,必修,,,,,,待查教学大纲（专业课）
信息学院,计算机科学与技术,第8学期,317300007103,IntelligentInterpretationof232326信息,6,必修,,,,,,待查教学大纲（专业课）
信息学院,计算机科学与技术,第8学期,317300007065,组学数据分析与处理24024166信息GenomicsDataAnalysisandProcess,6,必修,,,,,,待查教学大纲（专业课）
信息学院,计算机科学与技术,第8学期,317300007041,智慧农业232326信息IntelligentAgriculture,6,必修,,,,,,待查教学大纲（专业课）
信息学院,计算机科学与技术,第8学期,317300007060,大数据可视化24024167信息BigDataVisualization,7,必修,,,,,,待查教学大纲（专业课）
信息学院,计算机科学与技术,第8学期,317300007067,农业大数据分析与处理24024167信息AgriculturalDataAnalysisandProcess,7,必修,,,,,,待查教学大纲（专业课）
信息学院,计算机科学与技术,第8学期,9093009905,军事技能本科231Militaryskills生院,1,必修,军事训练教程,教育部军委国防动员部,2023版,高等教育出版社,,公共课已匹配
信息学院,计算机科学与技术,第8学期,9093009906,本科Innovationand11-7生院EntrepreneurshipPractice,7,必修,,,,,,待查教学大纲（专业课）
信息学院,计算机科学与技术,第8学期,202300008001,本科ThePracticeofMentalHealth1301生院PromotionforUndergraduates,1,必修,,,,,,待查教学大纲（专业课）
信息学院,计算机科学与技术,第8学期,3143009105,实践SituationandPolicy1303-8马院,8,必修,,,,,,待查教学大纲（专业课）
信息学院,计算机科学与技术,第8学期,9093009903,社会实践114团委第4学期SocialPractice暑假进行,4,必修,,,,,,待查教学大纲（专业课）
信息学院,计算机科学与技术,第8学期,110300008001,志愿服务1301-7团委VolunteerService,7,必修,,,,,,待查教学大纲（专业课）
信息学院,计算机科学与技术,第8学期,110300008002,美育实践11-7团委AestheticPractice,7,必修,,,,,,待查教学大纲（专业课）
信息学院,计算机科学与技术,第8学期,317300008001,IntegratedPracticeof113信息在线测试,3,必修,,,,,,待查教学大纲（专业课）
信息学院,计算机科学与技术,第8学期,3173009101,大数据采集与存储224信息分组开展BigDataAcquisitionandStorage一周集训,4,必修,,,,,,待查教学大纲（专业课）
信息学院,计算机科学与技术,第8学期,3173009102,大数据项目综合实践226信息分组开展BigDataSubjectPractice一周集训专业,6,必修,,,,,,待查教学大纲（专业课）
信息学院,计算机科学与技术,第8学期,3173009103,ScientificResearchTraining226信息导师制,6,必修,,,,,,待查教学大纲（专业课）
信息学院,计算机科学与技术,第8学期,317300008011,毕业实习446信息第6学期GraduationPractice暑期进行,6,必修,,,,,,待查教学大纲（专业课）
信息学院,计算机科学与技术,第8学期,3173009020,毕业论文6127-8信息导师制GraduationThesis,8,必修,,,,,,待查教学大纲（专业课）
信息学院,数据科学与大数据技术,第1学期,314300001006,思想道德与法治,3,必修,思想道德与法治（2023年版）,本书编写组,2023年版,高等教育出版社,,公共课已匹配
信息学院,数据科学与大数据技术,1,,外语类课程,,必修类别,新视野大学英语（第三版·读写教程）,郑树棠,第3版,外语教学与研究出版社,,公共课已匹配
信息学院,数据科学与大数据技术,第1学期,310300001017,微积分A（1）,5,必修,高等数学（第七版·上/下册）,同济大学数学系,第7版,高等教育出版社,9787308798,公共课已匹配
信息学院,数据科学与大数据技术,第1学期,310300001024,线性代数A,3,必修,线性代数（第六版）,同济大学数学系,第6版,高等教育出版社,9787040396632,公共课已匹配
信息学院,数据科学与大数据技术,第1学期,3173009061,C/C++语言程序设计,4,必修,,,,,,待查教学大纲（专业课）
信息学院,数据科学与大数据技术,第1学期,3173009062,C/C++语言程序设计实验,1,必修,,,,,,待查教学大纲（专业课）
信息学院,数据科学与大数据技术,第1学期,9093009905,军事技能,2,必修,军事训练教程,教育部军委国防动员部,2023版,高等教育出版社,,公共课已匹配
信息学院,数据科学与大数据技术,第1学期,202300006005,大学生心理发展与指导,1,必修,大学生心理健康教育,郑日昌,最新版,高等教育出版社,,公共课已匹配
信息学院,数据科学与大数据技术,第1学期,202300008001,大学生心理素质拓展,1,必修,大学生心理健康教育,郑日昌,最新版,高等教育出版社,,公共课已匹配
信息学院,数据科学与大数据技术,第1学期,3113009824,不分学期修读，写作与沟通1第一学年修完,1,必修,写作与沟通,马工程/本校编,最新版,高等教育出版社,,公共课已匹配
信息学院,数据科学与大数据技术,第1学期,307300007045,工程基础,1,必修,,,,,,待查教学大纲（专业课）
信息学院,数据科学与大数据技术,第2学期,3143009003,中国近现代史纲要,3,必修,中国近现代史纲要（2023年版）,本书编写组,2023年版,高等教育出版社,,公共课已匹配
信息学院,数据科学与大数据技术,2,,外语类课程,,必修类别,新视野大学英语（第三版·读写教程）,郑树棠,第3版,外语教学与研究出版社,,公共课已匹配
信息学院,数据科学与大数据技术,第2学期,310300001032,微积分A（2）,5,必修,高等数学（第七版·上/下册）,同济大学数学系,第7版,高等教育出版社,9787308798,公共课已匹配
信息学院,数据科学与大数据技术,第2学期,317300007096,Python智能程序设计,2,必修,,,,,,待查教学大纲（专业课）
信息学院,数据科学与大数据技术,第2学期,3173009065,离散数学,3,必修,,,,,,待查教学大纲（专业课）
信息学院,数据科学与大数据技术,第2学期,317300007019,数据结构A,3,必修,,,,,,待查教学大纲（专业课）
信息学院,数据科学与大数据技术,第2学期,317300009005,数据结构实验,1,必修,,,,,,待查教学大纲（专业课）
信息学院,数据科学与大数据技术,第2学期,9093009904,军事理论,2,必修,军事理论课教程,教育部军委国防动员部,2023版,高等教育出版社,,公共课已匹配
信息学院,数据科学与大数据技术,第2学期,3113009824,不分学期修读，写作与沟通1第一学年修完,1,必修,写作与沟通,马工程/本校编,最新版,高等教育出版社,,公共课已匹配
信息学院,数据科学与大数据技术,第2学期,9093009774,大学生创新创业基础,1,必修,大学生创新创业基础,本校编,最新版,高等教育出版社,,公共课已匹配
信息学院,数据科学与大数据技术,第2学期,3143009104,形势与政策（一）,1,必修,形势与政策（最新版）,教育部组编,每年更新,高等教育出版社,,公共课已匹配
信息学院,数据科学与大数据技术,第3学期,314300001007,马克思主义基本原理,3,必修,马克思主义基本原理（2023年版）,本书编写组,2023年版,高等教育出版社,,公共课已匹配
信息学院,数据科学与大数据技术,第3学期,310300001021,概率论与数理统计A,4,必修,概率论与数理统计（第五版）,盛骤 谢式千,第5版,高等教育出版社,9787040384876,公共课已匹配
信息学院,数据科学与大数据技术,第3学期,310300001028,大学物理B,4,必修,物理学（第七版）,马文蔚,第7版,高等教育出版社,9787571720,公共课已匹配
信息学院,数据科学与大数据技术,第3学期,310300001031,大学物理实验,1,必修,物理学（第七版）,马文蔚,第7版,高等教育出版社,9787571720,公共课已匹配
信息学院,数据科学与大数据技术,第3学期,317300007006,数据库原理,2,必修,,,,,,待查教学大纲（专业课）
信息学院,数据科学与大数据技术,第3学期,317300009001,数据库原理实验,1,必修,,,,,,待查教学大纲（专业课）
信息学院,数据科学与大数据技术,第3学期,317300007015,算法分析与设计,2,必修,,,,,,待查教学大纲（专业课）
信息学院,数据科学与大数据技术,第3学期,317300009002,算法分析与设计实验,1,必修,,,,,,待查教学大纲（专业课）
信息学院,数据科学与大数据技术,第3学期,317300008001,程序设计能力综合实践,1,必修,,,,,,待查教学大纲（专业课）
信息学院,数据科学与大数据技术,第4学期,314300001008,毛泽东思想和中国特色3社会主义理论体系概论,3,必修,毛泽东思想和中国特色社会主义理论体系概论（2023年版）,本书编写组,2023年版,高等教育出版社,9787301299,公共课已匹配
信息学院,数据科学与大数据技术,第4学期,314300001009,习近平新时代中国特色3社会主义思想概论,3,必修,习近平新时代中国特色社会主义思想概论（2023年版）,本书编写组,2023年版,高等教育出版社,,公共课已匹配
信息学院,数据科学与大数据技术,第4学期,317300007049,大数据统计分析基础,3,必修,,,,,,待查教学大纲（专业课）
信息学院,数据科学与大数据技术,第4学期,317300007046,计算机组成与结构,3,必修,,,,,,待查教学大纲（专业课）
信息学院,数据科学与大数据技术,第4学期,317300007074,机器学习,3,必修,,,,,,待查教学大纲（专业课）
信息学院,数据科学与大数据技术,第4学期,317300009015,机器学习实验,1,必修,,,,,,待查教学大纲（专业课）
信息学院,数据科学与大数据技术,第4学期,3173009101,大数据采集与存储,2,必修,,,,,,待查教学大纲（专业课）
信息学院,数据科学与大数据技术,第4学期,9093009903,社会实践12周,2,必修,,,,,,待查教学大纲（专业课）
信息学院,数据科学与大数据技术,第5学期,317300007048,操作系统原理,3,必修,,,,,,待查教学大纲（专业课）
信息学院,数据科学与大数据技术,第5学期,317300007047,数据通信与网络,3,必修,,,,,,待查教学大纲（专业课）
信息学院,数据科学与大数据技术,第5学期,3173009078,数据挖掘,3,必修,,,,,,待查教学大纲（专业课）
信息学院,数据科学与大数据技术,第5学期,317300009012,数据挖掘实验,1,必修,,,,,,待查教学大纲（专业课）
信息学院,数据科学与大数据技术,第5学期,317300007050,大数据处理架构与模式,3,必修,,,,,,待查教学大纲（专业课）
信息学院,数据科学与大数据技术,第5学期,317300009013,大数据处理架构与模式实验,1,必修,,,,,,待查教学大纲（专业课）
信息学院,数据科学与大数据技术,第5学期,317300007037,深度学习与大语言模型,2,必修,,,,,,待查教学大纲（专业课）
信息学院,数据科学与大数据技术,第6学期,3173009067,人工智能,2,必修,,,,,,待查教学大纲（专业课）
信息学院,数据科学与大数据技术,第6学期,317300009014,人工智能实验,1,必修,,,,,,待查教学大纲（专业课）
信息学院,数据科学与大数据技术,第6学期,3173009103,科研训练与写作2第7学期考核,7,必修,,,,,,待查教学大纲（专业课）
信息学院,数据科学与大数据技术,第6学期,3173009102,大数据项目综合实践,2,必修,,,,,,待查教学大纲（专业课）
信息学院,数据科学与大数据技术,第6学期,317300008011,毕业实习,4,必修,,,,,,待查教学大纲（专业课）
信息学院,数据科学与大数据技术,6,,通识课程,,选修类别,,,,,,待查教学大纲（专业课）
信息学院,数据科学与大数据技术,7,,通识课程,,选修类别,,,,,,待查教学大纲（专业课）
信息学院,数据科学与大数据技术,第8学期,3173009020,毕业论文,6,必修,,,,,,待查教学大纲（专业课）
信息学院,数据科学与大数据技术,第8学期,3143009105,形势与政策（二）,1,必修,形势与政策（最新版）,教育部组编,每年更新,高等教育出版社,,公共课已匹配
信息学院,数据科学与大数据技术,第8学期,3143009003,中国近现代史纲要3484262马院OutlineofModernChineseHistory,2,必修,中国近现代史纲要（2023年版）,本书编写组,2023年版,高等教育出版社,,公共课已匹配
信息学院,数据科学与大数据技术,第8学期,314300001006,思想道德与法治3484261马院IdeologyMoralityandRuleofLaw,1,必修,思想道德与法治（2023年版）,本书编写组,2023年版,高等教育出版社,,公共课已匹配
信息学院,数据科学与大数据技术,第8学期,314300001008,BasicTheoryofMaoZedongThought3484084马院,4,必修,,,,,,待查教学大纲（专业课）
信息学院,数据科学与大数据技术,第8学期,314300001009,BasicTheoryofXiJinpingThought3484084马院,4,必修,,,,,,待查教学大纲（专业课）
信息学院,数据科学与大数据技术,第8学期,314300001007,马克思主义基本原理3484263马院BasicKnowledgeofMarxism,3,必修,马克思主义基本原理（2023年版）,本书编写组,2023年版,高等教育出版社,,公共课已匹配
信息学院,数据科学与大数据技术,第8学期,3143009104,形势与政策（一）116161-2马院SituationandPolicyEducation(I),2,必修,形势与政策（最新版）,教育部组编,每年更新,高等教育出版社,,公共课已匹配
信息学院,数据科学与大数据技术,8,,体育类课程必修，实行选项制，一、二年级要求每学期修满1,,必修类别,大学体育（教材）,本校编,最新版,校本教材,,公共课已匹配
信息学院,数据科学与大数据技术,8,,体育类课程教学详见《华中农业大学体育教学改革实施方案》。,,必修类别,大学体育（教材）,本校编,最新版,校本教材,,公共课已匹配
信息学院,数据科学与大数据技术,第8学期,307300007045,工程基础116161工学FoundationforEngineering,1,必修,,,,,,待查教学大纲（专业课）
信息学院,数据科学与大数据技术,第8学期,9093009904,军事理论本科232322MilitaryTheory生院,2,必修,军事理论课教程,教育部军委国防动员部,2023版,高等教育出版社,,公共课已匹配
信息学院,数据科学与大数据技术,第8学期,3113009824,写作与沟通116161/2文法WritingandCommunication,2,必修,写作与沟通,马工程/本校编,最新版,高等教育出版社,,公共课已匹配
信息学院,数据科学与大数据技术,第8学期,202300006005,本科PsychologicalDevelopmentand116161生院GuidanceofCollegeStudents,1,必修,,,,,,待查教学大纲（专业课）
信息学院,数据科学与大数据技术,第8学期,9093009774,本科InnovationandEntrepreneurship116162生院FoundationsforUndergraduates,2,必修,,,,,,待查教学大纲（专业课）
信息学院,数据科学与大数据技术,第8学期,310300001017,微积分A（1）580801信息CalculusA（I）,1,必修,高等数学（第七版·上/下册）,同济大学数学系,第7版,高等教育出版社,9787308798,公共课已匹配
信息学院,数据科学与大数据技术,第8学期,310300001024,线性代数A348481信息LinearAlgebraA,1,必修,线性代数（第六版）,同济大学数学系,第6版,高等教育出版社,9787040396632,公共课已匹配
信息学院,数据科学与大数据技术,第8学期,310300001032,微积分A（2）580802信息CalculusA（II）,2,必修,高等数学（第七版·上/下册）,同济大学数学系,第7版,高等教育出版社,9787308798,公共课已匹配
信息学院,数据科学与大数据技术,第8学期,310300001021,概率论与数理统计A464643信息ProbabilityandStatisticsA,3,必修,概率论与数理统计（第五版）,盛骤 谢式千,第5版,高等教育出版社,9787040384876,公共课已匹配
信息学院,数据科学与大数据技术,第8学期,310300001028,大学物理B464643工学CollegePhysicsB,3,必修,物理学（第七版）,马文蔚,第7版,高等教育出版社,9787571720,公共课已匹配
信息学院,数据科学与大数据技术,第8学期,310300001031,大学物理实验130303工学CollegePhysicsExperiment,3,必修,物理学（第七版）,马文蔚,第7版,高等教育出版社,9787571720,公共课已匹配
信息学院,数据科学与大数据技术,第8学期,317300007037,神经网络与深度学习24024165信息NeuralNetworkandDeepLearning,5,必修,,,,,,待查教学大纲（专业课）
信息学院,数据科学与大数据技术,第8学期,317300007048,操作系统原理36040205信息PrinciplesofOperationSystem,5,必修,,,,,,待查教学大纲（专业课）
信息学院,数据科学与大数据技术,第8学期,317300007047,数据通信与网络36040205信息DataCommunicationandNetworks,5,必修,,,,,,待查教学大纲（专业课）
信息学院,数据科学与大数据技术,第8学期,3173009067,人工智能232324信息ArtificialIntelligence,4,必修,,,,,,待查教学大纲（专业课）
信息学院,数据科学与大数据技术,第8学期,317300009014,人工智能实验130304信息ExperimentofArtificialIntelligence,4,必修,,,,,,待查教学大纲（专业课）
信息学院,数据科学与大数据技术,第8学期,317300007046,计算机组成与结构36044164信息ComputerOrganizationandArchitecture,4,必修,,,,,,待查教学大纲（专业课）
信息学院,数据科学与大数据技术,第8学期,3173009061,C/C++语言程序设计464641信息C/C++LanguageProgramming,1,必修,,,,,,待查教学大纲（专业课）
信息学院,数据科学与大数据技术,第8学期,3173009062,ExperimentofC/C++Language·130301信息,1,必修,,,,,,待查教学大纲（专业课）
信息学院,数据科学与大数据技术,第8学期,3173009065,离散数学348482信息DiscreteMathematics,2,必修,,,,,,待查教学大纲（专业课）
信息学院,数据科学与大数据技术,第8学期,317300007096,Python智能程序设计232322信息PythonIntelligentProgrammingDesign,2,必修,,,,,,待查教学大纲（专业课）
信息学院,数据科学与大数据技术,第8学期,317300009019,ExperimentofPythonIntelligent130302信息,2,必修,,,,,,待查教学大纲（专业课）
信息学院,数据科学与大数据技术,第8学期,317300007006,数据库原理232323信息PrinciplesofDatabase,3,必修,,,,,,待查教学大纲（专业课）
信息学院,数据科学与大数据技术,第8学期,317300009001,数据库原理实验130303信息ExperimentofPrinciplesofDatabase,3,必修,,,,,,待查教学大纲（专业课）
信息学院,数据科学与大数据技术,第8学期,317300007015,算法分析与设计232323信息AlgorithmAnalysisandDesign,3,必修,,,,,,待查教学大纲（专业课）
信息学院,数据科学与大数据技术,第8学期,317300009002,ExperimentofAlgorithmAnalysisand130303信息,3,必修,,,,,,待查教学大纲（专业课）
信息学院,数据科学与大数据技术,第8学期,317300007019,数据结构A348482信息DataStructuresA,2,必修,,,,,,待查教学大纲（专业课）
信息学院,数据科学与大数据技术,第8学期,317300009005,数据结构实验130302信息ExperimentofDataStructures,2,必修,,,,,,待查教学大纲（专业课）
信息学院,数据科学与大数据技术,第8学期,317300007074,机器学习348484信息MachineLearning,4,必修,,,,,,待查教学大纲（专业课）
信息学院,数据科学与大数据技术,第8学期,317300009015,机器学习实验130304信息ExperimentofMachineLearning,4,必修,,,,,,待查教学大纲（专业课）
信息学院,数据科学与大数据技术,第8学期,317300007075,自然语言处理348485信息NaturalLanguageProcessing,5,必修,,,,,,待查教学大纲（专业课）
信息学院,数据科学与大数据技术,第8学期,317300009016,ExperimentofNatural130305信息,5,必修,,,,,,待查教学大纲（专业课）
信息学院,数据科学与大数据技术,第8学期,317300007076,计算机视觉3484805信息ComputerVision,5,必修,,,,,,待查教学大纲（专业课）
信息学院,数据科学与大数据技术,第8学期,317300009017,计算机视觉实验130305信息ExperimentofComputerVision,5,必修,,,,,,待查教学大纲（专业课）
信息学院,数据科学与大数据技术,第8学期,317300007077,智能机器人2323206信息IntelligentRobotics,6,必修,,,,,,待查教学大纲（专业课）
信息学院,数据科学与大数据技术,第8学期,317300009018,智能机器人实验130306信息ExperimentofIntelligentRobotics,6,必修,,,,,,待查教学大纲（专业课）
信息学院,数据科学与大数据技术,第8学期,317300007100,软件工程24024164信息SoftwareEngineering,4,必修,,,,,,待查教学大纲（专业课）
信息学院,数据科学与大数据技术,第8学期,317300007024,Java程序设计24424205信息JavaProgramming,5,必修,,,,,,待查教学大纲（专业课）
信息学院,数据科学与大数据技术,第8学期,317300007097,鸿蒙开发24424205信息HarmonyOSDevelopment,5,必修,,,,,,待查教学大纲（专业课）
信息学院,数据科学与大数据技术,第8学期,317300007101,数字图像处理24024164信息DigitalImageProcessing,4,必修,,,,,,待查教学大纲（专业课）
信息学院,数据科学与大数据技术,第8学期,317300007094,数学建模及其实验2.54832164信息MathematicalModelingandExperiment,4,必修,,,,,,待查教学大纲（专业课）
信息学院,数据科学与大数据技术,第8学期,317300007104,TheoryandApplicationof24024167信息,7,必修,,,,,,待查教学大纲（专业课）
信息学院,数据科学与大数据技术,第8学期,317300007035,信息安全24024165信息InformationSecurity,5,必修,,,,,,待查教学大纲（专业课）
信息学院,数据科学与大数据技术,第8学期,317300007039,高性能计算24024166信息HighPerformanceComputing,6,必修,,,,,,待查教学大纲（专业课）
信息学院,数据科学与大数据技术,第8学期,317300007041,智慧农业232326信息IntelligentAgriculture,6,必修,,,,,,待查教学大纲（专业课）
信息学院,数据科学与大数据技术,第8学期,317300007080,KnowledgeRepresentationand24024165信息,5,必修,,,,,,待查教学大纲（专业课）
信息学院,数据科学与大数据技术,第8学期,317300007081,人机交互24024166信息Human-computerInteraction,6,必修,,,,,,待查教学大纲（专业课）
信息学院,数据科学与大数据技术,第8学期,317300007082,强化学习24024166信息ReinforcementLearning,6,必修,,,,,,待查教学大纲（专业课）
信息学院,数据科学与大数据技术,第8学期,3073009189,现代控制理论232326工学ModernControlTheory,6,必修,,,,,,待查教学大纲（专业课）
信息学院,数据科学与大数据技术,第8学期,317300007083,IntelligentProcessingof24024167信息,7,必修,,,,,,待查教学大纲（专业课）
信息学院,数据科学与大数据技术,第8学期,317300007085,三维视觉与理解24024166信息3DvisionandUnderstanding,3,必修,,,,,,待查教学大纲（专业课）
信息学院,数据科学与大数据技术,第8学期,3103009181,最优化理论和方法348485信息OptimizationTheoryandMethod,5,必修,,,,,,待查教学大纲（专业课）
信息学院,数据科学与大数据技术,第8学期,317300007078,矩阵论232325信息MatrixTheory,5,必修,,,,,,待查教学大纲（专业课）
信息学院,数据科学与大数据技术,第8学期,317300007063,SocialNetworkDataAnalysis24024166信息,6,必修,,,,,,待查教学大纲（专业课）
信息学院,数据科学与大数据技术,第8学期,9093009905,军事技能本科231Militaryskills生院,1,必修,军事训练教程,教育部军委国防动员部,2023版,高等教育出版社,,公共课已匹配
信息学院,数据科学与大数据技术,第8学期,9093009906,本科Innovationand11-7生院EntrepreneurshipPractice,7,必修,,,,,,待查教学大纲（专业课）
信息学院,数据科学与大数据技术,第8学期,202300008001,公共大学生心理素质拓展本科实践ThePracticeofMentalHealth1301生院PromotionforUndergraduates,1,必修,大学生心理健康教育,郑日昌,最新版,高等教育出版社,,公共课已匹配
信息学院,数据科学与大数据技术,第8学期,3143009105,形势与政策（二）1303-8马院SituationandPolicyEducation(II),8,必修,形势与政策（最新版）,教育部组编,每年更新,高等教育出版社,,公共课已匹配
信息学院,数据科学与大数据技术,第8学期,9093009903,社会实践114团委SocialPractice,4,必修,,,,,,待查教学大纲（专业课）
信息学院,数据科学与大数据技术,第8学期,110300008001,志愿服务1301-7团委VolunteerService公共,7,必修,,,,,,待查教学大纲（专业课）
信息学院,数据科学与大数据技术,第8学期,110300008002,实践美育实践11-7团委AestheticPractice,7,必修,,,,,,待查教学大纲（专业课）
信息学院,数据科学与大数据技术,第8学期,317300008001,IntegratedPracticeof1303信息在线测试,3,必修,,,,,,待查教学大纲（专业课）
信息学院,数据科学与大数据技术,第8学期,317300008003,IntegratedDesignandPracticeof224信息分组开展一周集训SoftwareandTheory,4,必修,,,,,,待查教学大纲（专业课）
信息学院,数据科学与大数据技术,第8学期,317300008016,文献调研与写作115信息在线测试LiteratureResearchandWriting,5,必修,,,,,,待查教学大纲（专业课）
信息学院,数据科学与大数据技术,第8学期,317300008004,IntegratedDesignandPracticeof226信息分组开展ComputerEngineering一周集训,6,必修,,,,,,待查教学大纲（专业课）
信息学院,数据科学与大数据技术,第8学期,317300008012,毕业实习446信息第6学期GraduationPractice暑期进行,6,必修,,,,,,待查教学大纲（专业课）
信息学院,数据科学与大数据技术,第8学期,3173009020,毕业论文6127-8信息导师制GraduationThesis,8,必修,,,,,,待查教学大纲（专业课）
信息学院,人工智能,第1学期,314300001006,思想道德与法治,3,必修,思想道德与法治（2023年版）,本书编写组,2023年版,高等教育出版社,,公共课已匹配
信息学院,人工智能,第1学期,310300001017,微积分A（1）,5,必修,高等数学（第七版·上/下册）,同济大学数学系,第7版,高等教育出版社,9787308798,公共课已匹配
信息学院,人工智能,第1学期,310300001024,线性代数A,3,必修,线性代数（第六版）,同济大学数学系,第6版,高等教育出版社,9787040396632,公共课已匹配
信息学院,人工智能,第1学期,3173009061,C/C++语言程序设计,4,必修,,,,,,待查教学大纲（专业课）
信息学院,人工智能,第1学期,3173009062,C/C++语言程序设计实验,1,必修,,,,,,待查教学大纲（专业课）
信息学院,人工智能,第1学期,9093009905,军事技能,2,必修,军事训练教程,教育部军委国防动员部,2023版,高等教育出版社,,公共课已匹配
信息学院,人工智能,第1学期,202300006005,大学生心理发展与指导,1,必修,大学生心理健康教育,郑日昌,最新版,高等教育出版社,,公共课已匹配
信息学院,人工智能,第1学期,202300008001,大学生心理素质拓展,1,必修,大学生心理健康教育,郑日昌,最新版,高等教育出版社,,公共课已匹配
信息学院,人工智能,第1学期,3143009104,修读两个学期，形势与政策（一）1第2学期给成绩,2,必修,形势与政策（最新版）,教育部组编,每年更新,高等教育出版社,,公共课已匹配
信息学院,人工智能,第1学期,307300007045,工程基础,1,必修,,,,,,待查教学大纲（专业课）
信息学院,人工智能,第2学期,3143009003,中国近现代史纲要,3,必修,中国近现代史纲要（2023年版）,本书编写组,2023年版,高等教育出版社,,公共课已匹配
信息学院,人工智能,第2学期,310300001032,微积分A（2）,5,必修,高等数学（第七版·上/下册）,同济大学数学系,第7版,高等教育出版社,9787308798,公共课已匹配
信息学院,人工智能,第2学期,317300007096,Python智能程序设计,2,必修,,,,,,待查教学大纲（专业课）
信息学院,人工智能,第2学期,317300009019,Python智能程序设计实验,1,必修,,,,,,待查教学大纲（专业课）
信息学院,人工智能,第2学期,3173009065,离散数学3排课先行数据结构2周,2,必修,,,,,,待查教学大纲（专业课）
信息学院,人工智能,第2学期,317300007019,数据结构A,3,必修,,,,,,待查教学大纲（专业课）
信息学院,人工智能,第2学期,317300009005,数据结构实验,1,必修,,,,,,待查教学大纲（专业课）
信息学院,人工智能,第2学期,9093009904,军事理论,2,必修,军事理论课教程,教育部军委国防动员部,2023版,高等教育出版社,,公共课已匹配
信息学院,人工智能,第2学期,9093009774,大学生创新创业基础,1,必修,大学生创新创业基础,本校编,最新版,高等教育出版社,,公共课已匹配
信息学院,人工智能,第2学期,3113009824,写作与沟通1不分学期修读，第一学年修完,1,必修,写作与沟通,马工程/本校编,最新版,高等教育出版社,,公共课已匹配
信息学院,人工智能,第3学期,314300001007,马克思主义基本原理,3,必修,马克思主义基本原理（2023年版）,本书编写组,2023年版,高等教育出版社,,公共课已匹配
信息学院,人工智能,第3学期,310300001021,概率论与数理统计A,4,必修,概率论与数理统计（第五版）,盛骤 谢式千,第5版,高等教育出版社,9787040384876,公共课已匹配
信息学院,人工智能,第3学期,310300001028,大学物理B,4,必修,物理学（第七版）,马文蔚,第7版,高等教育出版社,9787571720,公共课已匹配
信息学院,人工智能,第3学期,310300001031,大学物理实验,1,必修,物理学（第七版）,马文蔚,第7版,高等教育出版社,9787571720,公共课已匹配
信息学院,人工智能,第3学期,317300007006,数据库原理,2,必修,,,,,,待查教学大纲（专业课）
信息学院,人工智能,第3学期,317300009001,数据库原理实验,1,必修,,,,,,待查教学大纲（专业课）
信息学院,人工智能,第3学期,317300007015,算法分析与设计,2,必修,,,,,,待查教学大纲（专业课）
信息学院,人工智能,第3学期,317300009002,算法分析与设计实验,1,必修,,,,,,待查教学大纲（专业课）
信息学院,人工智能,第3学期,317300008001,程序设计能力综合实践1第3学期测试给成绩,3,必修,,,,,,待查教学大纲（专业课）
信息学院,人工智能,第4学期,314300001008,毛泽东思想和中国特色3社会主义理论体系概论,3,必修,毛泽东思想和中国特色社会主义理论体系概论（2023年版）,本书编写组,2023年版,高等教育出版社,9787301299,公共课已匹配
信息学院,人工智能,第4学期,314300001009,习近平新时代中国特色3社会主义思想概论,3,必修,习近平新时代中国特色社会主义思想概论（2023年版）,本书编写组,2023年版,高等教育出版社,,公共课已匹配
信息学院,人工智能,第4学期,3173009067,人工智能,2,必修,,,,,,待查教学大纲（专业课）
信息学院,人工智能,第4学期,317300009014,人工智能实验,1,必修,,,,,,待查教学大纲（专业课）
信息学院,人工智能,第4学期,317300007046,计算机组成与结构,3,必修,,,,,,待查教学大纲（专业课）
信息学院,人工智能,第4学期,3103009931,人工智能程序与平台设计2与实践,2,必修,,,,,,待查教学大纲（专业课）
信息学院,人工智能,第4学期,317300007074,机器学习,3,必修,,,,,,待查教学大纲（专业课）
信息学院,人工智能,第4学期,317300009015,机器学习实验,1,必修,,,,,,待查教学大纲（专业课）
信息学院,人工智能,第4学期,9093009903,社会实践11周,1,必修,,,,,,待查教学大纲（专业课）
信息学院,人工智能,第5学期,317300007048,操作系统原理,3,必修,,,,,,待查教学大纲（专业课）
信息学院,人工智能,第5学期,317300007047,数据通信与网络,3,必修,,,,,,待查教学大纲（专业课）
信息学院,人工智能,第5学期,317300007075,自然语言处理,3,必修,,,,,,待查教学大纲（专业课）
信息学院,人工智能,第5学期,317300009016,自然语言处理实验,1,必修,,,,,,待查教学大纲（专业课）
信息学院,人工智能,第5学期,317300007076,计算机视觉,3,必修,,,,,,待查教学大纲（专业课）
信息学院,人工智能,第5学期,317300009017,计算机视觉实验,1,必修,,,,,,待查教学大纲（专业课）
信息学院,人工智能,第5学期,317300007053,神经网络与深度学习,2,必修,,,,,,待查教学大纲（专业课）
信息学院,人工智能,第5学期,317300008016,第五学期文献调研与写作1在ITC系统完成,1,必修,,,,,,待查教学大纲（专业课）
信息学院,人工智能,第6学期,317300007077,智能机器人,2,必修,,,,,,待查教学大纲（专业课）
信息学院,人工智能,第6学期,317300009018,智能机器人实验,1,必修,,,,,,待查教学大纲（专业课）
信息学院,人工智能,第6学期,3173009045,人工智能应用综合设计与实践22周,2,必修,,,,,,待查教学大纲（专业课）
信息学院,人工智能,第6学期,3173009050,毕业实习,4,必修,,,,,,待查教学大纲（专业课）
信息学院,人工智能,第7学期,9093009906,创新创业实践,1,必修,,,,,,待查教学大纲（专业课）
信息学院,人工智能,第7学期,110300008002,美育实践,1,必修,,,,,,待查教学大纲（专业课）
信息学院,人工智能,第7学期,110300008001,志愿服务,1,必修,,,,,,待查教学大纲（专业课）
信息学院,人工智能,第8学期,3173009020,毕业论文,6,必修,,,,,,待查教学大纲（专业课）
信息学院,人工智能,第8学期,3143009105,形势与政策（二）,1,必修,形势与政策（最新版）,教育部组编,每年更新,高等教育出版社,,公共课已匹配
信息学院,人工智能,第8学期,314300001006,思想道德与法治3484261马院IdeologyMoralityandRuleofLaw,1,必修,思想道德与法治（2023年版）,本书编写组,2023年版,高等教育出版社,,公共课已匹配
信息学院,人工智能,第8学期,3143009003,中国近现代史纲要3484262马院OutlineofModernChineseHistory,2,必修,中国近现代史纲要（2023年版）,本书编写组,2023年版,高等教育出版社,,公共课已匹配
信息学院,人工智能,第8学期,314300001007,马克思主义基本原理3484263马院BasicKnowledgeofMarxism,3,必修,马克思主义基本原理（2023年版）,本书编写组,2023年版,高等教育出版社,,公共课已匹配
信息学院,人工智能,第8学期,314300001008,BasicTheoryofMaoZedongThought3484084马院,4,必修,,,,,,待查教学大纲（专业课）
信息学院,人工智能,第8学期,314300001009,BasicTheoryofXiJinpingThought3484084马院,4,必修,,,,,,待查教学大纲（专业课）
信息学院,人工智能,第8学期,3143009104,形势与政策（一）116161-2马院SituationandPolicyEducation(Ⅰ),2,必修,形势与政策（最新版）,教育部组编,每年更新,高等教育出版社,,公共课已匹配
信息学院,人工智能,8,,体育类课程必修，实行选项制，一、二年级要求每学期修满1,,必修类别,大学体育（教材）,本校编,最新版,校本教材,,公共课已匹配
信息学院,人工智能,8,,体育类课程教学详见《华中农业大学体育教学改革实施方案》。,,必修类别,大学体育（教材）,本校编,最新版,校本教材,,公共课已匹配
信息学院,人工智能,第8学期,307300007045,工程基础116161工学FoundationforEngineering,1,必修,,,,,,待查教学大纲（专业课）
信息学院,人工智能,第8学期,9093009904,军事理论本科232322MilitaryTheory生院,2,必修,军事理论课教程,教育部军委国防动员部,2023版,高等教育出版社,,公共课已匹配
信息学院,人工智能,第8学期,3113009824,写作与沟通116161/2文法WritingandCommunication,2,必修,写作与沟通,马工程/本校编,最新版,高等教育出版社,,公共课已匹配
信息学院,人工智能,第8学期,202300006005,本科PsychologicalDevelopmentand116161生院GuidanceofCollegeStudents,1,必修,,,,,,待查教学大纲（专业课）
信息学院,人工智能,第8学期,9093009774,本科InnovationandEntrepreneurship116162生院FoundationsforUndergraduates,2,必修,,,,,,待查教学大纲（专业课）
信息学院,人工智能,第8学期,3103009101,数学分析（1）580801信息MathematicalAnalysis（I）,1,必修,,,,,,待查教学大纲（专业课）
信息学院,人工智能,第8学期,3103009104,高等代数（1）580801信息AdvancedAlgebra（I）,1,必修,,,,,,待查教学大纲（专业课）
信息学院,人工智能,第8学期,310300001029,大学物理C232325工学CollegePhysicsC,5,必修,物理学（第七版）,马文蔚,第7版,高等教育出版社,9787571720,公共课已匹配
信息学院,人工智能,第8学期,310300001031,大学物理实验130305工学ExperimentofCollegePhysics,5,必修,物理学（第七版）,马文蔚,第7版,高等教育出版社,9787571720,公共课已匹配
信息学院,人工智能,第8学期,3103009272,几何学232323信息Geometry,3,必修,,,,,,待查教学大纲（专业课）
信息学院,人工智能,第8学期,310300007007,概率论与数理统计580804信息ProbabilityandStatistics,4,必修,概率论与数理统计（第五版）,盛骤 谢式千,第5版,高等教育出版社,9787040384876,公共课已匹配
信息学院,人工智能,第8学期,310300007011,数值逼近35640163信息NumericalApproximation,3,必修,,,,,,待查教学大纲（专业课）
信息学院,人工智能,第8学期,3173009061,C/C++语言程序设计464642信息C/C++LanguageProgramming,2,必修,,,,,,待查教学大纲（专业课）
信息学院,人工智能,第8学期,3173009062,ExperimentofC/C++Language130302信息,2,必修,,,,,,待查教学大纲（专业课）
信息学院,人工智能,第8学期,317300008005,Introductionto130301信息,1,必修,,,,,,待查教学大纲（专业课）
信息学院,人工智能,第8学期,310300010008,数据挖掘A24024166信息DataMiningA,6,必修,,,,,,待查教学大纲（专业课）
信息学院,人工智能,第8学期,3103009102,数学分析（2）580802信息MathematicalAnalysis（II）,2,必修,,,,,,待查教学大纲（专业课）
信息学院,人工智能,第8学期,3103009105,高等代数（2）580802信息AdvancedAlgebra（II）,2,必修,,,,,,待查教学大纲（专业课）
信息学院,人工智能,第8学期,3103009103,数学分析（3）580803信息MathematicalAnalysis（III）,3,必修,,,,,,待查教学大纲（专业课）
信息学院,人工智能,第8学期,310300007009,数据结构与算法47656203信息DataStructureandAlgorithms,3,必修,,,,,,待查教学大纲（专业课）
信息学院,人工智能,第8学期,310300007010,运筹学A464645信息OperationResearchA,5,必修,,,,,,待查教学大纲（专业课）
信息学院,人工智能,第8学期,3103009108,常微分方程464644信息OrdinaryDifferentialEquation,4,必修,,,,,,待查教学大纲（专业课）
信息学院,人工智能,第8学期,310300007012,数据分析35640165信息DataAnalysis,5,必修,,,,,,待查教学大纲（专业课）
信息学院,人工智能,第8学期,3173009065,离散数学348483信息DiscreteMathematics,3,必修,,,,,,待查教学大纲（专业课）
信息学院,人工智能,第8学期,317300007032,人工智能导论232325信息IntroductiontoArtificialIntelligence,5,必修,,,,,,待查教学大纲（专业课）
信息学院,人工智能,第8学期,310300007008,复变函数348485信息ComplexFunction,5,必修,,,,,,待查教学大纲（专业课）
信息学院,人工智能,第8学期,317300007024,Java程序设计24424205信息JavaProgramming,5,必修,,,,,,待查教学大纲（专业课）
信息学院,人工智能,第8学期,317300007107,偏微分方程232325信息PartialDifferentialEquations,5,必修,,,,,,待查教学大纲（专业课）
信息学院,人工智能,第8学期,3103009181,最优化理论与方法348485信息OptimizationTheoryandMethod,5,必修,,,,,,待查教学大纲（专业课）
信息学院,人工智能,第8学期,3103009190,信息理论基础232325信息FoundationsofInformationTheory,5,必修,,,,,,待查教学大纲（专业课）
信息学院,人工智能,第8学期,310300007015,数值代数24024165信息NumericalAlgebra,5,必修,,,,,,待查教学大纲（专业课）
信息学院,人工智能,第8学期,310300007017,信息安全35640166信息InformationSecurity,6,必修,,,,,,待查教学大纲（专业课）
信息学院,人工智能,第8学期,317300007108,实变函数348486信息RealVariableFunction,6,必修,,,,,,待查教学大纲（专业课）
信息学院,人工智能,第8学期,3103009141,NumericalSolutionof35640167信息,7,必修,,,,,,待查教学大纲（专业课）
信息学院,人工智能,第8学期,310300010007,MathematicalModelingA232324信息,4,必修,,,,,,待查教学大纲（专业课）
信息学院,人工智能,第8学期,310300010004,ExperimentofMathematical130304信息,4,必修,,,,,,待查教学大纲（专业课）
信息学院,人工智能,第8学期,3103009160,模糊数学232325信息FuzzyMathematics,5,必修,,,,,,待查教学大纲（专业课）
信息学院,人工智能,第8学期,310300007018,数字信号处理A24024166信息DigitalSignalProcessingA,6,必修,,,,,,待查教学大纲（专业课）
信息学院,人工智能,第8学期,310300007005,应用时间序列分析24424206信息AppliedTimeSeriesAnalysis,6,必修,,,,,,待查教学大纲（专业课）
信息学院,人工智能,第8学期,317300007046,计算机组成与结构36044164信息ComputerOrganizationandArchitecture,4,必修,,,,,,待查教学大纲（专业课）
信息学院,人工智能,第8学期,317300007006,数据库原理232325信息PrinciplesofDatabase,5,必修,,,,,,待查教学大纲（专业课）
信息学院,人工智能,第8学期,317300009001,数据库原理实验130305信息ExperimentofPrinciplesofDatabase,5,必修,,,,,,待查教学大纲（专业课）
信息学院,人工智能,第8学期,317300007048,操作系统原理36040205信息PrinciplesofOperationSystem,5,必修,,,,,,待查教学大纲（专业课）
信息学院,人工智能,第8学期,317300007102,DeepLearningandLarge24024167信息,7,必修,,,,,,待查教学大纲（专业课）
信息学院,人工智能,第8学期,317300007106,Python深度学习1248166信息DeepLearningwithPython,6,必修,,,,,,待查教学大纲（专业课）
信息学院,人工智能,第8学期,317300007047,数据通信与网络36040205信息DataCommunicationandNetwork,5,必修,,,,,,待查教学大纲（专业课）
信息学院,人工智能,第8学期,9093009905,军事技能本科231Militaryskills生院,1,必修,军事训练教程,教育部军委国防动员部,2023版,高等教育出版社,,公共课已匹配
信息学院,人工智能,第8学期,9093009906,本科Innovationand11-7生院EntrepreneurshipPractice,7,必修,,,,,,待查教学大纲（专业课）
信息学院,人工智能,第8学期,202300008001,本科ThePracticeofMentalHealth1301生院PromotionforUndergraduates公共,1,必修,,,,,,待查教学大纲（专业课）
信息学院,人工智能,第8学期,3143009105,实践形势与政策（二）1303-8马院SituationandPolicyEducation(II),8,必修,形势与政策（最新版）,教育部组编,每年更新,高等教育出版社,,公共课已匹配
信息学院,人工智能,第8学期,9093009903,社会实践114团委SocialPractice,4,必修,,,,,,待查教学大纲（专业课）
信息学院,人工智能,第8学期,110300008001,志愿服务1301-7团委VolunteerService,7,必修,,,,,,待查教学大纲（专业课）
信息学院,人工智能,第8学期,110300008002,美育实践11-7团委AestheticPractice,7,必修,,,,,,待查教学大纲（专业课）
信息学院,人工智能,第8学期,317300008007,BasicTraininginInformationand112信息,2,必修,,,,,,待查教学大纲（专业课）
信息学院,人工智能,第8学期,310300008001,PraticeofMathematicsModeling224信息第五学期andInformationTechnology前暑假,4,必修,,,,,,待查教学大纲（专业课）
信息学院,人工智能,第8学期,3173009102,专业226信息BigDataSubjectPractice,6,必修,,,,,,待查教学大纲（专业课）
信息学院,人工智能,第8学期,317300008009,专业方向研讨课1306信息SpecializationSeminar,6,必修,,,,,,待查教学大纲（专业课）
信息学院,人工智能,第8学期,317300008013,毕业实习43-46信息含劳动与GraduationPractice耕读教育,6,必修,,,,,,待查教学大纲（专业课）
信息学院,人工智能,第8学期,3173009020,毕业论文（设计）规范道德6127-8信息GraduationThesis(Design)教育,8,必修,,,,,,待查教学大纲（专业课）
信息学院,信息与计算科学,第1学期,314300001006,思想道德与法治,3,必修,思想道德与法治（2023年版）,本书编写组,2023年版,高等教育出版社,,公共课已匹配
信息学院,信息与计算科学,第1学期,307300007045,工程基础,1,必修,,,,,,待查教学大纲（专业课）
信息学院,信息与计算科学,第1学期,202300008001,大学生心理素质拓展,1,必修,大学生心理健康教育,郑日昌,最新版,高等教育出版社,,公共课已匹配
信息学院,信息与计算科学,第1学期,202300006005,大学生心理发展与指导,1,必修,大学生心理健康教育,郑日昌,最新版,高等教育出版社,,公共课已匹配
信息学院,信息与计算科学,第1学期,9093009905,军事技能,2,必修,军事训练教程,教育部军委国防动员部,2023版,高等教育出版社,,公共课已匹配
信息学院,信息与计算科学,第1学期,3143009104,形势与政策（一）,1,必修,形势与政策（最新版）,教育部组编,每年更新,高等教育出版社,,公共课已匹配
信息学院,信息与计算科学,第1学期,3103009101,数学分析（1）,5,必修,,,,,,待查教学大纲（专业课）
信息学院,信息与计算科学,第1学期,3103009104,高等代数（1）,5,必修,,,,,,待查教学大纲（专业课）
信息学院,信息与计算科学,第1学期,317300008005,信息与计算科学导论,1,必修,,,,,,待查教学大纲（专业课）
信息学院,信息与计算科学,第1学期,3113009824,写作与沟通,1,必修,写作与沟通,马工程/本校编,最新版,高等教育出版社,,公共课已匹配
信息学院,信息与计算科学,1,,外语类课程,,必修类别,新视野大学英语（第三版·读写教程）,郑树棠,第3版,外语教学与研究出版社,,公共课已匹配
信息学院,信息与计算科学,1,,体育类课程,,必修类别,大学体育（教材）,本校编,最新版,校本教材,,公共课已匹配
信息学院,信息与计算科学,第2学期,3143009003,中国近现代史纲要,3,必修,中国近现代史纲要（2023年版）,本书编写组,2023年版,高等教育出版社,,公共课已匹配
信息学院,信息与计算科学,第2学期,9093009774,大学生创新创业基础,1,必修,大学生创新创业基础,本校编,最新版,高等教育出版社,,公共课已匹配
信息学院,信息与计算科学,第2学期,3103009102,数学分析（2）,5,必修,,,,,,待查教学大纲（专业课）
信息学院,信息与计算科学,第2学期,3103009105,高等代数（2）,5,必修,,,,,,待查教学大纲（专业课）
信息学院,信息与计算科学,第2学期,3173009061,C/C++语言程序设计,4,必修,,,,,,待查教学大纲（专业课）
信息学院,信息与计算科学,第2学期,3173009062,C/C++语言程序设计实验,1,必修,,,,,,待查教学大纲（专业课）
信息学院,信息与计算科学,2,,外语类课程,,必修类别,新视野大学英语（第三版·读写教程）,郑树棠,第3版,外语教学与研究出版社,,公共课已匹配
信息学院,信息与计算科学,第2学期,9093009904,军事理论,2,必修,军事理论课教程,教育部军委国防动员部,2023版,高等教育出版社,,公共课已匹配
信息学院,信息与计算科学,2,,体育类课程,,必修类别,大学体育（教材）,本校编,最新版,校本教材,,公共课已匹配
信息学院,信息与计算科学,第3学期,314300001007,马克思主义基本原理,3,必修,马克思主义基本原理（2023年版）,本书编写组,2023年版,高等教育出版社,,公共课已匹配
信息学院,信息与计算科学,第3学期,3103009103,数学分析（3）,5,必修,,,,,,待查教学大纲（专业课）
信息学院,信息与计算科学,第3学期,3103009272,几何学2放前半学期,2,必修,,,,,,待查教学大纲（专业课）
信息学院,信息与计算科学,第3学期,310300007011,数值逼近3放后半学期,3,必修,,,,,,待查教学大纲（专业课）
信息学院,信息与计算科学,第3学期,310300007009,数据结构与算法4放后半学期,4,必修,,,,,,待查教学大纲（专业课）
信息学院,信息与计算科学,3,,外语类课程,,必修类别,新视野大学英语（第三版·读写教程）,郑树棠,第3版,外语教学与研究出版社,,公共课已匹配
信息学院,信息与计算科学,3,,体育类课程,,必修类别,大学体育（教材）,本校编,最新版,校本教材,,公共课已匹配
信息学院,信息与计算科学,第4学期,314300001008,毛泽东思想和中国特色3社会主义理论体系概论,3,必修,毛泽东思想和中国特色社会主义理论体系概论（2023年版）,本书编写组,2023年版,高等教育出版社,9787301299,公共课已匹配
信息学院,信息与计算科学,第4学期,314300001009,习近平新时代中国特色3社会主义思想概论,3,必修,习近平新时代中国特色社会主义思想概论（2023年版）,本书编写组,2023年版,高等教育出版社,,公共课已匹配
信息学院,信息与计算科学,第4学期,3103009108,常微分方程,4,必修,,,,,,待查教学大纲（专业课）
信息学院,信息与计算科学,第4学期,310300007007,概率论与数理统计,5,必修,概率论与数理统计（第五版）,盛骤 谢式千,第5版,高等教育出版社,9787040384876,公共课已匹配
信息学院,信息与计算科学,第4学期,310300008001,数学建模与信息技术应用实践,2,必修,,,,,,待查教学大纲（专业课）
信息学院,信息与计算科学,第4学期,9093009903,社会实践12周,2,必修,,,,,,待查教学大纲（专业课）
信息学院,信息与计算科学,4,,外语类课程,,必修类别,新视野大学英语（第三版·读写教程）,郑树棠,第3版,外语教学与研究出版社,,公共课已匹配
信息学院,信息与计算科学,4,,体育类课程,,必修类别,大学体育（教材）,本校编,最新版,校本教材,,公共课已匹配
信息学院,信息与计算科学,第5学期,310300007010,运筹学A,4,必修,,,,,,待查教学大纲（专业课）
信息学院,信息与计算科学,第5学期,310300007012,数据分析,3,必修,,,,,,待查教学大纲（专业课）
信息学院,信息与计算科学,第5学期,310300001029,大学物理C,2,必修,物理学（第七版）,马文蔚,第7版,高等教育出版社,9787571720,公共课已匹配
信息学院,信息与计算科学,第5学期,310300001031,大学物理实验,1,必修,物理学（第七版）,马文蔚,第7版,高等教育出版社,9787571720,公共课已匹配
信息学院,信息与计算科学,第6学期,310300001008,数据挖掘A,2,必修,,,,,,待查教学大纲（专业课）
信息学院,信息与计算科学,第6学期,3103009901,毕业实习43-4周,4,必修,,,,,,待查教学大纲（专业课）
信息学院,信息与计算科学,第6学期,3173009102,大数据项目综合实践24周,4,必修,,,,,,待查教学大纲（专业课）
信息学院,信息与计算科学,第7学期,9093009906,创新创业实践,1,必修,,,,,,待查教学大纲（专业课）
信息学院,信息与计算科学,第7学期,110300008002,美育实践,1,必修,,,,,,待查教学大纲（专业课）
信息学院,信息与计算科学,第8学期,3103009902,毕业论文（设计）612周,12,必修,,,,,,待查教学大纲（专业课）
信息学院,信息与计算科学,第8学期,3143009105,形势与政策（二）,1,必修,形势与政策（最新版）,教育部组编,每年更新,高等教育出版社,,公共课已匹配
植物科学技术学院,农学,第1学期,301300006008,植物生产类专业导论,1,必修,,,,,,待查教学大纲（专业课）
植物科学技术学院,农学,第1学期,3113009003,中国近现代史纲要,3,必修,中国近现代史纲要（2023年版）,本书编写组,2023年版,高等教育出版社,,公共课已匹配
植物科学技术学院,农学,第1学期,310300001019,微积分C,5,必修,高等数学（第七版·上/下册）,同济大学数学系,第7版,高等教育出版社,9787308798,公共课已匹配
植物科学技术学院,农学,第1学期,310300001009,无机及分析化学C,3,必修,无机及分析化学（第五版）,南京大学《无机及分析化学》编写组,第5版,高等教育出版社,,公共课已匹配
植物科学技术学院,农学,第1学期,310300001012,无机及分析化学实验C,1,必修,无机及分析化学（第五版）,南京大学《无机及分析化学》编写组,第5版,高等教育出版社,,公共课已匹配
植物科学技术学院,农学,第1学期,9093009904,军事理论,2,必修,军事理论课教程,教育部军委国防动员部,2023版,高等教育出版社,,公共课已匹配
植物科学技术学院,农学,第1学期,9093009905,军事技能,2,必修,军事训练教程,教育部军委国防动员部,2023版,高等教育出版社,,公共课已匹配
植物科学技术学院,农学,第1学期,3113009824,写作与沟通,1,必修,写作与沟通,马工程/本校编,最新版,高等教育出版社,,公共课已匹配
植物科学技术学院,农学,第1学期,9093009774,大学生创新创业基础,1,必修,大学生创新创业基础,本校编,最新版,高等教育出版社,,公共课已匹配
植物科学技术学院,农学,1,,通识课程,,选修类别,,,,,,待查教学大纲（专业课）
植物科学技术学院,农学,1,,外语类课程,,必修类别,新视野大学英语（第三版·读写教程）,郑树棠,第3版,外语教学与研究出版社,,公共课已匹配
植物科学技术学院,农学,1,,体育类课程,,必修类别,大学体育（教材）,本校编,最新版,校本教材,,公共课已匹配
植物科学技术学院,农学,第2学期,314300001006,思想道德与法治,3,必修,思想道德与法治（2023年版）,本书编写组,2023年版,高等教育出版社,,公共课已匹配
植物科学技术学院,农学,第2学期,310300001023,概率论,2,必修,概率论与数理统计（第五版）,盛骤 谢式千,第5版,高等教育出版社,9787040384876,公共课已匹配
植物科学技术学院,农学,第2学期,310300001024,线性代数A,3,必修,线性代数（第六版）,同济大学数学系,第6版,高等教育出版社,9787040396632,公共课已匹配
植物科学技术学院,农学,第2学期,310300001029,大学物理C,2,必修,物理学（第七版）,马文蔚,第7版,高等教育出版社,9787571720,公共课已匹配
植物科学技术学院,农学,第2学期,310300001031,大学物理实验,1,必修,物理学（第七版）,马文蔚,第7版,高等教育出版社,9787571720,公共课已匹配
植物科学技术学院,农学,第2学期,310300001002,有机化学B,3,必修,有机化学（农科类 第三版）,汪小兰,第3版,高等教育出版社,,公共课已匹配
植物科学技术学院,农学,第2学期,310300001005,有机化学实验B,1,必修,有机化学（农科类 第三版）,汪小兰,第3版,高等教育出版社,,公共课已匹配
植物科学技术学院,农学,第2学期,3043009101,植物学,2,必修,,,,,,待查教学大纲（专业课）
植物科学技术学院,农学,第2学期,304300009022,植物学实验,1,必修,,,,,,待查教学大纲（专业课）
植物科学技术学院,农学,第2学期,202300006005,大学生心理发展与指导,1,必修,大学生心理健康教育,郑日昌,最新版,高等教育出版社,,公共课已匹配
植物科学技术学院,农学,第2学期,202300008001,大学生心理素质拓展,1,必修,大学生心理健康教育,郑日昌,最新版,高等教育出版社,,公共课已匹配
植物科学技术学院,农学,第2学期,3143009104,形势与政策（一）,1,必修,形势与政策（最新版）,教育部组编,每年更新,高等教育出版社,,公共课已匹配
植物科学技术学院,农学,第2学期,317300001008,人工智能应用基础,2,必修,人工智能基础（通识）,大学计算机课程教指委,最新版,高等教育出版社,9787428708,公共课已匹配
植物科学技术学院,农学,第2学期,317300001009,人工智能应用基础实验,1,必修,人工智能基础（通识）,大学计算机课程教指委,最新版,高等教育出版社,9787428708,公共课已匹配
植物科学技术学院,农学,2,,外语类课程,,必修类别,新视野大学英语（第三版·读写教程）,郑树棠,第3版,外语教学与研究出版社,,公共课已匹配
植物科学技术学院,农学,2,,体育类课程,,必修类别,大学体育（教材）,本校编,最新版,校本教材,,公共课已匹配
植物科学技术学院,农学,第3学期,314300001008,3社会主义理论体系概论,3,必修,,,,,,待查教学大纲（专业课）
植物科学技术学院,农学,第3学期,314300001009,3社会主义思想概论,3,必修,,,,,,待查教学大纲（专业课）
植物科学技术学院,农学,第3学期,301300007144,生物化学B,4,必修,,,,,,待查教学大纲（专业课）
植物科学技术学院,农学,第3学期,301300009009,植物生物化学实验,1,必修,,,,,,待查教学大纲（专业课）
植物科学技术学院,农学,第3学期,301300007147,遗传学B,3,必修,,,,,,待查教学大纲（专业课）
植物科学技术学院,农学,第3学期,301300009011,遗传学实验C,1,必修,,,,,,待查教学大纲（专业课）
植物科学技术学院,农学,第3学期,304300007052,微生物学B,3,必修,,,,,,待查教学大纲（专业课）
植物科学技术学院,农学,第3学期,301300008015,智慧作物生产实践,2,必修,,,,,,待查教学大纲（专业课）
植物科学技术学院,农学,第3学期,307300008004,工程基础实践,1,必修,,,,,,待查教学大纲（专业课）
植物科学技术学院,农学,3,,外语类课程,,必修类别,新视野大学英语（第三版·读写教程）,郑树棠,第3版,外语教学与研究出版社,,公共课已匹配
植物科学技术学院,农学,3,,体育类课程,,必修类别,大学体育（教材）,本校编,最新版,校本教材,,公共课已匹配
植物科学技术学院,农学,第4学期,314300001007,马克思主义基本原理,3,必修,马克思主义基本原理（2023年版）,本书编写组,2023年版,高等教育出版社,,公共课已匹配
植物科学技术学院,农学,第4学期,3013009104,植物生理学A,3,必修,,,,,,待查教学大纲（专业课）
植物科学技术学院,农学,第4学期,301300009012,植物生理学实验,1,必修,,,,,,待查教学大纲（专业课）
植物科学技术学院,农学,第4学期,9093009903,社会实践,1,必修,,,,,,待查教学大纲（专业课）
植物科学技术学院,农学,第4学期,301300008009,农学专业综合实习,1,必修,,,,,,待查教学大纲（专业课）
植物科学技术学院,农学,第4学期,301300008015,智慧作物生产实践,2,必修,,,,,,待查教学大纲（专业课）
植物科学技术学院,农学,4,,外语类课程,,必修类别,新视野大学英语（第三版·读写教程）,郑树棠,第3版,外语教学与研究出版社,,公共课已匹配
植物科学技术学院,农学,4,,体育类课程,,必修类别,大学体育（教材）,本校编,最新版,校本教材,,公共课已匹配
植物科学技术学院,农学,第5学期,301300007019,生物统计与田间试验设计,3,必修,,,,,,待查教学大纲（专业课）
植物科学技术学院,农学,第5学期,3013009297,作物栽培学A,4,必修,,,,,,待查教学大纲（专业课）
植物科学技术学院,农学,第5学期,3013009151,作物育种学A,3,必修,,,,,,待查教学大纲（专业课）
植物科学技术学院,农学,第5学期,303300007031,土壤肥料学B,3,必修,,,,,,待查教学大纲（专业课）
植物科学技术学院,农学,第5学期,301300008001,三田实习1第5-6学期,6,必修,,,,,,待查教学大纲（专业课）
植物科学技术学院,农学,5,,通识课程,,选修类别,,,,,,待查教学大纲（专业课）
植物科学技术学院,农学,第6学期,3013009113,耕作学,2,必修,,,,,,待查教学大纲（专业课）
植物科学技术学院,农学,第6学期,3013009118,植物保护通论A,3,必修,,,,,,待查教学大纲（专业课）
植物科学技术学院,农学,第6学期,3013009119,植物保护通论实验,1,必修,,,,,,待查教学大纲（专业课）
植物科学技术学院,农学,第6学期,3013009189,作物学实验2第6-7学期,7,必修,,,,,,待查教学大纲（专业课）
植物科学技术学院,农学,第6学期,301300008001,三田实习1第5-6学期,6,必修,,,,,,待查教学大纲（专业课）
植物科学技术学院,农学,第6学期,301300008019,毕业综合实习,2,必修,,,,,,待查教学大纲（专业课）
植物科学技术学院,农学,第6学期,301300007156,智慧农作前沿专题,1,必修,,,,,,待查教学大纲（专业课）
植物科学技术学院,农学,第7学期,3013009189,作物学实验2第6-7学期,7,必修,,,,,,待查教学大纲（专业课）
植物科学技术学院,农学,第8学期,3013009911,毕业论文（设计）65-8学期,8,必修,,,,,,待查教学大纲（专业课）
植物科学技术学院,农学,第8学期,3143009105,形势与政策（二）,1,必修,形势与政策（最新版）,教育部组编,每年更新,高等教育出版社,,公共课已匹配
植物科学技术学院,农学,第8学期,3143009003,3484261马院OutlineofModernChineseHistory,1,必修,,,,,,待查教学大纲（专业课）
植物科学技术学院,农学,第8学期,314300001006,3484262马院IdeologyMoralityandRuleofLaw,2,必修,,,,,,待查教学大纲（专业课）
植物科学技术学院,农学,第8学期,314300001008,BasicTheoryofMaoZedong3484083马院,3,必修,,,,,,待查教学大纲（专业课）
植物科学技术学院,农学,第8学期,314300001009,BasicTheoryofXiJinping3484083马院,3,必修,,,,,,待查教学大纲（专业课）
植物科学技术学院,农学,第8学期,314300001007,3484264马院BasicKnowledgeofMarxism,4,必修,,,,,,待查教学大纲（专业课）
植物科学技术学院,农学,第8学期,3143009104,116161-2马院SituationandPolicyEducation（Ⅰ）,2,必修,,,,,,待查教学大纲（专业课）
植物科学技术学院,农学,8,,体育类课程必修，实行选项制，一、二年级要求每学期修满1,,必修类别,大学体育（教材）,本校编,最新版,校本教材,,公共课已匹配
植物科学技术学院,农学,8,,体育类课程教学详见《华中农业大学体育教学改革实施方案》。,,必修类别,大学体育（教材）,本校编,最新版,校本教材,,公共课已匹配
植物科学技术学院,农学,第8学期,9093009904,232321MilitaryTheory生院,1,必修,,,,,,待查教学大纲（专业课）
植物科学技术学院,农学,第8学期,3113009824,116161/2文法WritingandCommunication,2,必修,,,,,,待查教学大纲（专业课）
植物科学技术学院,农学,第8学期,9093009774,InnovationandEntrepreneurship116161生院,1,必修,,,,,,待查教学大纲（专业课）
植物科学技术学院,农学,第8学期,202300006005,PsychologicalDevelopmentand116162生院,2,必修,,,,,,待查教学大纲（专业课）
植物科学技术学院,农学,第8学期,307300008004,130303工学FundamentalEngineeringPractice,3,必修,,,,,,待查教学大纲（专业课）
植物科学技术学院,农学,第8学期,301300005012,116162植科TalkonSeedIndustryHistory,2,必修,,,,,,待查教学大纲（专业课）
植物科学技术学院,农学,第8学期,301300005001,116162植科InsectsandHumanLife,2,必修,,,,,,待查教学大纲（专业课）
植物科学技术学院,农学,第8学期,301300005003,116162植科InsectsandtheNobelPrize,2,必修,,,,,,待查教学大纲（专业课）
植物科学技术学院,农学,第8学期,301300005004,116162植科CoevolutionofInsectsandPlants,2,必修,,,,,,待查教学大纲（专业课）
植物科学技术学院,农学,第8学期,301300005005,116162植科PlantDiseasesandHumans,2,必修,,,,,,待查教学大纲（专业课）
植物科学技术学院,农学,第8学期,301300005006,116162植科MicrobeandPlant,2,必修,,,,,,待查教学大纲（专业课）
植物科学技术学院,农学,第8学期,301300005013,116162植科PlantImmunology,2,必修,,,,,,待查教学大纲（专业课）
植物科学技术学院,农学,第8学期,301300005007,116162植科GreenPesticide&ModernAgriculture,2,必修,,,,,,待查教学大纲（专业课）
植物科学技术学院,农学,第8学期,301300005008,116162植科FungiandHumanLife,2,必修,,,,,,待查教学大纲（专业课）
植物科学技术学院,农学,第8学期,301300005009,116162植科PlantNanobiotechnology,2,必修,,,,,,待查教学大纲（专业课）
植物科学技术学院,农学,第8学期,310300001019,微积分C580801信息CalculusC,1,必修,高等数学（第七版·上/下册）,同济大学数学系,第7版,高等教育出版社,9787308798,公共课已匹配
植物科学技术学院,农学,第8学期,310300001008,无机及分析化学C348481化学InorganicandAnalyticalChemistryB,1,必修,无机及分析化学（第五版）,南京大学《无机及分析化学》编写组,第5版,高等教育出版社,,公共课已匹配
植物科学技术学院,农学,第8学期,310300001011,InorganicandAnalytical130301化学,1,必修,,,,,,待查教学大纲（专业课）
植物科学技术学院,农学,第8学期,317300001023,232322信息Probability,2,必修,,,,,,待查教学大纲（专业课）
植物科学技术学院,农学,第8学期,310300001025,线性代数A348482信息LinearAlgebraA,2,必修,线性代数（第六版）,同济大学数学系,第6版,高等教育出版社,9787040396632,公共课已匹配
植物科学技术学院,农学,第8学期,310300001029,大学物理C232322工学CollegePhysicsC,2,必修,物理学（第七版）,马文蔚,第7版,高等教育出版社,9787571720,公共课已匹配
植物科学技术学院,农学,第8学期,310300001031,130302工学CollegePhysicsExperiment,2,必修,,,,,,待查教学大纲（专业课）
植物科学技术学院,农学,第8学期,310300001002,有机化学B348482化学OrganicChemistryB,2,必修,有机化学（农科类 第三版）,汪小兰,第3版,高等教育出版社,,公共课已匹配
植物科学技术学院,农学,第8学期,310300001005,有机化学实验B130302化学OrganicChemistryExperimentB,2,必修,有机化学（农科类 第三版）,汪小兰,第3版,高等教育出版社,,公共课已匹配
植物科学技术学院,农学,第8学期,317300001008,FundamentalsofArtificial232322信息,2,必修,,,,,,待查教学大纲（专业课）
植物科学技术学院,农学,第8学期,317300001009,ExperimentsontheFundamentals116162信息,2,必修,,,,,,待查教学大纲（专业课）
植物科学技术学院,农学,第8学期,301300007155,12412124植科SmartPlantProtectionApplications,4,必修,,,,,,待查教学大纲（专业课）
植物科学技术学院,农学,第8学期,3043009101,232322生科Botany,2,必修,,,,,,待查教学大纲（专业课）
植物科学技术学院,农学,第8学期,304300009022,130302生科BotanyExperiments,2,必修,,,,,,待查教学大纲（专业课）
植物科学技术学院,农学,第8学期,304300007052,微生物学B34828203植科MicrobiologyB,3,必修,,,,,,待查教学大纲（专业课）
植物科学技术学院,农学,第8学期,301300007144,生物化学B464643植科BiochemistryB,3,必修,,,,,,待查教学大纲（专业课）
植物科学技术学院,农学,第8学期,301300009009,ExperimentsofPlantBiochemistry130303植科,3,必修,,,,,,待查教学大纲（专业课）
植物科学技术学院,农学,第8学期,301300007147,遗传学B3484803植科GeneticsB,3,必修,,,,,,待查教学大纲（专业课）
植物科学技术学院,农学,第8学期,301300009011,遗传实验C120203植科GeneticsLaboratoryPracticeC,3,必修,,,,,,待查教学大纲（专业课）
植物科学技术学院,农学,第8学期,3013009104,348484植科PlantPhysiology,4,必修,,,,,,待查教学大纲（专业课）
植物科学技术学院,农学,第8学期,301300009012,125254植科ExperimentofPlantPhysiology,4,必修,,,,,,待查教学大纲（专业课）
植物科学技术学院,农学,第8学期,3013009309,BiostatisticsandField34838105植科,5,必修,,,,,,待查教学大纲（专业课）
植物科学技术学院,农学,第8学期,3013009124,348484植科GeneralEntomology,4,必修,,,,,,待查教学大纲（专业课）
植物科学技术学院,农学,第8学期,3013009125,普通昆虫学实验A1.550504植科GeneralEntomologyExperimentsA,4,必修,,,,,,待查教学大纲（专业课）
植物科学技术学院,农学,第8学期,3013009122,3.556564植科GeneralPlantPathology,4,必修,,,,,,待查教学大纲（专业课）
植物科学技术学院,农学,第8学期,3013009123,130304植科ExperimentsofGeneralPlantPathology,4,必修,,,,,,待查教学大纲（专业课）
植物科学技术学院,农学,第8学期,301300007011,农业昆虫学A232325植科AgriculturalEntomologyA,5,必修,,,,,,待查教学大纲（专业课）
植物科学技术学院,农学,第8学期,301300009003,农业昆虫学实验A1305植科AgriculturalEntomologyA,5,必修,,,,,,待查教学大纲（专业课）
植物科学技术学院,农学,第8学期,301300007042,46444205植科PlantChemicalProtection,5,必修,,,,,,待查教学大纲（专业课）
植物科学技术学院,农学,第8学期,301300007141,232325植科PlantQuarantine,5,必修,,,,,,待查教学大纲（专业课）
植物科学技术学院,农学,第8学期,301300009008,130305植科QuarantineLaboratory,5,必修,,,,,,待查教学大纲（专业课）
植物科学技术学院,农学,第8学期,301300007043,232326植科AgriculturalPlantPathology,6,必修,,,,,,待查教学大纲（专业课）
植物科学技术学院,农学,第8学期,301300009002,1306植科AgriculturalPlantPathology,6,必修,,,,,,待查教学大纲（专业课）
植物科学技术学院,农学,第8学期,317300007037,24024165信息NeuralNetworkandDeepLearning,5,必修,,,,,,待查教学大纲（专业课）
植物科学技术学院,农学,第8学期,317300007091,232325信息PrincipeofArtificialIntelligence,5,必修,,,,,,待查教学大纲（专业课）
植物科学技术学院,农学,第8学期,3013009116,3484080.5周4植科AgriculturalMeteorology,4,必修,,,,,,待查教学大纲（专业课）
植物科学技术学院,农学,第8学期,301300007044,116164植科GeneralPesticides,4,必修,,,,,,待查教学大纲（专业课）
植物科学技术学院,农学,第8学期,304300007059,分子生物学B232324生科MolecularBiologyB,4,必修,,,,,,待查教学大纲（专业课）
植物科学技术学院,农学,第8学期,301300007135,作物栽培学B348484植科CropCultivationScienceB,4,必修,,,,,,待查教学大纲（专业课）
植物科学技术学院,农学,第8学期,3013009243,23222105植科UrbanEntomology,5,必修,,,,,,待查教学大纲（专业课）
植物科学技术学院,农学,第8学期,3013009205,232325植科Bioinformatics,5,必修,,,,,,待查教学大纲（专业课）
植物科学技术学院,农学,第8学期,3013009253,食用菌栽培学A332321周5植科CultivationofEdibleFungiA,5,必修,,,,,,待查教学大纲（专业课）
植物科学技术学院,农学,第8学期,3013009252,ProcessingofEdible34828205植科,5,必修,,,,,,待查教学大纲（专业课）
植物科学技术学院,农学,第8学期,3013009126,34828206植科InsectEcologyandForecast,6,必修,,,,,,待查教学大纲（专业课）
植物科学技术学院,农学,第8学期,3013009314,1.5241686植科PlantDiseaseEpidemiology,6,必修,,,,,,待查教学大纲（专业课）
植物科学技术学院,农学,第8学期,301300002007,232326植科InsectPlantInteractions,6,必修,,,,,,待查教学大纲（专业课）
植物科学技术学院,农学,第8学期,3013009347,2322486植科BreedingofEdibleFungi,6,必修,,,,,,待查教学大纲（专业课）
植物科学技术学院,农学,第8学期,3013009333,2322666植科PlantPestQuarantine,6,必修,,,,,,待查教学大纲（专业课）
植物科学技术学院,农学,第8学期,3013009336,2322666植科PlantDiseaseQuarantine,6,必修,,,,,,待查教学大纲（专业课）
植物科学技术学院,农学,第8学期,301300007053,116166植科InvasionBiology,6,必修,,,,,,待查教学大纲（专业课）
植物科学技术学院,农学,第8学期,3013009340,34824156植科PesticideBioassay,6,必修,,,,,,待查教学大纲（专业课）
植物科学技术学院,农学,第8学期,3013009341,23224156植科PesticideFormulations,6,必修,,,,,,待查教学大纲（专业课）
植物科学技术学院,农学,第8学期,301300007056,1166植科PesticideToxicology,6,必修,,,,,,待查教学大纲（专业课）
植物科学技术学院,农学,第8学期,3013009315,PestandDiseaseof34832160.5周6植科,6,必修,,,,,,待查教学大纲（专业课）
植物科学技术学院,农学,第8学期,301300007110,2326植科InsectImmunology,6,必修,,,,,,待查教学大纲（专业课）
植物科学技术学院,农学,第8学期,3013009235,232326植科SpecialEnglishforPlantProtection,6,必修,,,,,,待查教学大纲（专业课）
植物科学技术学院,农学,第8学期,3013009227,232326植科MolecularPlantPathology,6,必修,,,,,,待查教学大纲（专业课）
植物科学技术学院,农学,第8学期,301300002003,MolecularPlantPathology232326植科（全英文课程）,6,必修,,,,,,待查教学大纲（专业课）
植物科学技术学院,农学,第8学期,3013009240,232326植科InsectResources,6,必修,,,,,,待查教学大纲（专业课）
植物科学技术学院,农学,第8学期,301300002004,232326植科Plant-BioticInteractions,6,必修,,,,,,待查教学大纲（专业课）
植物科学技术学院,农学,第8学期,3013009273,ResearchMethodsforPlant260606植科,6,必修,,,,,,待查教学大纲（专业课）
植物科学技术学院,农学,第8学期,301300007052,PrinciplesandMethods23220126植科ofIdentificationand,6,必修,,,,,,待查教学大纲（专业课）
植物科学技术学院,农学,第8学期,301300007049,DiseaseofPost-Harvested1167植科,7,必修,,,,,,待查教学大纲（专业课）
植物科学技术学院,农学,第8学期,3013009323,116167植科BiologicalControlofPlantDiseases,7,必修,,,,,,待查教学大纲（专业课）
植物科学技术学院,农学,第8学期,3013009324,116167植科BiologicalControlofCropInsects,7,必修,,,,,,待查教学大纲（专业课）
植物科学技术学院,农学,第8学期,301300007050,1167植科PlantNematology,7,必修,,,,,,待查教学大纲（专业课）
植物科学技术学院,农学,第8学期,3013009326,116167植科VectorEntomology,7,必修,,,,,,待查教学大纲（专业课）
植物科学技术学院,农学,第8学期,3013009276,23222107植科WeedScience,7,必修,,,,,,待查教学大纲（专业课）
植物科学技术学院,农学,第8学期,301300007060,1167植科BiologicalPesticide,7,必修,,,,,,待查教学大纲（专业课）
植物科学技术学院,农学,第8学期,3013009328,116168植科PlantVirology,8,必修,,,,,,待查教学大纲（专业课）
植物科学技术学院,农学,第8学期,3013009330,116168植科PlantPathogenicBacteria,8,必修,,,,,,待查教学大纲（专业课）
植物科学技术学院,农学,第8学期,3013009346,232328植科PesticideEnvironmentalToxicology,8,必修,,,,,,待查教学大纲（专业课）
植物科学技术学院,农学,第8学期,9093009905,26031Militaryskills生院,1,必修,,,,,,待查教学大纲（专业课）
植物科学技术学院,农学,第8学期,9093009906,Innovationand11-7生院,7,必修,,,,,,待查教学大纲（专业课）
植物科学技术学院,农学,第8学期,202300008001,ThePracticeofMentalHealth13012生院,2,必修,,,,,,待查教学大纲（专业课）
植物科学技术学院,农学,第8学期,3143009105,实践SituationandPolicy13013-8马院,8,必修,,,,,,待查教学大纲（专业课）
植物科学技术学院,农学,第8学期,9093009903,13014团委SocialPractice,4,必修,,,,,,待查教学大纲（专业课）
植物科学技术学院,农学,第8学期,110300008001,13011-7团委VolunteerService,7,必修,,,,,,待查教学大纲（专业课）
植物科学技术学院,农学,第8学期,110300008002,11-7团委AestheticPractice,7,必修,,,,,,待查教学大纲（专业课）
植物科学技术学院,农学,第8学期,301300008003,26024-5植科,5,必修,,,,,,待查教学大纲（专业课）
植物科学技术学院,农学,第8学期,301300008018,26044植科第二学年FoundationPracticeofSpecialty暑期进行,4,必修,,,,,,待查教学大纲（专业课）
植物科学技术学院,农学,第8学期,301300008015,PracticeofSmart412083-4植科,4,必修,,,,,,待查教学大纲（专业课）
植物科学技术学院,农学,第8学期,301300008019,实践246植科ComprehensiveGraduation,6,必修,,,,,,待查教学大纲（专业课）
植物科学技术学院,农学,第8学期,3013009911,6180124-8植科GraduationThesis,8,必修,,,,,,待查教学大纲（专业课）
植物科学技术学院,农学,第8学期,301210003002,116167植科BasicSkillTrainingofPlantProtection,7,必修,,,,,,待查教学大纲（专业课）
植物科学技术学院,农学,第8学期,301210003003,Principleandcutting-edgeof1.524247植科,7,必修,,,,,,待查教学大纲（专业课）
植物科学技术学院,农学,第8学期,301210003006,232327植科AdvancedPlantPathology,7,必修,,,,,,待查教学大纲（专业课）
植物科学技术学院,农学,第8学期,301210003007,116167植科MolecularPlant-MicrobeInteraction,7,必修,,,,,,待查教学大纲（专业课）
植物科学技术学院,农学,第8学期,301210003008,232327植科InsectEcology,7,必修,,,,,,待查教学大纲（专业课）
植物科学技术学院,农学,第8学期,301210003009,116167植科IntegratedInsectPestManagement,7,必修,,,,,,待查教学大纲（专业课）
植物科学技术学院,农学,第8学期,301210003010,1.524247植科ResearchProgressofEntomology,7,必修,,,,,,待查教学大纲（专业课）
植物科学技术学院,农学,第8学期,301210003011,232327植科PesticideChemicalBiology,7,必修,,,,,,待查教学大纲（专业课）
植物科学技术学院,农学,第8学期,301210003012,232327植科Modernresearchmethodsofpesticide,7,必修,,,,,,待查教学大纲（专业课）
植物科学技术学院,农学,第8学期,301210003013,232327植科ResearchAdvancesinPesticideScience,7,必修,,,,,,待查教学大纲（专业课）
植物科学技术学院,农学,第8学期,301210003017,232327植科Invasionbiology,7,必修,,,,,,待查教学大纲（专业课）
植物科学技术学院,农学,第8学期,301210003016,232328植科Progressinplantquarantine,8,必修,,,,,,待查教学大纲（专业课）
植物科学技术学院,农学,第8学期,301220003001,Investigationandevaluationon232327植科,7,必修,,,,,,待查教学大纲（专业课）
植物科学技术学院,农学,第8学期,301220003002,Advancedexperimentaldesign232327植科,7,必修,,,,,,待查教学大纲（专业课）
植物科学技术学院,农学,第8学期,301220003003,TechnologyandApplicationof232327植科,7,必修,,,,,,待查教学大纲（专业课）
植物科学技术学院,农学,第8学期,301220003004,232327植科Plantpestintegratedmanagement,7,必修,,,,,,待查教学大纲（专业课）
植物科学技术学院,农学,第8学期,301220003005,Efficientutilizationandmanagement232327植科,7,必修,,,,,,待查教学大纲（专业课）
植物科学技术学院,农学,第8学期,301220003006,TechnicalProgressofResources232327植科,7,必修,,,,,,待查教学大纲（专业课）
植物科学技术学院,植物保护,第1学期,3013009306,植物生产类专业导论,1,必修,,,,,,待查教学大纲（专业课）
植物科学技术学院,植物保护,第1学期,3113009003,中国近现代史纲要,3,必修,中国近现代史纲要（2023年版）,本书编写组,2023年版,高等教育出版社,,公共课已匹配
植物科学技术学院,植物保护,第1学期,310300001019,微积分C,5,必修,高等数学（第七版·上/下册）,同济大学数学系,第7版,高等教育出版社,9787308798,公共课已匹配
植物科学技术学院,植物保护,第1学期,310300001009,无机及分析化学C,3,必修,无机及分析化学（第五版）,南京大学《无机及分析化学》编写组,第5版,高等教育出版社,,公共课已匹配
植物科学技术学院,植物保护,第1学期,310300001012,无机及分析化学实验C,1,必修,无机及分析化学（第五版）,南京大学《无机及分析化学》编写组,第5版,高等教育出版社,,公共课已匹配
植物科学技术学院,植物保护,第1学期,9093009904,军事理论,2,必修,军事理论课教程,教育部军委国防动员部,2023版,高等教育出版社,,公共课已匹配
植物科学技术学院,植物保护,第1学期,9093009905,军事技能,2,必修,军事训练教程,教育部军委国防动员部,2023版,高等教育出版社,,公共课已匹配
植物科学技术学院,植物保护,第1学期,3113009824,写作与沟通,1,必修,写作与沟通,马工程/本校编,最新版,高等教育出版社,,公共课已匹配
植物科学技术学院,植物保护,第1学期,9093009774,大学生创新创业基础,1,必修,大学生创新创业基础,本校编,最新版,高等教育出版社,,公共课已匹配
植物科学技术学院,植物保护,1,,通识课程,,选修类别,,,,,,待查教学大纲（专业课）
植物科学技术学院,植物保护,1,,外语类课程,,必修类别,新视野大学英语（第三版·读写教程）,郑树棠,第3版,外语教学与研究出版社,,公共课已匹配
植物科学技术学院,植物保护,1,,体育类课程,,必修类别,大学体育（教材）,本校编,最新版,校本教材,,公共课已匹配
植物科学技术学院,植物保护,第2学期,314300001006,思想道德与法治,3,必修,思想道德与法治（2023年版）,本书编写组,2023年版,高等教育出版社,,公共课已匹配
植物科学技术学院,植物保护,第2学期,310300001023,概率论,2,必修,概率论与数理统计（第五版）,盛骤 谢式千,第5版,高等教育出版社,9787040384876,公共课已匹配
植物科学技术学院,植物保护,第2学期,310300001024,线性代数A,3,必修,线性代数（第六版）,同济大学数学系,第6版,高等教育出版社,9787040396632,公共课已匹配
植物科学技术学院,植物保护,第2学期,310300001029,大学物理C,2,必修,物理学（第七版）,马文蔚,第7版,高等教育出版社,9787571720,公共课已匹配
植物科学技术学院,植物保护,第2学期,310300001031,大学物理实验,1,必修,物理学（第七版）,马文蔚,第7版,高等教育出版社,9787571720,公共课已匹配
植物科学技术学院,植物保护,第2学期,310300001002,有机化学B,3,必修,有机化学（农科类 第三版）,汪小兰,第3版,高等教育出版社,,公共课已匹配
植物科学技术学院,植物保护,第2学期,310300001005,有机化学实验B,1,必修,有机化学（农科类 第三版）,汪小兰,第3版,高等教育出版社,,公共课已匹配
植物科学技术学院,植物保护,第2学期,3043009101,植物学,2,必修,,,,,,待查教学大纲（专业课）
植物科学技术学院,植物保护,第2学期,304300009022,植物学实验,1,必修,,,,,,待查教学大纲（专业课）
植物科学技术学院,植物保护,第2学期,202300006005,大学生心理发展与指导,1,必修,大学生心理健康教育,郑日昌,最新版,高等教育出版社,,公共课已匹配
植物科学技术学院,植物保护,第2学期,202300008001,大学生心理素质拓展,1,必修,大学生心理健康教育,郑日昌,最新版,高等教育出版社,,公共课已匹配
植物科学技术学院,植物保护,第2学期,317300001008,人工智能应用基础,2,必修,人工智能基础（通识）,大学计算机课程教指委,最新版,高等教育出版社,9787428708,公共课已匹配
植物科学技术学院,植物保护,第2学期,317300001009,人工智能应用基础实验,1,必修,人工智能基础（通识）,大学计算机课程教指委,最新版,高等教育出版社,9787428708,公共课已匹配
植物科学技术学院,植物保护,第2学期,3143009104,形势与政策（一）,1,必修,形势与政策（最新版）,教育部组编,每年更新,高等教育出版社,,公共课已匹配
植物科学技术学院,植物保护,2,,外语类课程,,必修类别,新视野大学英语（第三版·读写教程）,郑树棠,第3版,外语教学与研究出版社,,公共课已匹配
植物科学技术学院,植物保护,2,,体育类课程,,必修类别,大学体育（教材）,本校编,最新版,校本教材,,公共课已匹配
植物科学技术学院,植物保护,第3学期,314300001008,3社会主义理论体系概论,3,必修,,,,,,待查教学大纲（专业课）
植物科学技术学院,植物保护,第3学期,314300001009,3社会主义思想概论,3,必修,,,,,,待查教学大纲（专业课）
植物科学技术学院,植物保护,第3学期,301300007144,生物化学B,4,必修,,,,,,待查教学大纲（专业课）
植物科学技术学院,植物保护,第3学期,301300009009,植物生物化学实验,1,必修,,,,,,待查教学大纲（专业课）
植物科学技术学院,植物保护,第3学期,301300007147,遗传学B,3,必修,,,,,,待查教学大纲（专业课）
植物科学技术学院,植物保护,第3学期,301300009011,遗传学实验C,1,必修,,,,,,待查教学大纲（专业课）
植物科学技术学院,植物保护,第3学期,304300007052,微生物学B,3,必修,,,,,,待查教学大纲（专业课）
植物科学技术学院,植物保护,第3学期,301300008015,智慧作物生产实践,2,必修,,,,,,待查教学大纲（专业课）
植物科学技术学院,植物保护,第3学期,307300008004,工程基础实践,1,必修,,,,,,待查教学大纲（专业课）
植物科学技术学院,植物保护,3,,外语类课程,,必修类别,新视野大学英语（第三版·读写教程）,郑树棠,第3版,外语教学与研究出版社,,公共课已匹配
植物科学技术学院,植物保护,3,,体育类课程,,必修类别,大学体育（教材）,本校编,最新版,校本教材,,公共课已匹配
植物科学技术学院,植物保护,第4学期,314300001007,马克思主义基本原理,3,必修,马克思主义基本原理（2023年版）,本书编写组,2023年版,高等教育出版社,,公共课已匹配
植物科学技术学院,植物保护,第4学期,3013009104,植物生理学,3,必修,,,,,,待查教学大纲（专业课）
植物科学技术学院,植物保护,第4学期,301300009012,植物生理学实验,1,必修,,,,,,待查教学大纲（专业课）
植物科学技术学院,植物保护,第4学期,3013009124,普通昆虫学,3,必修,,,,,,待查教学大纲（专业课）
植物科学技术学院,植物保护,第4学期,3013009125,普通昆虫学实验A,1.5,必修,,,,,,待查教学大纲（专业课）
植物科学技术学院,植物保护,第4学期,3013009122,普通植物病理学,3.5,必修,,,,,,待查教学大纲（专业课）
植物科学技术学院,植物保护,第4学期,3013009123,普通植物病理学实验,1,必修,,,,,,待查教学大纲（专业课）
植物科学技术学院,植物保护,第4学期,9093009903,社会实践12周，暑期进行,2,必修,,,,,,待查教学大纲（专业课）
植物科学技术学院,植物保护,第4学期,301300008018,植物保护专业基础实习33周，暑期进行,3,必修,,,,,,待查教学大纲（专业课）
植物科学技术学院,植物保护,第4学期,301300008015,智慧作物生产实践,2,必修,,,,,,待查教学大纲（专业课）
植物科学技术学院,植物保护,第4学期,301300007155,智慧植保应用专题,1,必修,,,,,,待查教学大纲（专业课）
植物科学技术学院,植物保护,4,,外语类课程,,必修类别,新视野大学英语（第三版·读写教程）,郑树棠,第3版,外语教学与研究出版社,,公共课已匹配
植物科学技术学院,植物保护,4,,体育类课程,,必修类别,大学体育（教材）,本校编,最新版,校本教材,,公共课已匹配
植物科学技术学院,植物保护,第5学期,3013009309,生物统计与田间试验设计,3,必修,,,,,,待查教学大纲（专业课）
植物科学技术学院,植物保护,第5学期,301300007011,农业昆虫学A,2,必修,,,,,,待查教学大纲（专业课）
植物科学技术学院,植物保护,第5学期,301300009003,农业昆虫学实验A,1,必修,,,,,,待查教学大纲（专业课）
植物科学技术学院,植物保护,第5学期,301300007042,植物化学保护,4,必修,,,,,,待查教学大纲（专业课）
植物科学技术学院,植物保护,第5学期,301300007141,植物检疫学,2,必修,,,,,,待查教学大纲（专业课）
植物科学技术学院,植物保护,第5学期,301300009008,植物检疫学实验,1,必修,,,,,,待查教学大纲（专业课）
植物科学技术学院,植物保护,第5学期,317300007091,人工智能原理,2,必修,,,,,,待查教学大纲（专业课）
植物科学技术学院,植物保护,第5学期,317300007037,神经网络与深度学习,2,必修,,,,,,待查教学大纲（专业课）
植物科学技术学院,植物保护,第5学期,301300008003,植物保护田间实践24-5学期,5,必修,,,,,,待查教学大纲（专业课）
植物科学技术学院,植物保护,第6学期,301300007043,农业植物病理学,2,必修,,,,,,待查教学大纲（专业课）
植物科学技术学院,植物保护,第6学期,301300009002,农业植物病理学实验,1,必修,,,,,,待查教学大纲（专业课）
植物科学技术学院,植物保护,第6学期,317300007092,人工智能数智实践课程,1,必修,,,,,,待查教学大纲（专业课）
植物科学技术学院,植物保护,第6学期,301300008019,毕业综合实习,2,必修,,,,,,待查教学大纲（专业课）
植物科学技术学院,植物保护,第8学期,3013009911,毕业论文设计65-8学期,8,必修,,,,,,待查教学大纲（专业课）
植物科学技术学院,植物保护,第8学期,3143009105,形势与政策（二）,1,必修,形势与政策（最新版）,教育部组编,每年更新,高等教育出版社,,公共课已匹配
植物科学技术学院,植物保护,第8学期,3143009003,3484261马院OutlineofModernChineseHistory,1,必修,,,,,,待查教学大纲（专业课）
植物科学技术学院,植物保护,第8学期,314300001006,3484262马院IdeologyMoralityandRuleofLaw,2,必修,,,,,,待查教学大纲（专业课）
植物科学技术学院,植物保护,第8学期,314300001008,BasicTheoryofMaoZedong3484083马院,3,必修,,,,,,待查教学大纲（专业课）
植物科学技术学院,植物保护,第8学期,314300001009,BasicTheoryofXiJinpingThought3484083马院,3,必修,,,,,,待查教学大纲（专业课）
植物科学技术学院,植物保护,第8学期,314300001007,3484264马院BasicKnowledgeofMarxism,4,必修,,,,,,待查教学大纲（专业课）
植物科学技术学院,植物保护,第8学期,3143009104,116161-2马院SituationandPolicyEducation（Ⅰ）,2,必修,,,,,,待查教学大纲（专业课）
植物科学技术学院,植物保护,8,,体育类课程必修，实行选项制，一、二年级要求每学期修满1,,必修类别,大学体育（教材）,本校编,最新版,校本教材,,公共课已匹配
植物科学技术学院,植物保护,8,,体育类课程教学详见《华中农业大学体育教学改革实施方案》。,,必修类别,大学体育（教材）,本校编,最新版,校本教材,,公共课已匹配
植物科学技术学院,植物保护,第8学期,9093009904,232321MilitaryTheory生院,1,必修,,,,,,待查教学大纲（专业课）
植物科学技术学院,植物保护,第8学期,3113009824,116161/2文法WritingandCommunication,2,必修,,,,,,待查教学大纲（专业课）
植物科学技术学院,植物保护,第8学期,202300006005,PsychologicalDevelopmentand116162生院,2,必修,,,,,,待查教学大纲（专业课）
植物科学技术学院,植物保护,第8学期,9093009774,InnovationandEntrepreneurship116161生院,1,必修,,,,,,待查教学大纲（专业课）
植物科学技术学院,植物保护,第8学期,307300008004,130303工学FundamentalEngineeringPractice,3,必修,,,,,,待查教学大纲（专业课）
植物科学技术学院,植物保护,第8学期,301300005012,116162植科TalkonSeedIndustryHistory,2,必修,,,,,,待查教学大纲（专业课）
植物科学技术学院,植物保护,第8学期,301300005001,116162植科InsectsandHumanLife,2,必修,,,,,,待查教学大纲（专业课）
植物科学技术学院,植物保护,第8学期,301300005003,116162植科InsectsandtheNobelPrize,2,必修,,,,,,待查教学大纲（专业课）
植物科学技术学院,植物保护,第8学期,301300005004,116162植科CoevolutionofInsectsandPlants,2,必修,,,,,,待查教学大纲（专业课）
植物科学技术学院,植物保护,第8学期,301300005005,116162植科PlantDiseasesandHumans,2,必修,,,,,,待查教学大纲（专业课）
植物科学技术学院,植物保护,第8学期,301300005006,116162植科MicrobeandPlant,2,必修,,,,,,待查教学大纲（专业课）
植物科学技术学院,植物保护,第8学期,301300005013,116162植科PlantImmunology,2,必修,,,,,,待查教学大纲（专业课）
植物科学技术学院,植物保护,第8学期,301300005007,116162植科GreenPesticide&ModernAgriculture,2,必修,,,,,,待查教学大纲（专业课）
植物科学技术学院,植物保护,第8学期,301300005008,116162植科FungiandHumanLife,2,必修,,,,,,待查教学大纲（专业课）
植物科学技术学院,植物保护,第8学期,301300005009,116162植科PlantNanobiotechnology,2,必修,,,,,,待查教学大纲（专业课）
植物科学技术学院,植物保护,第8学期,310300001019,微积分C580801信息CalculusC,1,必修,高等数学（第七版·上/下册）,同济大学数学系,第7版,高等教育出版社,9787308798,公共课已匹配
植物科学技术学院,植物保护,第8学期,310300001009,无机及分析化学C348481化学InorganicandAnalyticalChemistryC,1,必修,无机及分析化学（第五版）,南京大学《无机及分析化学》编写组,第5版,高等教育出版社,,公共课已匹配
植物科学技术学院,植物保护,第8学期,310300001012,InorganicandAnalytical130301化学,1,必修,,,,,,待查教学大纲（专业课）
植物科学技术学院,植物保护,第8学期,310300001023,232322信息ProbabilityTheory,2,必修,,,,,,待查教学大纲（专业课）
植物科学技术学院,植物保护,第8学期,310300001024,线性代数A348482信息LinearAlgebraA,2,必修,线性代数（第六版）,同济大学数学系,第6版,高等教育出版社,9787040396632,公共课已匹配
植物科学技术学院,植物保护,第8学期,310300001029,大学物理C232322工学CollegePhysicsC,2,必修,物理学（第七版）,马文蔚,第7版,高等教育出版社,9787571720,公共课已匹配
植物科学技术学院,植物保护,第8学期,310300001031,130302工学CollegePhysicsExperiment,2,必修,,,,,,待查教学大纲（专业课）
植物科学技术学院,植物保护,第8学期,310300001002,有机化学B348482化学OrganicChemistryB,2,必修,有机化学（农科类 第三版）,汪小兰,第3版,高等教育出版社,,公共课已匹配
植物科学技术学院,植物保护,第8学期,310300001005,有机化学实验B130302化学OrganicChemistryExperimentB,2,必修,有机化学（农科类 第三版）,汪小兰,第3版,高等教育出版社,,公共课已匹配
植物科学技术学院,植物保护,第8学期,3043009101,232322生科Botany,2,必修,,,,,,待查教学大纲（专业课）
植物科学技术学院,植物保护,第8学期,304300009022,130302生科BotanyExperiments,2,必修,,,,,,待查教学大纲（专业课）
植物科学技术学院,植物保护,第8学期,304300007052,微生物学B34828203植科MicrobiologyB,3,必修,,,,,,待查教学大纲（专业课）
植物科学技术学院,植物保护,第8学期,317300001008,FundamentalsofArtificial232322信息,2,必修,,,,,,待查教学大纲（专业课）
植物科学技术学院,植物保护,第8学期,317300001009,ExperimentsontheFundamentals116162信息,2,必修,,,,,,待查教学大纲（专业课）
植物科学技术学院,植物保护,第8学期,301300007154,SpecialTopicon116166植科,6,必修,,,,,,待查教学大纲（专业课）
植物科学技术学院,植物保护,第8学期,301300007144,生物化学B464643植科BiochemistryB,3,必修,,,,,,待查教学大纲（专业课）
植物科学技术学院,植物保护,第8学期,301300009009,ExperimentsofPlantBiochemistry125253植科,3,必修,,,,,,待查教学大纲（专业课）
植物科学技术学院,植物保护,第8学期,3013009104,348484植科PlantPhysiology,4,必修,,,,,,待查教学大纲（专业课）
植物科学技术学院,植物保护,第8学期,301300009012,125254植科ExperimentofPlantPhysiology,4,必修,,,,,,待查教学大纲（专业课）
植物科学技术学院,植物保护,第8学期,301300007019,BiostatisticsandField34838105植科,5,必修,,,,,,待查教学大纲（专业课）
植物科学技术学院,植物保护,第8学期,304300007055,细胞生物学B34816324植科CellBiologyB,4,必修,,,,,,待查教学大纲（专业课）
植物科学技术学院,植物保护,第8学期,301300007147,遗传学B348483植科GeneticsB,3,必修,,,,,,待查教学大纲（专业课）
植物科学技术学院,植物保护,第8学期,301300009011,遗传实验C120203植科GeneticsLaboratoryPracticeC,3,必修,,,,,,待查教学大纲（专业课）
植物科学技术学院,植物保护,第8学期,3013009151,作物育种学A348485植科CropBreedingA,5,必修,,,,,,待查教学大纲（专业课）
植物科学技术学院,植物保护,第8学期,301300007133,植物生物技术A348486植科PlantBiotechnologyA,6,必修,,,,,,待查教学大纲（专业课）
植物科学技术学院,植物保护,第8学期,301300007135,作物栽培学B348486植科CropCultivationB,6,必修,,,,,,待查教学大纲（专业课）
植物科学技术学院,植物保护,第8学期,3013009189,41201206-7植科ExperimentsofCropScience,7,必修,,,,,,待查教学大纲（专业课）
植物科学技术学院,植物保护,第8学期,301300007128,348486植科ScienceofFarmingSystem,6,必修,,,,,,待查教学大纲（专业课）
植物科学技术学院,植物保护,第8学期,301300006008,116161植科IntroductiontoPlantProduction,1,必修,,,,,,待查教学大纲（专业课）
植物科学技术学院,植物保护,第8学期,301300009013,1324283植科PlantGenomicDesignandBreeding,3,必修,,,,,,待查教学大纲（专业课）
植物科学技术学院,植物保护,第8学期,303300007031,土壤肥料学B348484资环SoilandFertilizerB,4,必修,,,,,,待查教学大纲（专业课）
植物科学技术学院,植物保护,第8学期,3013009116,3484084植科AgriculturalMeteorology,4,必修,,,,,,待查教学大纲（专业课）
植物科学技术学院,植物保护,第8学期,311300007080,232324文法AgriculturalLaw,4,必修,,,,,,待查教学大纲（专业课）
植物科学技术学院,植物保护,第8学期,317300007037,24024165信息NeuralNetworkandDeepLearning,5,必修,,,,,,待查教学大纲（专业课）
植物科学技术学院,植物保护,第8学期,304300007058,分子生物学A348485植科MolecularBiologyA,5,必修,,,,,,待查教学大纲（专业课）
植物科学技术学院,植物保护,第8学期,3013009118,植物保护通论A448485植科GeneralPlantProtectionA,5,必修,,,,,,待查教学大纲（专业课）
植物科学技术学院,植物保护,第8学期,301300002008,116165植科CropBreeding,5,必修,,,,,,待查教学大纲（专业课）
植物科学技术学院,植物保护,第8学期,303300007052,34832166资环AgriculturalRemoteSensing,6,必修,,,,,,待查教学大纲（专业课）
植物科学技术学院,植物保护,第8学期,3013009203,ComprehensiveExperimentof260606植科,6,必修,,,,,,待查教学大纲（专业课）
植物科学技术学院,植物保护,第8学期,301300007143,232326植科DevelopmentalBiology,6,必修,,,,,,待查教学大纲（专业课）
植物科学技术学院,植物保护,第8学期,301300007125,232326植科MolecularPharmacognosy,6,必修,,,,,,待查教学大纲（专业课）
植物科学技术学院,植物保护,第8学期,3013009377,232326植科Bigdatamininginagronomy,6,必修,,,,,,待查教学大纲（专业课）
植物科学技术学院,植物保护,第8学期,3063009211,232326经管LogisticsandSupplyChainManagement,6,必修,,,,,,待查教学大纲（专业课）
植物科学技术学院,植物保护,第8学期,3043009402,348488植科PrincipleofGeneManipulation,8,必修,,,,,,待查教学大纲（专业课）
植物科学技术学院,植物保护,第8学期,309300007021,IntroductiontoAgricultural116168食科,8,必修,,,,,,待查教学大纲（专业课）
植物科学技术学院,植物保护,第8学期,9093009905,26031Militaryskills生院,1,必修,,,,,,待查教学大纲（专业课）
植物科学技术学院,植物保护,第8学期,9093009906,Innovationand11-7生院,7,必修,,,,,,待查教学大纲（专业课）
植物科学技术学院,植物保护,第8学期,202300008001,ThePracticeofMentalHealth13012生院,2,必修,,,,,,待查教学大纲（专业课）
植物科学技术学院,植物保护,第8学期,3143009105,13013-8马院SituationandPolicyEducation（Ⅱ）,8,必修,,,,,,待查教学大纲（专业课）
植物科学技术学院,植物保护,第8学期,9093009903,实践13014团委SocialPractice,4,必修,,,,,,待查教学大纲（专业课）
植物科学技术学院,植物保护,第8学期,110300008001,13011-7团委VolunteerService,7,必修,,,,,,待查教学大纲（专业课）
植物科学技术学院,植物保护,第8学期,110300008002,11-7团委AestheticPractice,7,必修,,,,,,待查教学大纲（专业课）
植物科学技术学院,植物保护,第8学期,301300008015,412083-4植科PracticeofSmartCropproduction,4,必修,,,,,,待查教学大纲（专业课）
植物科学技术学院,植物保护,第8学期,301300008016,InnovativePracticesin412085植科,5,必修,,,,,,待查教学大纲（专业课）
植物科学技术学院,植物保护,第8学期,301300008019,246植科ComprehensiveGraduationInternship公共,6,必修,,,,,,待查教学大纲（专业课）
植物科学技术学院,植物保护,第8学期,3013009911,6180124-8植科GraduationThesis,8,必修,,,,,,待查教学大纲（专业课）
植物科学技术学院,植物科学与技术,第1学期,301300006008,植物生产类专业导论,1,必修,,,,,,待查教学大纲（专业课）
植物科学技术学院,植物科学与技术,第1学期,3143009003,中国近现代史纲要,3,必修,中国近现代史纲要（2023年版）,本书编写组,2023年版,高等教育出版社,,公共课已匹配
植物科学技术学院,植物科学与技术,第1学期,310300001019,微积分C,5,必修,高等数学（第七版·上/下册）,同济大学数学系,第7版,高等教育出版社,9787308798,公共课已匹配
植物科学技术学院,植物科学与技术,第1学期,310300001009,无机及分析化学C,3,必修,无机及分析化学（第五版）,南京大学《无机及分析化学》编写组,第5版,高等教育出版社,,公共课已匹配
植物科学技术学院,植物科学与技术,第1学期,310300001012,无机及分析化学实验C,1,必修,无机及分析化学（第五版）,南京大学《无机及分析化学》编写组,第5版,高等教育出版社,,公共课已匹配
植物科学技术学院,植物科学与技术,第1学期,9093009904,军事理论,2,必修,军事理论课教程,教育部军委国防动员部,2023版,高等教育出版社,,公共课已匹配
植物科学技术学院,植物科学与技术,第1学期,9093009905,军事技能,2,必修,军事训练教程,教育部军委国防动员部,2023版,高等教育出版社,,公共课已匹配
植物科学技术学院,植物科学与技术,第1学期,3113009824,写作与沟通,1,必修,写作与沟通,马工程/本校编,最新版,高等教育出版社,,公共课已匹配
植物科学技术学院,植物科学与技术,第1学期,9093009774,大学生创新创业基础,1,必修,大学生创新创业基础,本校编,最新版,高等教育出版社,,公共课已匹配
植物科学技术学院,植物科学与技术,1,,通识课程,,选修类别,,,,,,待查教学大纲（专业课）
植物科学技术学院,植物科学与技术,1,,外语类课程,,必修类别,新视野大学英语（第三版·读写教程）,郑树棠,第3版,外语教学与研究出版社,,公共课已匹配
植物科学技术学院,植物科学与技术,1,,体育类课程,,必修类别,大学体育（教材）,本校编,最新版,校本教材,,公共课已匹配
植物科学技术学院,植物科学与技术,第2学期,314300001006,思想道德与法治,3,必修,思想道德与法治（2023年版）,本书编写组,2023年版,高等教育出版社,,公共课已匹配
植物科学技术学院,植物科学与技术,第2学期,310300001023,概率论,2,必修,概率论与数理统计（第五版）,盛骤 谢式千,第5版,高等教育出版社,9787040384876,公共课已匹配
植物科学技术学院,植物科学与技术,第2学期,310300001024,线性代数A,3,必修,线性代数（第六版）,同济大学数学系,第6版,高等教育出版社,9787040396632,公共课已匹配
植物科学技术学院,植物科学与技术,第2学期,310300001002,有机化学B,3,必修,有机化学（农科类 第三版）,汪小兰,第3版,高等教育出版社,,公共课已匹配
植物科学技术学院,植物科学与技术,第2学期,310300001005,有机化学实验B,1,必修,有机化学（农科类 第三版）,汪小兰,第3版,高等教育出版社,,公共课已匹配
植物科学技术学院,植物科学与技术,第2学期,3043009101,植物学,2,必修,,,,,,待查教学大纲（专业课）
植物科学技术学院,植物科学与技术,第2学期,304300009022,植物学实验,1,必修,,,,,,待查教学大纲（专业课）
植物科学技术学院,植物科学与技术,第2学期,310300001029,大学物理C,2,必修,物理学（第七版）,马文蔚,第7版,高等教育出版社,9787571720,公共课已匹配
植物科学技术学院,植物科学与技术,第2学期,310300001031,大学物理实验,1,必修,物理学（第七版）,马文蔚,第7版,高等教育出版社,9787571720,公共课已匹配
植物科学技术学院,植物科学与技术,第2学期,202300006005,大学生心理发展与指导,1,必修,大学生心理健康教育,郑日昌,最新版,高等教育出版社,,公共课已匹配
植物科学技术学院,植物科学与技术,第2学期,202300008001,大学生心理素质拓展,1,必修,大学生心理健康教育,郑日昌,最新版,高等教育出版社,,公共课已匹配
植物科学技术学院,植物科学与技术,第2学期,3143009104,形势与政策（一）,1,必修,形势与政策（最新版）,教育部组编,每年更新,高等教育出版社,,公共课已匹配
植物科学技术学院,植物科学与技术,第2学期,317300001008,人工智能应用基础,2,必修,人工智能基础（通识）,大学计算机课程教指委,最新版,高等教育出版社,9787428708,公共课已匹配
植物科学技术学院,植物科学与技术,第2学期,317300001009,人工智能应用基础实验,1,必修,人工智能基础（通识）,大学计算机课程教指委,最新版,高等教育出版社,9787428708,公共课已匹配
植物科学技术学院,植物科学与技术,2,,外语类课程,,必修类别,新视野大学英语（第三版·读写教程）,郑树棠,第3版,外语教学与研究出版社,,公共课已匹配
植物科学技术学院,植物科学与技术,2,,体育类课程,,必修类别,大学体育（教材）,本校编,最新版,校本教材,,公共课已匹配
植物科学技术学院,植物科学与技术,第3学期,314300001008,3社会主义理论体系概论,3,必修,,,,,,待查教学大纲（专业课）
植物科学技术学院,植物科学与技术,第3学期,314300001009,3社会主义思想概论,3,必修,,,,,,待查教学大纲（专业课）
植物科学技术学院,植物科学与技术,第3学期,301300007144,生物化学B,3,必修,,,,,,待查教学大纲（专业课）
植物科学技术学院,植物科学与技术,第3学期,301300007147,遗传学B,3,必修,,,,,,待查教学大纲（专业课）
植物科学技术学院,植物科学与技术,第3学期,301300009011,遗传学实验C,1,必修,,,,,,待查教学大纲（专业课）
植物科学技术学院,植物科学与技术,第3学期,304300007052,微生物学B,3,必修,,,,,,待查教学大纲（专业课）
植物科学技术学院,植物科学与技术,第3学期,301300009009,植物生物化学实验,1,必修,,,,,,待查教学大纲（专业课）
植物科学技术学院,植物科学与技术,第3学期,301300008015,智慧作物生产实践,2,必修,,,,,,待查教学大纲（专业课）
植物科学技术学院,植物科学与技术,第3学期,307300008004,工程基础实践,1,必修,,,,,,待查教学大纲（专业课）
植物科学技术学院,植物科学与技术,3,,外语类课程,,必修类别,新视野大学英语（第三版·读写教程）,郑树棠,第3版,外语教学与研究出版社,,公共课已匹配
植物科学技术学院,植物科学与技术,3,,体育类课程,,必修类别,大学体育（教材）,本校编,最新版,校本教材,,公共课已匹配
植物科学技术学院,植物科学与技术,第4学期,314300001007,马克思主义基本原理,3,必修,马克思主义基本原理（2023年版）,本书编写组,2023年版,高等教育出版社,,公共课已匹配
植物科学技术学院,植物科学与技术,第4学期,3013009104,植物生理学,3,必修,,,,,,待查教学大纲（专业课）
植物科学技术学院,植物科学与技术,第4学期,301300009012,植物生理学实验,1,必修,,,,,,待查教学大纲（专业课）
植物科学技术学院,植物科学与技术,第4学期,301300007020,细胞生物学B,3,必修,,,,,,待查教学大纲（专业课）
植物科学技术学院,植物科学与技术,第4学期,9093009903,社会实践,1,必修,,,,,,待查教学大纲（专业课）
植物科学技术学院,植物科学与技术,第4学期,301300008015,智慧作物生产实践,2,必修,,,,,,待查教学大纲（专业课）
植物科学技术学院,植物科学与技术,4,,通识课程,,选修类别,,,,,,待查教学大纲（专业课）
植物科学技术学院,植物科学与技术,4,,外语类课程,,必修类别,新视野大学英语（第三版·读写教程）,郑树棠,第3版,外语教学与研究出版社,,公共课已匹配
植物科学技术学院,植物科学与技术,4,,体育类课程,,必修类别,大学体育（教材）,本校编,最新版,校本教材,,公共课已匹配
植物科学技术学院,植物科学与技术,第5学期,301300007019,生物统计与田间试验设计,3,必修,,,,,,待查教学大纲（专业课）
植物科学技术学院,植物科学与技术,第5学期,3013009151,作物育种学A,3,必修,,,,,,待查教学大纲（专业课）
植物科学技术学院,植物科学与技术,第5学期,317300007037,神经网络与深度学习,2,必修,,,,,,待查教学大纲（专业课）
植物科学技术学院,植物科学与技术,第5学期,301300008016,生物种业创新实践,4,必修,,,,,,待查教学大纲（专业课）
植物科学技术学院,植物科学与技术,第6学期,301300007135,作物栽培学B,3,必修,,,,,,待查教学大纲（专业课）
植物科学技术学院,植物科学与技术,第6学期,301300007133,植物生物技术A,3,必修,,,,,,待查教学大纲（专业课）
植物科学技术学院,植物科学与技术,第6学期,301300007128,耕作学,3,必修,,,,,,待查教学大纲（专业课）
植物科学技术学院,植物科学与技术,第6学期,301300007154,智能生物育种专题,1,必修,,,,,,待查教学大纲（专业课）
植物科学技术学院,植物科学与技术,第6学期,301300008019,毕业综合实习,2,必修,,,,,,待查教学大纲（专业课）
植物科学技术学院,植物科学与技术,第7学期,3013009189,作物学实验,4,必修,,,,,,待查教学大纲（专业课）
植物科学技术学院,植物科学与技术,第8学期,3013009911,毕业论文,6,必修,,,,,,待查教学大纲（专业课）
植物科学技术学院,植物科学与技术,第8学期,3143009105,形势与政策（二）,1,必修,形势与政策（最新版）,教育部组编,每年更新,高等教育出版社,,公共课已匹配
植物科学技术学院,植物科学与技术,第8学期,3143009003,3484261马院OutlineofModernChineseHistory,1,必修,,,,,,待查教学大纲（专业课）
植物科学技术学院,植物科学与技术,第8学期,314300001006,3484262马院IdeologyMoralityandRuleofLaw,2,必修,,,,,,待查教学大纲（专业课）
植物科学技术学院,植物科学与技术,第8学期,314300001008,BasicTheoryofMaoZedongThought3484083马院,3,必修,,,,,,待查教学大纲（专业课）
植物科学技术学院,植物科学与技术,第8学期,314300001009,BasicTheoryofXiJinpingThought3484083马院,3,必修,,,,,,待查教学大纲（专业课）
植物科学技术学院,植物科学与技术,第8学期,314300001007,3484264马院BasicKnowledgeofMarxism,4,必修,,,,,,待查教学大纲（专业课）
植物科学技术学院,植物科学与技术,第8学期,3143009104,116161-2马院SituationandPolicyEducation（Ⅰ）,2,必修,,,,,,待查教学大纲（专业课）
植物科学技术学院,植物科学与技术,8,,体育类课程必修，实行选项制，一、二年级要求每学期修满1,,必修类别,大学体育（教材）,本校编,最新版,校本教材,,公共课已匹配
植物科学技术学院,植物科学与技术,8,,体育类课程教学详见《华中农业大学体育教学改革实施方案》。,,必修类别,大学体育（教材）,本校编,最新版,校本教材,,公共课已匹配
植物科学技术学院,植物科学与技术,第8学期,9093009904,232321MilitaryTheory生院,1,必修,,,,,,待查教学大纲（专业课）
植物科学技术学院,植物科学与技术,第8学期,3113009824,116161/2文法WritingandCommunication,2,必修,,,,,,待查教学大纲（专业课）
植物科学技术学院,植物科学与技术,第8学期,9093009774,InnovationandEntrepreneurship116161生院,1,必修,,,,,,待查教学大纲（专业课）
植物科学技术学院,植物科学与技术,第8学期,202300006005,PsychologicalDevelopmentand116162生院,2,必修,,,,,,待查教学大纲（专业课）
植物科学技术学院,植物科学与技术,第8学期,307300008004,130303工学FundamentalEngineeringPractice,3,必修,,,,,,待查教学大纲（专业课）
植物科学技术学院,植物科学与技术,第8学期,301300005012,116162植科TalkonSeedIndustryHistory,2,必修,,,,,,待查教学大纲（专业课）
植物科学技术学院,植物科学与技术,第8学期,301300005001,116162植科InsectsandHumanLife,2,必修,,,,,,待查教学大纲（专业课）
植物科学技术学院,植物科学与技术,第8学期,301300005003,116162植科InsectsandtheNobelPrize,2,必修,,,,,,待查教学大纲（专业课）
植物科学技术学院,植物科学与技术,第8学期,301300005004,116162植科CoevolutionofInsectsandPlants,2,必修,,,,,,待查教学大纲（专业课）
植物科学技术学院,植物科学与技术,第8学期,301300005005,116162植科PlantDiseasesandHumans,2,必修,,,,,,待查教学大纲（专业课）
植物科学技术学院,植物科学与技术,第8学期,301300005006,116162植科MicrobeandPlant,2,必修,,,,,,待查教学大纲（专业课）
植物科学技术学院,植物科学与技术,第8学期,301300005013,116162植科PlantImmunology,2,必修,,,,,,待查教学大纲（专业课）
植物科学技术学院,植物科学与技术,第8学期,301300005007,116162植科GreenPesticide&ModernAgriculture,2,必修,,,,,,待查教学大纲（专业课）
植物科学技术学院,植物科学与技术,第8学期,301300005008,116162植科FungiandHumanLife,2,必修,,,,,,待查教学大纲（专业课）
植物科学技术学院,植物科学与技术,第8学期,310300001019,微积分C580801信息CalculusC,1,必修,高等数学（第七版·上/下册）,同济大学数学系,第7版,高等教育出版社,9787308798,公共课已匹配
植物科学技术学院,植物科学与技术,第8学期,310300001009,无机及分析化学C348481化学InorganicandAnalyticalChemistryC,1,必修,无机及分析化学（第五版）,南京大学《无机及分析化学》编写组,第5版,高等教育出版社,,公共课已匹配
植物科学技术学院,植物科学与技术,第8学期,310300001012,InorganicandAnalytical130301化学,1,必修,,,,,,待查教学大纲（专业课）
植物科学技术学院,植物科学与技术,第8学期,310300001023,232322信息ProbabilityTheory,2,必修,,,,,,待查教学大纲（专业课）
植物科学技术学院,植物科学与技术,第8学期,310300001024,线性代数A348482信息LinearAlgebraA,2,必修,线性代数（第六版）,同济大学数学系,第6版,高等教育出版社,9787040396632,公共课已匹配
植物科学技术学院,植物科学与技术,第8学期,310300001029,大学物理C232322工学CollegePhysicsC,2,必修,物理学（第七版）,马文蔚,第7版,高等教育出版社,9787571720,公共课已匹配
植物科学技术学院,植物科学与技术,第8学期,310300001031,130302工学CollegePhysicsExperiment,2,必修,,,,,,待查教学大纲（专业课）
植物科学技术学院,植物科学与技术,第8学期,310300001002,有机化学B348482化学OrganicChemistryB,2,必修,有机化学（农科类 第三版）,汪小兰,第3版,高等教育出版社,,公共课已匹配
植物科学技术学院,植物科学与技术,第8学期,310300001005,有机化学实验B130302化学OrganicChemistryExperimentB,2,必修,有机化学（农科类 第三版）,汪小兰,第3版,高等教育出版社,,公共课已匹配
植物科学技术学院,植物科学与技术,第8学期,3043009101,232322生科Botany,2,必修,,,,,,待查教学大纲（专业课）
植物科学技术学院,植物科学与技术,第8学期,304300009022,130302生科BotanyExperiments,2,必修,,,,,,待查教学大纲（专业课）
植物科学技术学院,植物科学与技术,第8学期,304300007052,微生物学B34828203植科MicrobiologyB,3,必修,,,,,,待查教学大纲（专业课）
植物科学技术学院,植物科学与技术,第8学期,317300001008,FundamentalsofArtificial232322信息,2,必修,,,,,,待查教学大纲（专业课）
植物科学技术学院,植物科学与技术,第8学期,317300001009,ExperimentsontheFundamentalsof130302信息,2,必修,,,,,,待查教学大纲（专业课）
植物科学技术学院,植物科学与技术,第8学期,301300007154,SpecialTopiconIntelligent116166植科,6,必修,,,,,,待查教学大纲（专业课）
植物科学技术学院,植物科学与技术,第8学期,301300007144,生物化学B464643植科BiochemistryB,3,必修,,,,,,待查教学大纲（专业课）
植物科学技术学院,植物科学与技术,第8学期,301300009009,ExperimentsofPlantBiochemistry125253植科,3,必修,,,,,,待查教学大纲（专业课）
植物科学技术学院,植物科学与技术,第8学期,301300007147,遗传学B3484803植科GeneticsB,3,必修,,,,,,待查教学大纲（专业课）
植物科学技术学院,植物科学与技术,第8学期,301300009011,遗传实验C120203植科GeneticsLaboratoryPracticeC,3,必修,,,,,,待查教学大纲（专业课）
植物科学技术学院,植物科学与技术,第8学期,3013009104,348484植科PlantPhysiology,4,必修,,,,,,待查教学大纲（专业课）
植物科学技术学院,植物科学与技术,第8学期,301300009012,125254植科ExperimentofPlantPhysiology,4,必修,,,,,,待查教学大纲（专业课）
植物科学技术学院,植物科学与技术,第8学期,3013009116,3484084植科AgriculturalMeteorology,4,必修,,,,,,待查教学大纲（专业课）
植物科学技术学院,植物科学与技术,第8学期,301300007019,BiostatisticsandField34838105植科,5,必修,,,,,,待查教学大纲（专业课）
植物科学技术学院,植物科学与技术,第8学期,3013009151,作物育种学A348485植科CropBreedingA,5,必修,,,,,,待查教学大纲（专业课）
植物科学技术学院,植物科学与技术,第8学期,3013009395,232326植科SeedProduction,6,必修,,,,,,待查教学大纲（专业课）
植物科学技术学院,植物科学与技术,第8学期,301300007138,35632246植科SeedBiology,6,必修,,,,,,待查教学大纲（专业课）
植物科学技术学院,植物科学与技术,第8学期,301300007137,48020606-7植科PrincipleandtechnologyofSeedTesting,7,必修,,,,,,待查教学大纲（专业课）
植物科学技术学院,植物科学与技术,第8学期,301300007136,34836126植科SeedProcessingandStorage,6,必修,,,,,,待查教学大纲（专业课）
植物科学技术学院,植物科学与技术,第8学期,301300006008,116161植科IntroductiontoPlantProduction,1,必修,,,,,,待查教学大纲（专业课）
植物科学技术学院,植物科学与技术,第8学期,3013009397,232324植科IntroductionofSeedScience,4,必修,,,,,,待查教学大纲（专业课）
植物科学技术学院,植物科学与技术,第8学期,303300007031,土壤肥料学B348484资环SoilandFertilizerB,4,必修,,,,,,待查教学大纲（专业课）
植物科学技术学院,植物科学与技术,第8学期,3013009366,23220125植科SeedPathology,5,必修,,,,,,待查教学大纲（专业课）
植物科学技术学院,植物科学与技术,第8学期,3013009118,植物保护通论A448485植科GeneralPlantProtectionA,5,必修,,,,,,待查教学大纲（专业课）
植物科学技术学院,植物科学与技术,第8学期,304300007058,分子生物学A348485生科MolecularBiologyA,5,必修,,,,,,待查教学大纲（专业课）
植物科学技术学院,植物科学与技术,第8学期,306300007077,232326经管AgriculturalProductsMarket,6,必修,,,,,,待查教学大纲（专业课）
植物科学技术学院,植物科学与技术,第8学期,301300007143,232326植科DevelopmentalBiology,6,必修,,,,,,待查教学大纲（专业课）
植物科学技术学院,植物科学与技术,第8学期,3013009377,232326植科Bigdatamininginagronomy,6,必修,,,,,,待查教学大纲（专业课）
植物科学技术学院,植物科学与技术,第8学期,3013009205,232326植科Bioinformatics,6,必修,,,,,,待查教学大纲（专业课）
植物科学技术学院,植物科学与技术,第8学期,3013009269,116167植科SeedLawsandRegulations,7,必修,,,,,,待查教学大纲（专业课）
植物科学技术学院,植物科学与技术,第8学期,3013009398,PlantVarietyProtectionand116167植科,7,必修,,,,,,待查教学大纲（专业课）
植物科学技术学院,植物科学与技术,第8学期,306220004029,232327经管CrossCulturalManagement,7,必修,,,,,,待查教学大纲（专业课）
植物科学技术学院,植物科学与技术,第8学期,301210003023,232327植科ProgressonSeedScience,7,必修,,,,,,待查教学大纲（专业课）
植物科学技术学院,植物科学与技术,第8学期,9093009905,26031Militaryskills生院,1,必修,,,,,,待查教学大纲（专业课）
植物科学技术学院,植物科学与技术,第8学期,9093009906,Innovationand11-7生院,7,必修,,,,,,待查教学大纲（专业课）
植物科学技术学院,植物科学与技术,第8学期,202300008001,ThePracticeofMentalHealth13012生院,2,必修,,,,,,待查教学大纲（专业课）
植物科学技术学院,植物科学与技术,第8学期,3143009105,实践形势与政策（二）13013-8马院SituationandPolicyEducation（Ⅱ）,8,必修,形势与政策（最新版）,教育部组编,每年更新,高等教育出版社,,公共课已匹配
植物科学技术学院,植物科学与技术,第8学期,9093009903,13014团委SocialPractice,4,必修,,,,,,待查教学大纲（专业课）
植物科学技术学院,植物科学与技术,第8学期,110300008001,13011-7团委VolunteerService,7,必修,,,,,,待查教学大纲（专业课）
植物科学技术学院,植物科学与技术,第8学期,110300008002,11-7团委AestheticPractice,7,必修,,,,,,待查教学大纲（专业课）
植物科学技术学院,植物科学与技术,第8学期,301300008007,SeedProductionand124植科,4,必修,,,,,,待查教学大纲（专业课）
植物科学技术学院,植物科学与技术,第8学期,301300008008,124-5植科ComprehensivePractice,5,必修,,,,,,待查教学大纲（专业课）
植物科学技术学院,植物科学与技术,第8学期,301300008002,26024-5植科CropProductionPractice,5,必修,,,,,,待查教学大纲（专业课）
植物科学技术学院,植物科学与技术,第8学期,301300008015,412083-4植科专业PracticeofSmartCropproduction,4,必修,,,,,,待查教学大纲（专业课）
植物科学技术学院,植物科学与技术,第8学期,301300008019,246植科ComprehensiveGraduationInternship,6,必修,,,,,,待查教学大纲（专业课）
植物科学技术学院,植物科学与技术,第8学期,3013009911,6180126-8GraduationThesis,8,必修,,,,,,待查教学大纲（专业课）
植物科学技术学院,种子科学与工程,第1学期,301300006008,植物生产类专业导论,1,必修,,,,,,待查教学大纲（专业课）
植物科学技术学院,种子科学与工程,第1学期,3143009003,中国近现代史纲要,3,必修,中国近现代史纲要（2023年版）,本书编写组,2023年版,高等教育出版社,,公共课已匹配
植物科学技术学院,种子科学与工程,第1学期,310300001019,微积分C,5,必修,高等数学（第七版·上/下册）,同济大学数学系,第7版,高等教育出版社,9787308798,公共课已匹配
植物科学技术学院,种子科学与工程,第1学期,310300001009,无机及分析化学C,3,必修,无机及分析化学（第五版）,南京大学《无机及分析化学》编写组,第5版,高等教育出版社,,公共课已匹配
植物科学技术学院,种子科学与工程,第1学期,310300001012,无机及分析化学实验C,1,必修,无机及分析化学（第五版）,南京大学《无机及分析化学》编写组,第5版,高等教育出版社,,公共课已匹配
植物科学技术学院,种子科学与工程,第1学期,9093009904,军事理论,2,必修,军事理论课教程,教育部军委国防动员部,2023版,高等教育出版社,,公共课已匹配
植物科学技术学院,种子科学与工程,第1学期,9093009905,军事技能,2,必修,军事训练教程,教育部军委国防动员部,2023版,高等教育出版社,,公共课已匹配
植物科学技术学院,种子科学与工程,第1学期,3113009824,写作与沟通,1,必修,写作与沟通,马工程/本校编,最新版,高等教育出版社,,公共课已匹配
植物科学技术学院,种子科学与工程,第1学期,9093009774,大学生创新创业基础,1,必修,大学生创新创业基础,本校编,最新版,高等教育出版社,,公共课已匹配
植物科学技术学院,种子科学与工程,1,,通识课程,,选修类别,,,,,,待查教学大纲（专业课）
植物科学技术学院,种子科学与工程,1,,外语类课程,,必修类别,新视野大学英语（第三版·读写教程）,郑树棠,第3版,外语教学与研究出版社,,公共课已匹配
植物科学技术学院,种子科学与工程,1,,体育类课程,,必修类别,大学体育（教材）,本校编,最新版,校本教材,,公共课已匹配
植物科学技术学院,种子科学与工程,第2学期,314300001006,思想道德与法治,3,必修,思想道德与法治（2023年版）,本书编写组,2023年版,高等教育出版社,,公共课已匹配
植物科学技术学院,种子科学与工程,第2学期,310300001023,概率论,2,必修,概率论与数理统计（第五版）,盛骤 谢式千,第5版,高等教育出版社,9787040384876,公共课已匹配
植物科学技术学院,种子科学与工程,第2学期,310300001024,线性代数A,3,必修,线性代数（第六版）,同济大学数学系,第6版,高等教育出版社,9787040396632,公共课已匹配
植物科学技术学院,种子科学与工程,第2学期,310300001002,有机化学B,3,必修,有机化学（农科类 第三版）,汪小兰,第3版,高等教育出版社,,公共课已匹配
植物科学技术学院,种子科学与工程,第2学期,310300001005,有机化学实验B,1,必修,有机化学（农科类 第三版）,汪小兰,第3版,高等教育出版社,,公共课已匹配
植物科学技术学院,种子科学与工程,第2学期,3043009101,植物学,2,必修,,,,,,待查教学大纲（专业课）
植物科学技术学院,种子科学与工程,第2学期,304300009022,植物学实验,1,必修,,,,,,待查教学大纲（专业课）
植物科学技术学院,种子科学与工程,第2学期,310300001029,大学物理C,2,必修,物理学（第七版）,马文蔚,第7版,高等教育出版社,9787571720,公共课已匹配
植物科学技术学院,种子科学与工程,第2学期,310300001031,大学物理实验,1,必修,物理学（第七版）,马文蔚,第7版,高等教育出版社,9787571720,公共课已匹配
植物科学技术学院,种子科学与工程,第2学期,202300006005,大学生心理发展与指导,1,必修,大学生心理健康教育,郑日昌,最新版,高等教育出版社,,公共课已匹配
植物科学技术学院,种子科学与工程,第2学期,202300008001,大学生心理素质拓展,1,必修,大学生心理健康教育,郑日昌,最新版,高等教育出版社,,公共课已匹配
植物科学技术学院,种子科学与工程,第2学期,3143009104,形势与政策（一）,1,必修,形势与政策（最新版）,教育部组编,每年更新,高等教育出版社,,公共课已匹配
植物科学技术学院,种子科学与工程,第2学期,317300001008,人工智能应用基础,2,必修,人工智能基础（通识）,大学计算机课程教指委,最新版,高等教育出版社,9787428708,公共课已匹配
植物科学技术学院,种子科学与工程,第2学期,317300001009,人工智能应用基础实验,1,必修,人工智能基础（通识）,大学计算机课程教指委,最新版,高等教育出版社,9787428708,公共课已匹配
植物科学技术学院,种子科学与工程,2,,外语类课程,,必修类别,新视野大学英语（第三版·读写教程）,郑树棠,第3版,外语教学与研究出版社,,公共课已匹配
植物科学技术学院,种子科学与工程,2,,体育类课程,,必修类别,大学体育（教材）,本校编,最新版,校本教材,,公共课已匹配
植物科学技术学院,种子科学与工程,第3学期,314300001008,3社会主义理论体系概论,3,必修,,,,,,待查教学大纲（专业课）
植物科学技术学院,种子科学与工程,第3学期,314300001009,3社会主义思想概论,3,必修,,,,,,待查教学大纲（专业课）
植物科学技术学院,种子科学与工程,第3学期,301300007144,生物化学B,4,必修,,,,,,待查教学大纲（专业课）
植物科学技术学院,种子科学与工程,第3学期,301300009009,植物生物化学实验,1,必修,,,,,,待查教学大纲（专业课）
植物科学技术学院,种子科学与工程,第3学期,301300007147,遗传学B,3,必修,,,,,,待查教学大纲（专业课）
植物科学技术学院,种子科学与工程,第3学期,301300009011,遗传学实验C,1,必修,,,,,,待查教学大纲（专业课）
植物科学技术学院,种子科学与工程,第3学期,304300007052,微生物学B,3,必修,,,,,,待查教学大纲（专业课）
植物科学技术学院,种子科学与工程,第3学期,301300008015,智慧作物生产实践,2,必修,,,,,,待查教学大纲（专业课）
植物科学技术学院,种子科学与工程,第3学期,307300008004,工程基础实践,1,必修,,,,,,待查教学大纲（专业课）
植物科学技术学院,种子科学与工程,3,,外语类课程,,必修类别,新视野大学英语（第三版·读写教程）,郑树棠,第3版,外语教学与研究出版社,,公共课已匹配
植物科学技术学院,种子科学与工程,3,,体育类课程,,必修类别,大学体育（教材）,本校编,最新版,校本教材,,公共课已匹配
植物科学技术学院,种子科学与工程,第4学期,314300001007,马克思主义基本原理,3,必修,马克思主义基本原理（2023年版）,本书编写组,2023年版,高等教育出版社,,公共课已匹配
植物科学技术学院,种子科学与工程,第4学期,3013009104,植物生理学,3,必修,,,,,,待查教学大纲（专业课）
植物科学技术学院,种子科学与工程,第4学期,301300009012,植物生理学实验,1,必修,,,,,,待查教学大纲（专业课）
植物科学技术学院,种子科学与工程,第4学期,3013009116,农业气象学,3,必修,,,,,,待查教学大纲（专业课）
植物科学技术学院,种子科学与工程,第4学期,301300008002,作物生产实习1第4-5学期,5,必修,,,,,,待查教学大纲（专业课）
植物科学技术学院,种子科学与工程,第4学期,9093009903,社会实践13周，暑假进行,3,必修,,,,,,待查教学大纲（专业课）
植物科学技术学院,种子科学与工程,第4学期,301300008008,种工专业综合实习12周，暑假进行,2,必修,,,,,,待查教学大纲（专业课）
植物科学技术学院,种子科学与工程,第4学期,301300008007,种子生产加工实践,1,必修,,,,,,待查教学大纲（专业课）
植物科学技术学院,种子科学与工程,第4学期,301300008015,智慧作物生产实践,2,必修,,,,,,待查教学大纲（专业课）
植物科学技术学院,种子科学与工程,4,,外语类课程,,必修类别,新视野大学英语（第三版·读写教程）,郑树棠,第3版,外语教学与研究出版社,,公共课已匹配
植物科学技术学院,种子科学与工程,4,,体育类课程,,必修类别,大学体育（教材）,本校编,最新版,校本教材,,公共课已匹配
植物科学技术学院,种子科学与工程,第5学期,3013009151,作物育种学A,3,必修,,,,,,待查教学大纲（专业课）
植物科学技术学院,种子科学与工程,第5学期,301300007019,生物统计与田间试验设计,3,必修,,,,,,待查教学大纲（专业课）
植物科学技术学院,种子科学与工程,第5学期,301300008002,作物生产实习1第4-5学期,5,必修,,,,,,待查教学大纲（专业课）
植物科学技术学院,种子科学与工程,第6学期,3013009396,种子检验原理与技术2第6-7学期,7,必修,,,,,,待查教学大纲（专业课）
植物科学技术学院,种子科学与工程,第6学期,3013009395,种子生产学,2,必修,,,,,,待查教学大纲（专业课）
植物科学技术学院,种子科学与工程,第6学期,301300007138,种子生物学,3,必修,,,,,,待查教学大纲（专业课）
植物科学技术学院,种子科学与工程,第6学期,301300007136,种子加工与贮藏,3,必修,,,,,,待查教学大纲（专业课）
植物科学技术学院,种子科学与工程,第6学期,317300001010,人工智能应用专题,1,必修,,,,,,待查教学大纲（专业课）
植物科学技术学院,种子科学与工程,第6学期,301300008019,毕业综合实习,2,必修,,,,,,待查教学大纲（专业课）
植物科学技术学院,种子科学与工程,第7学期,3013009396,种子检验原理与技术2第6-7学期,7,必修,,,,,,待查教学大纲（专业课）
植物科学技术学院,种子科学与工程,第8学期,3013009911,毕业论文6第5-8学期,8,必修,,,,,,待查教学大纲（专业课）
植物科学技术学院,种子科学与工程,第8学期,3143009105,形势与政策（二）,1,必修,形势与政策（最新版）,教育部组编,每年更新,高等教育出版社,,公共课已匹配
植物科学技术学院,种子科学与工程,第8学期,3143009003,3484261马院OutlineofModernChineseHistory,1,必修,,,,,,待查教学大纲（专业课）
植物科学技术学院,种子科学与工程,第8学期,314300001006,3484262马院IdeologyMoralityandRuleofLaw,2,必修,,,,,,待查教学大纲（专业课）
植物科学技术学院,种子科学与工程,第8学期,314300001008,BasicTheoryofMaoZedongThought3484083马院,3,必修,,,,,,待查教学大纲（专业课）
植物科学技术学院,种子科学与工程,第8学期,314300001009,BasicTheoryofXiJinpingThought3484083马院,3,必修,,,,,,待查教学大纲（专业课）
植物科学技术学院,种子科学与工程,第8学期,314300001007,3484264马院BasicKnowledgeofMarxism,4,必修,,,,,,待查教学大纲（专业课）
植物科学技术学院,种子科学与工程,第8学期,3143009104,116161-2马院SituationandPolicyEducation（Ⅰ）,2,必修,,,,,,待查教学大纲（专业课）
植物科学技术学院,种子科学与工程,8,,体育类课程必修，实行选项制，一、二年级要求每学期修满1,,必修类别,大学体育（教材）,本校编,最新版,校本教材,,公共课已匹配
植物科学技术学院,种子科学与工程,8,,体育类课程教学详见《华中农业大学体育教学改革实施方案》。,,必修类别,大学体育（教材）,本校编,最新版,校本教材,,公共课已匹配
植物科学技术学院,种子科学与工程,第8学期,9093009904,232321MilitaryTheory生院,1,必修,,,,,,待查教学大纲（专业课）
植物科学技术学院,种子科学与工程,第8学期,3113009824,116161/2文法WritingandCommunication,2,必修,,,,,,待查教学大纲（专业课）
植物科学技术学院,种子科学与工程,第8学期,202300006005,PsychologicalDevelopmentand116162生院,2,必修,,,,,,待查教学大纲（专业课）
植物科学技术学院,种子科学与工程,第8学期,9093009774,InnovationandEntrepreneurship116161生院,1,必修,,,,,,待查教学大纲（专业课）
植物科学技术学院,种子科学与工程,第8学期,307300008004,130303工学FundamentalEngineeringPractice,3,必修,,,,,,待查教学大纲（专业课）
植物科学技术学院,种子科学与工程,第8学期,301300005012,116162植科TalkonSeedIndustryHistory,2,必修,,,,,,待查教学大纲（专业课）
植物科学技术学院,种子科学与工程,第8学期,301300005001,116162植科InsectsandHumanLife,2,必修,,,,,,待查教学大纲（专业课）
植物科学技术学院,种子科学与工程,第8学期,301300005003,116162植科InsectsandtheNobelPrize,2,必修,,,,,,待查教学大纲（专业课）
植物科学技术学院,种子科学与工程,第8学期,301300005004,116162植科CoevolutionofInsectsandPlants,2,必修,,,,,,待查教学大纲（专业课）
植物科学技术学院,种子科学与工程,第8学期,301300005005,116162植科PlantDiseasesandHumans,2,必修,,,,,,待查教学大纲（专业课）
植物科学技术学院,种子科学与工程,第8学期,301300005006,116162植科MicrobeandPlant,2,必修,,,,,,待查教学大纲（专业课）
植物科学技术学院,种子科学与工程,第8学期,301300005013,116162植科PlantImmunology,2,必修,,,,,,待查教学大纲（专业课）
植物科学技术学院,种子科学与工程,第8学期,301300005007,116162植科GreenPesticide&ModernAgriculture,2,必修,,,,,,待查教学大纲（专业课）
植物科学技术学院,种子科学与工程,第8学期,301300005008,116162植科FungiandHumanLife,2,必修,,,,,,待查教学大纲（专业课）
植物科学技术学院,种子科学与工程,第8学期,301300005009,116162植科PlantNanobiotechnology,2,必修,,,,,,待查教学大纲（专业课）
植物科学技术学院,种子科学与工程,第8学期,310300001019,微积分C580801信息CalculusC,1,必修,高等数学（第七版·上/下册）,同济大学数学系,第7版,高等教育出版社,9787308798,公共课已匹配
植物科学技术学院,种子科学与工程,第8学期,310300001009,无机及分析化学C348481化学InorganicandAnalyticalChemistryC,1,必修,无机及分析化学（第五版）,南京大学《无机及分析化学》编写组,第5版,高等教育出版社,,公共课已匹配
植物科学技术学院,种子科学与工程,第8学期,310300001012,InorganicandAnalytical130301化学,1,必修,,,,,,待查教学大纲（专业课）
植物科学技术学院,种子科学与工程,第8学期,310300001023,232322信息ProbabilityTheory,2,必修,,,,,,待查教学大纲（专业课）
植物科学技术学院,种子科学与工程,第8学期,310300001025,线性代数A348482信息LinearAlgebraA,2,必修,线性代数（第六版）,同济大学数学系,第6版,高等教育出版社,9787040396632,公共课已匹配
植物科学技术学院,种子科学与工程,第8学期,310300001029,大学物理C232322工学CollegePhysicsC,2,必修,物理学（第七版）,马文蔚,第7版,高等教育出版社,9787571720,公共课已匹配
植物科学技术学院,种子科学与工程,第8学期,310300001031,130302工学CollegePhysicsExperiment,2,必修,,,,,,待查教学大纲（专业课）
植物科学技术学院,种子科学与工程,第8学期,310300001002,有机化学B348482化学OrganicChemistryB,2,必修,有机化学（农科类 第三版）,汪小兰,第3版,高等教育出版社,,公共课已匹配
植物科学技术学院,种子科学与工程,第8学期,310300001005,有机化学实验B130302化学OrganicChemistryExperimentB,2,必修,有机化学（农科类 第三版）,汪小兰,第3版,高等教育出版社,,公共课已匹配
植物科学技术学院,种子科学与工程,第8学期,3043009101,232322生科Botany,2,必修,,,,,,待查教学大纲（专业课）
植物科学技术学院,种子科学与工程,第8学期,304300009022,130302生科ExperimentsofBotany,2,必修,,,,,,待查教学大纲（专业课）
植物科学技术学院,种子科学与工程,第8学期,304300007052,微生物学B34828203植科MicrobiologyB,3,必修,,,,,,待查教学大纲（专业课）
植物科学技术学院,种子科学与工程,第8学期,301300007108,2322484植科Zoology,4,必修,,,,,,待查教学大纲（专业课）
植物科学技术学院,种子科学与工程,第8学期,317300001008,FundamentalsofArtificial232322信息,2,必修,,,,,,待查教学大纲（专业课）
植物科学技术学院,种子科学与工程,第8学期,317300001009,ExperimentsontheFundamentals130302信息,2,必修,,,,,,待查教学大纲（专业课）
植物科学技术学院,种子科学与工程,第8学期,301300007155,12412124植科SmartPlantProtectionApplications,4,必修,,,,,,待查教学大纲（专业课）
植物科学技术学院,种子科学与工程,第8学期,301300007144,生物化学B464643植科BiochemistryB,3,必修,,,,,,待查教学大纲（专业课）
植物科学技术学院,种子科学与工程,第8学期,301300009009,ExperimentsofPlantBiochemistry125253植科,3,必修,,,,,,待查教学大纲（专业课）
植物科学技术学院,种子科学与工程,第8学期,301300007147,遗传学B3484803植科GeneticsB,3,必修,,,,,,待查教学大纲（专业课）
植物科学技术学院,种子科学与工程,第8学期,301300009011,遗传实验C120203植科GeneticsLaboratoryPracticeC,3,必修,,,,,,待查教学大纲（专业课）
植物科学技术学院,种子科学与工程,第8学期,3013009104,348484植科PlantPhysiology,4,必修,,,,,,待查教学大纲（专业课）
植物科学技术学院,种子科学与工程,第8学期,301300009012,125254植科ExperimentofPlantPhysiology,4,必修,,,,,,待查教学大纲（专业课）
植物科学技术学院,种子科学与工程,第8学期,301300007126,34832165植科BasicEcology,5,必修,,,,,,待查教学大纲（专业课）
植物科学技术学院,种子科学与工程,第8学期,301300007130,分子生物学C34832165植科MolecularBiologyC,5,必修,,,,,,待查教学大纲（专业课）
植物科学技术学院,种子科学与工程,第8学期,301300007139,36232306植科BiologicalResources,6,必修,,,,,,待查教学大纲（专业课）
植物科学技术学院,种子科学与工程,第8学期,301300007132,34832166植科GeneEngineering,6,必修,,,,,,待查教学大纲（专业课）
植物科学技术学院,种子科学与工程,第8学期,301300007131,34820286植科NaturalProductsChemistry,6,必修,,,,,,待查教学大纲（专业课）
植物科学技术学院,种子科学与工程,第8学期,301300007127,34832166植科PlantProductionandProtection,6,必修,,,,,,待查教学大纲（专业课）
植物科学技术学院,种子科学与工程,第8学期,301300007129,34832167植科BiologicalInformation,7,必修,,,,,,待查教学大纲（专业课）
植物科学技术学院,种子科学与工程,第8学期,301300006008,116161植科IntroductiontoPlantProduction,1,必修,,,,,,待查教学大纲（专业课）
植物科学技术学院,种子科学与工程,第8学期,301300006009,植物生产类专业导论II0.5884植科IntroductiontoPlantProductionII,4,必修,,,,,,待查教学大纲（专业课）
植物科学技术学院,种子科学与工程,第8学期,301300007076,116165植科AppliedMycology,5,必修,,,,,,待查教学大纲（专业课）
植物科学技术学院,种子科学与工程,第8学期,301300007077,昆虫资源学B116165植科InsectResources,5,必修,,,,,,待查教学大纲（专业课）
植物科学技术学院,种子科学与工程,第8学期,301300007078,116165植科MedicinalPlantCultivation,5,必修,,,,,,待查教学大纲（专业课）
植物科学技术学院,种子科学与工程,第8学期,301300007075,1161246植科GeneEditing,6,必修,,,,,,待查教学大纲（专业课）
植物科学技术学院,种子科学与工程,第8学期,301300007073,116166植科SyntheticBiology,6,必修,,,,,,待查教学大纲（专业课）
植物科学技术学院,种子科学与工程,第8学期,301300007112,116166植科GeneralPlantProtection,6,必修,,,,,,待查教学大纲（专业课）
植物科学技术学院,种子科学与工程,第8学期,301300007076,116165植科AppliedMycology,5,必修,,,,,,待查教学大纲（专业课）
植物科学技术学院,种子科学与工程,第8学期,301300007078,116165植科MedicinalPlantCultivation,5,必修,,,,,,待查教学大纲（专业课）
植物科学技术学院,种子科学与工程,第8学期,301300007079,116166植科NutritionandHealth,6,必修,,,,,,待查教学大纲（专业课）
植物科学技术学院,种子科学与工程,第8学期,3013009382,116166植科IntroductiontoIntelligentAgriculture,6,必修,,,,,,待查教学大纲（专业课）
植物科学技术学院,种子科学与工程,第8学期,317300007074,348486信息MachineLearning,6,必修,,,,,,待查教学大纲（专业课）
植物科学技术学院,种子科学与工程,第8学期,317300007032,232326信息ArtificialIntelligence,6,必修,,,,,,待查教学大纲（专业课）
植物科学技术学院,种子科学与工程,第8学期,317300007007,24024166信息InternetofThingsEngineering,6,必修,,,,,,待查教学大纲（专业课）
植物科学技术学院,种子科学与工程,第8学期,306300007005,348485经管MarketingManagement,5,必修,,,,,,待查教学大纲（专业课）
植物科学技术学院,种子科学与工程,第8学期,3013009309,BiostatisticsandField34838105植科,5,必修,,,,,,待查教学大纲（专业课）
植物科学技术学院,种子科学与工程,第8学期,301300007062,23216165植科ModernInstrumentalAnalysis,5,必修,,,,,,待查教学大纲（专业课）
植物科学技术学院,种子科学与工程,第8学期,301300007063,FermentationEngineering23216165植科,5,必修,,,,,,待查教学大纲（专业课）
植物科学技术学院,种子科学与工程,第8学期,301300007082,116166植科BiologicalControlAgents,6,必修,,,,,,待查教学大纲（专业课）
植物科学技术学院,种子科学与工程,第8学期,3013009347,2322486植科BreedingofEdibleFungi,6,必修,,,,,,待查教学大纲（专业课）
植物科学技术学院,种子科学与工程,第8学期,301300007083,116165植科FactoryCultivationofEdibleFungi,5,必修,,,,,,待查教学大纲（专业课）
植物科学技术学院,种子科学与工程,第8学期,301300007084,Edible/MedicinalMushroom116164植科,4,必修,,,,,,待查教学大纲（专业课）
植物科学技术学院,种子科学与工程,第8学期,3013009606,232323植科MedicinalPlantResources,3,必修,,,,,,待查教学大纲（专业课）
植物科学技术学院,种子科学与工程,第8学期,301300007125,232326植科MedicinalPlantBreeding,6,必修,,,,,,待查教学大纲（专业课）
植物科学技术学院,种子科学与工程,第8学期,301300007100,116166植科TraditionalChinesePharmaceutics,6,必修,,,,,,待查教学大纲（专业课）
植物科学技术学院,种子科学与工程,第8学期,3013009609,232325植科MolecularPharmacognosy,5,必修,,,,,,待查教学大纲（专业课）
植物科学技术学院,种子科学与工程,第8学期,3013009252,ProcessingofEdible34828206植科,6,必修,,,,,,待查教学大纲（专业课）
植物科学技术学院,种子科学与工程,第8学期,301300007085,ProductionandManagement116166植科,6,必修,,,,,,待查教学大纲（专业课）
植物科学技术学院,种子科学与工程,第8学期,301300007086,116165植科PollinatingInsects,5,必修,,,,,,待查教学大纲（专业课）
植物科学技术学院,种子科学与工程,第8学期,301300007087,116166植科Edible/MedicinalInsects,6,必修,,,,,,待查教学大纲（专业课）
植物科学技术学院,种子科学与工程,第8学期,301300007088,116166植科InsectEnemy,6,必修,,,,,,待查教学大纲（专业课）
植物科学技术学院,种子科学与工程,第8学期,301300007089,UtilizationofInsectBehavior116167植科,7,必修,,,,,,待查教学大纲（专业课）
植物科学技术学院,种子科学与工程,第8学期,301300007094,116164植科GenomesofPlantResistance,4,必修,,,,,,待查教学大纲（专业课）
植物科学技术学院,种子科学与工程,第8学期,3013009320,Interactionbetween116166植科,6,必修,,,,,,待查教学大纲（专业课）
植物科学技术学院,种子科学与工程,第8学期,301300007091,MiningandUtilizationof116166植科,6,必修,,,,,,待查教学大纲（专业课）
植物科学技术学院,种子科学与工程,第8学期,301300007092,116167植科GeneCloneandExpression,7,必修,,,,,,待查教学大纲（专业课）
植物科学技术学院,种子科学与工程,第8学期,301300007093,BiosafetyAssessmentof116167植科,7,必修,,,,,,待查教学大纲（专业课）
植物科学技术学院,种子科学与工程,第8学期,301300007015,116167植科StructureandFunctionofProteins,7,必修,,,,,,待查教学大纲（专业课）
植物科学技术学院,种子科学与工程,第8学期,301300007080,116167植科ProteinEngineering,7,必修,,,,,,待查教学大纲（专业课）
植物科学技术学院,种子科学与工程,第8学期,301300007095,"Separation,Modification116166植科andUtilizationof",6,必修,,,,,,待查教学大纲（专业课）
植物科学技术学院,种子科学与工程,第8学期,301300007096,116167植科InsectProteins,7,必修,,,,,,待查教学大纲（专业课）
植物科学技术学院,种子科学与工程,第8学期,9093009905,26031Militaryskills生院,1,必修,,,,,,待查教学大纲（专业课）
植物科学技术学院,种子科学与工程,第8学期,9093009906,Innovationand11-7生院,7,必修,,,,,,待查教学大纲（专业课）
植物科学技术学院,种子科学与工程,第8学期,202300008001,ThePracticeofMentalHealth13011/2生院,2,必修,,,,,,待查教学大纲（专业课）
植物科学技术学院,种子科学与工程,第8学期,3143009105,3013-8马院SituationandPolicyEducation（Ⅱ）,1,必修,,,,,,待查教学大纲（专业课）
植物科学技术学院,种子科学与工程,第8学期,9093009903,13014团委SocialPractice,4,必修,,,,,,待查教学大纲（专业课）
植物科学技术学院,种子科学与工程,第8学期,110300008001,13011-7团委VolunteerService,7,必修,,,,,,待查教学大纲（专业课）
植物科学技术学院,种子科学与工程,第8学期,110300008002,11-7团委AestheticPractice,7,必修,,,,,,待查教学大纲（专业课）
植物科学技术学院,种子科学与工程,第8学期,301300008015,412083-4植科PracticeofSmartCropproduction,4,必修,,,,,,待查教学大纲（专业课）
植物科学技术学院,种子科学与工程,第8学期,301300008006,Investigationof244-5植科,5,必修,,,,,,待查教学大纲（专业课）
植物科学技术学院,种子科学与工程,第8学期,301300008005,39064植科第二学年实践FoundationPracticeofSpecialty暑期进行,4,必修,,,,,,待查教学大纲（专业课）
植物科学技术学院,种子科学与工程,第8学期,301300008019,ComprehensiveGraduation246植科,6,必修,,,,,,待查教学大纲（专业课）
植物科学技术学院,种子科学与工程,第8学期,3013009911,6180124-8GraduationThesis,8,必修,,,,,,待查教学大纲（专业课）
植物科学技术学院,应用生物科学,第1学期,301300006008,植物生产类专业导论,1,必修,,,,,,待查教学大纲（专业课）
植物科学技术学院,应用生物科学,第1学期,3113009003,中国近现代史纲要,3,必修,中国近现代史纲要（2023年版）,本书编写组,2023年版,高等教育出版社,,公共课已匹配
植物科学技术学院,应用生物科学,第1学期,3103009004,微积分C,5,必修,高等数学（第七版·上/下册）,同济大学数学系,第7版,高等教育出版社,9787308798,公共课已匹配
植物科学技术学院,应用生物科学,第1学期,310300001008,无机及分析化学C,3,必修,无机及分析化学（第五版）,南京大学《无机及分析化学》编写组,第5版,高等教育出版社,,公共课已匹配
植物科学技术学院,应用生物科学,第1学期,310300001011,无机及分析化学实验C,1,必修,无机及分析化学（第五版）,南京大学《无机及分析化学》编写组,第5版,高等教育出版社,,公共课已匹配
植物科学技术学院,应用生物科学,第1学期,9093009904,军事理论,2,必修,军事理论课教程,教育部军委国防动员部,2023版,高等教育出版社,,公共课已匹配
植物科学技术学院,应用生物科学,第1学期,9093009905,军事技能,2,必修,军事训练教程,教育部军委国防动员部,2023版,高等教育出版社,,公共课已匹配
植物科学技术学院,应用生物科学,第1学期,3113009824,写作与沟通,1,必修,写作与沟通,马工程/本校编,最新版,高等教育出版社,,公共课已匹配
植物科学技术学院,应用生物科学,第1学期,9093009774,大学生创新创业基础,1,必修,大学生创新创业基础,本校编,最新版,高等教育出版社,,公共课已匹配
植物科学技术学院,应用生物科学,1,,外语类课程,,必修类别,新视野大学英语（第三版·读写教程）,郑树棠,第3版,外语教学与研究出版社,,公共课已匹配
植物科学技术学院,应用生物科学,1,,体育类课程,,必修类别,大学体育（教材）,本校编,最新版,校本教材,,公共课已匹配
植物科学技术学院,应用生物科学,1,,通识课程,,选修类别,,,,,,待查教学大纲（专业课）
植物科学技术学院,应用生物科学,第2学期,314300001006,思想道德与法治,3,必修,思想道德与法治（2023年版）,本书编写组,2023年版,高等教育出版社,,公共课已匹配
植物科学技术学院,应用生物科学,第2学期,310300001023,概率论,2,必修,概率论与数理统计（第五版）,盛骤 谢式千,第5版,高等教育出版社,9787040384876,公共课已匹配
植物科学技术学院,应用生物科学,第2学期,310300001024,线性代数A,3,必修,线性代数（第六版）,同济大学数学系,第6版,高等教育出版社,9787040396632,公共课已匹配
植物科学技术学院,应用生物科学,第2学期,310300001002,有机化学B,3,必修,有机化学（农科类 第三版）,汪小兰,第3版,高等教育出版社,,公共课已匹配
植物科学技术学院,应用生物科学,第2学期,310300001005,有机化学实验B,1,必修,有机化学（农科类 第三版）,汪小兰,第3版,高等教育出版社,,公共课已匹配
植物科学技术学院,应用生物科学,第2学期,3043009101,植物学,2,必修,,,,,,待查教学大纲（专业课）
植物科学技术学院,应用生物科学,第2学期,304300009022,植物学实验,1,必修,,,,,,待查教学大纲（专业课）
植物科学技术学院,应用生物科学,第2学期,310300001029,大学物理C,2,必修,物理学（第七版）,马文蔚,第7版,高等教育出版社,9787571720,公共课已匹配
植物科学技术学院,应用生物科学,第2学期,310300001031,大学物理实验,1,必修,物理学（第七版）,马文蔚,第7版,高等教育出版社,9787571720,公共课已匹配
植物科学技术学院,应用生物科学,第2学期,202300006005,大学生心理发展与指导,1,必修,大学生心理健康教育,郑日昌,最新版,高等教育出版社,,公共课已匹配
植物科学技术学院,应用生物科学,第2学期,202300008001,大学生心理素质拓展,1,必修,大学生心理健康教育,郑日昌,最新版,高等教育出版社,,公共课已匹配
植物科学技术学院,应用生物科学,第2学期,3143009104,形势与政策（一）,1,必修,形势与政策（最新版）,教育部组编,每年更新,高等教育出版社,,公共课已匹配
植物科学技术学院,应用生物科学,第2学期,317300001008,人工智能应用基础,2,必修,人工智能基础（通识）,大学计算机课程教指委,最新版,高等教育出版社,9787428708,公共课已匹配
植物科学技术学院,应用生物科学,第2学期,317300001009,人工智能应用基础实验,1,必修,人工智能基础（通识）,大学计算机课程教指委,最新版,高等教育出版社,9787428708,公共课已匹配
植物科学技术学院,应用生物科学,2,,外语类课程,,必修类别,新视野大学英语（第三版·读写教程）,郑树棠,第3版,外语教学与研究出版社,,公共课已匹配
植物科学技术学院,应用生物科学,2,,体育类课程,,必修类别,大学体育（教材）,本校编,最新版,校本教材,,公共课已匹配
植物科学技术学院,应用生物科学,第3学期,314300001008,3社会主义理论体系概论,3,必修,,,,,,待查教学大纲（专业课）
植物科学技术学院,应用生物科学,第3学期,314300001009,3社会主义思想概论,3,必修,,,,,,待查教学大纲（专业课）
植物科学技术学院,应用生物科学,第3学期,301300007144,生物化学B,4,必修,,,,,,待查教学大纲（专业课）
植物科学技术学院,应用生物科学,第3学期,301300009009,植物生物化学实验,1,必修,,,,,,待查教学大纲（专业课）
植物科学技术学院,应用生物科学,第3学期,301300007147,遗传学B,3,必修,,,,,,待查教学大纲（专业课）
植物科学技术学院,应用生物科学,第3学期,301300009011,遗传学实验C,1,必修,,,,,,待查教学大纲（专业课）
植物科学技术学院,应用生物科学,第3学期,3013009307,微生物学B,3,必修,,,,,,待查教学大纲（专业课）
植物科学技术学院,应用生物科学,第3学期,301300008015,智慧作物生产实践,2,必修,,,,,,待查教学大纲（专业课）
植物科学技术学院,应用生物科学,第3学期,307300008004,工程基础实践,1,必修,,,,,,待查教学大纲（专业课）
植物科学技术学院,应用生物科学,3,,外语类课程,,必修类别,新视野大学英语（第三版·读写教程）,郑树棠,第3版,外语教学与研究出版社,,公共课已匹配
植物科学技术学院,应用生物科学,3,,体育类课程,,必修类别,大学体育（教材）,本校编,最新版,校本教材,,公共课已匹配
植物科学技术学院,应用生物科学,第4学期,314300007007,马克思主义基本原理,3,必修,马克思主义基本原理（2023年版）,本书编写组,2023年版,高等教育出版社,,公共课已匹配
植物科学技术学院,应用生物科学,第4学期,3013009104,植物生理学,3,必修,,,,,,待查教学大纲（专业课）
植物科学技术学院,应用生物科学,第4学期,301300009012,植物生理学实验,1,必修,,,,,,待查教学大纲（专业课）
植物科学技术学院,应用生物科学,第4学期,301300007108,动物学,2,必修,,,,,,待查教学大纲（专业课）
植物科学技术学院,应用生物科学,第4学期,301300006009,植物生产类专业导论II,0.5,必修,,,,,,待查教学大纲（专业课）
植物科学技术学院,应用生物科学,第4学期,301300008006,生物资源调查24-5学期进行,5,必修,,,,,,待查教学大纲（专业课）
植物科学技术学院,应用生物科学,第4学期,301300008005,应用生物科学专业基础实习,3,必修,,,,,,待查教学大纲（专业课）
植物科学技术学院,应用生物科学,第4学期,9093009903,社会实践,1,必修,,,,,,待查教学大纲（专业课）
植物科学技术学院,应用生物科学,第4学期,301300008015,智慧作物生产实践,2,必修,,,,,,待查教学大纲（专业课）
植物科学技术学院,应用生物科学,第4学期,301300007155,智慧植保应用专题,1,必修,,,,,,待查教学大纲（专业课）
植物科学技术学院,应用生物科学,4,,外语类课程,,必修类别,新视野大学英语（第三版·读写教程）,郑树棠,第3版,外语教学与研究出版社,,公共课已匹配
植物科学技术学院,应用生物科学,4,,体育类课程,,必修类别,大学体育（教材）,本校编,最新版,校本教材,,公共课已匹配
植物科学技术学院,应用生物科学,第5学期,301300007062,现代仪器分析,2,必修,,,,,,待查教学大纲（专业课）
植物科学技术学院,应用生物科学,第5学期,301300007063,发酵工程原理与技术,2,必修,,,,,,待查教学大纲（专业课）
植物科学技术学院,应用生物科学,第5学期,3013009309,生物统计与田间试验设计,3,必修,,,,,,待查教学大纲（专业课）
植物科学技术学院,应用生物科学,第5学期,301300007061,基础生态学,3,必修,,,,,,待查教学大纲（专业课）
植物科学技术学院,应用生物科学,第5学期,3013009308,分子生物学C,3,必修,,,,,,待查教学大纲（专业课）
植物科学技术学院,应用生物科学,第6学期,301300007106,基因工程,3,必修,,,,,,待查教学大纲（专业课）
植物科学技术学院,应用生物科学,第6学期,301300007101,天然产物化学,3,必修,,,,,,待查教学大纲（专业课）
植物科学技术学院,应用生物科学,第6学期,301300007107,植物生产与保护,3,必修,,,,,,待查教学大纲（专业课）
植物科学技术学院,应用生物科学,第6学期,301300007139,生物资源学,3,必修,,,,,,待查教学大纲（专业课）
植物科学技术学院,应用生物科学,第6学期,301300008019,毕业综合实习,2,必修,,,,,,待查教学大纲（专业课）
植物科学技术学院,应用生物科学,第7学期,30130009205,生物信息学,3,必修,,,,,,待查教学大纲（专业课）
植物科学技术学院,应用生物科学,第8学期,3013009911,毕业论文设计64-8学期,8,必修,,,,,,待查教学大纲（专业课）
植物科学技术学院,应用生物科学,第8学期,3143009105,形势与政策（二）,1,必修,形势与政策（最新版）,教育部组编,每年更新,高等教育出版社,,公共课已匹配
植物科学技术学院,应用生物科学,第8学期,3143009003,3484261马院OutlineofModernChineseHistory,1,必修,,,,,,待查教学大纲（专业课）
植物科学技术学院,应用生物科学,第8学期,314300001006,3484262马院IdeologyMoralityandRuleofLaw,2,必修,,,,,,待查教学大纲（专业课）
植物科学技术学院,应用生物科学,第8学期,314300001008,BasicTheoryofMaoZedong3484083马院,3,必修,,,,,,待查教学大纲（专业课）
植物科学技术学院,应用生物科学,第8学期,314300001009,BasicTheoryofXiJinpingThought3484083马院,3,必修,,,,,,待查教学大纲（专业课）
植物科学技术学院,应用生物科学,第8学期,314300001007,3484264马院BasicKnowledgeofMarxism,4,必修,,,,,,待查教学大纲（专业课）
植物科学技术学院,应用生物科学,第8学期,3143009104,116161-2马院SituationandPolicyEducation(1),1,必修,,,,,,待查教学大纲（专业课）
植物科学技术学院,应用生物科学,第8学期,314210001001,232327/8马院理论与实践*（硕士生必修）,8,必修,,,,,,待查教学大纲（专业课）
植物科学技术学院,应用生物科学,第8学期,314210001002,自然辩证法概论*116167/8马院（硕士生必修）,8,必修,,,,,,待查教学大纲（专业课）
植物科学技术学院,应用生物科学,第8学期,314110001001,2323211/12马院（博士生必修）,12,必修,,,,,,待查教学大纲（专业课）
植物科学技术学院,应用生物科学,第8学期,3013009382,116161植科等IntroductiontoIntelligentAgriculture,1,必修,,,,,,待查教学大纲（专业课）
植物科学技术学院,应用生物科学,第8学期,202300006102,11616NationalSeedIndustry生院,16,必修,,,,,,待查教学大纲（专业课）
植物科学技术学院,应用生物科学,第8学期,3013009372,InternationalCropProduction116163植科等,3,必修,,,,,,待查教学大纲（专业课）
植物科学技术学院,应用生物科学,第8学期,302110002001,动物科学史*116167动科等,7,必修,,,,,,待查教学大纲（专业课）
植物科学技术学院,应用生物科学,第8学期,308110002001,中国鱼文化*116167水产等,7,必修,,,,,,待查教学大纲（专业课）
植物科学技术学院,应用生物科学,第8学期,307210002001,农业工程发展史*116167工学等,7,必修,,,,,,待查教学大纲（专业课）
植物科学技术学院,应用生物科学,第8学期,301210003005,农业与农村*116167植科等AgricultureandCountryside,7,必修,,,,,,待查教学大纲（专业课）
植物科学技术学院,应用生物科学,第8学期,306220003001,232327经管等（农业硕士必修）*,7,必修,,,,,,待查教学大纲（专业课）
植物科学技术学院,应用生物科学,第8学期,301210002002,农业科技史*116168植科等,8,必修,,,,,,待查教学大纲（专业课）
植物科学技术学院,应用生物科学,第8学期,305110005002,园艺学文史类*116168园林等,8,必修,,,,,,待查教学大纲（专业课）
植物科学技术学院,应用生物科学,第8学期,3113009824,11616文法WritingandCommunication,16,必修,,,,,,待查教学大纲（专业课）
植物科学技术学院,应用生物科学,第8学期,9093009774,InnovationandEntrepreneurship116161生院,1,必修,,,,,,待查教学大纲（专业课）
植物科学技术学院,应用生物科学,第8学期,202300006005,PsychologicalDevelopmentand116162生院,2,必修,,,,,,待查教学大纲（专业课）
植物科学技术学院,应用生物科学,第8学期,3113009707,21616文法CollegeChinese,16,必修,,,,,,待查教学大纲（专业课）
植物科学技术学院,应用生物科学,第8学期,3143009708,23232马院等GreenChina,32,必修,,,,,,待查教学大纲（专业课）
植物科学技术学院,应用生物科学,第8学期,3143009707,23232马院等LearnandPracticeChina,32,必修,,,,,,待查教学大纲（专业课）
植物科学技术学院,应用生物科学,第8学期,3123009709,23232外语等InterculturalCommunication,32,必修,,,,,,待查教学大纲（专业课）
植物科学技术学院,应用生物科学,第8学期,3113009820,23232文法等AncientNovelsandChineseCivilization,32,必修,,,,,,待查教学大纲（专业课）
植物科学技术学院,应用生物科学,第8学期,3123009717,AReader’sGuidetoMasterpieces23232外语,32,必修,,,,,,待查教学大纲（专业课）
植物科学技术学院,应用生物科学,第8学期,3093009710,23232食科等CultureofChineseFood,32,必修,,,,,,待查教学大纲（专业课）
植物科学技术学院,应用生物科学,第8学期,202300006003,23232PsychologyandLife生院,32,必修,,,,,,待查教学大纲（专业课）
植物科学技术学院,应用生物科学,第8学期,3113009757,TheHistoryofChinese23232马院等,32,必修,,,,,,待查教学大纲（专业课）
植物科学技术学院,应用生物科学,第8学期,314210004016,IntroductiontotheHistoryand1.52424马院等,24,必修,,,,,,待查教学大纲（专业课）
植物科学技术学院,应用生物科学,第8学期,312300006003,Walkinto“TheBeltand23232外语等,32,必修,,,,,,待查教学大纲（专业课）
植物科学技术学院,应用生物科学,第8学期,311300006005,23232文法LawandModernLife,32,必修,,,,,,待查教学大纲（专业课）
植物科学技术学院,应用生物科学,第8学期,305300006003,23232园林等RandomTalkonAesthetics,32,必修,,,,,,待查教学大纲（专业课）
植物科学技术学院,应用生物科学,第8学期,3113009746,1.52424文法等LaoziandChineseWisdom,24,必修,,,,,,待查教学大纲（专业课）
植物科学技术学院,应用生物科学,第8学期,3113009789,23232文法等TheAnalectsandReallife,32,必修,,,,,,待查教学大纲（专业课）
植物科学技术学院,应用生物科学,第8学期,306300006004,11616经管等IntroductiontoSunTzusArtofWar,16,必修,,,,,,待查教学大纲（专业课）
植物科学技术学院,应用生物科学,第8学期,305300006002,23232园林等Chinesepaintingandcalligraphy,32,必修,,,,,,待查教学大纲（专业课）
植物科学技术学院,应用生物科学,第8学期,301210002001,学术道德与科技写作*11616植科,16,必修,,,,,,待查教学大纲（专业课）
植物科学技术学院,应用生物科学,第8学期,301210004020,高级文献阅读*11616植科等,16,必修,,,,,,待查教学大纲（专业课）
植物科学技术学院,应用生物科学,第8学期,305210004020,文献检索与阅读*11616园林等,16,必修,,,,,,待查教学大纲（专业课）
植物科学技术学院,应用生物科学,第8学期,302210004020,Accuratesearchingand11616动科等,16,必修,,,,,,待查教学大纲（专业课）
植物科学技术学院,应用生物科学,第8学期,310300007033,23232信息Mathematicsthought,32,必修,,,,,,待查教学大纲（专业课）
植物科学技术学院,应用生物科学,第8学期,310300006003,Physics:awalkthrough23232工学,32,必修,,,,,,待查教学大纲（专业课）
植物科学技术学院,应用生物科学,第8学期,310300006004,11616化学HistoryofChemicalThoughts,16,必修,,,,,,待查教学大纲（专业课）
植物科学技术学院,应用生物科学,第8学期,3063009741,23232经管PrinciplesofEconomics（MOOCS）,32,必修,,,,,,待查教学大纲（专业课）
植物科学技术学院,应用生物科学,第8学期,3063009817,TopicsontheHotIssue11616经管,16,必修,,,,,,待查教学大纲（专业课）
植物科学技术学院,应用生物科学,第8学期,310300001034,大学数学（1）580801信息GeneralMathematics(I),1,必修,,,,,,待查教学大纲（专业课）
植物科学技术学院,应用生物科学,第8学期,310300001035,大学数学（2）580802信息GeneralMathematics(II),2,必修,,,,,,待查教学大纲（专业课）
植物科学技术学院,应用生物科学,第8学期,310300001015,464641化学GeneralChemistry,1,必修,,,,,,待查教学大纲（专业课）
植物科学技术学院,应用生物科学,第8学期,310300001016,26060601化学GeneralChemistryExperiment,1,必修,,,,,,待查教学大纲（专业课）
植物科学技术学院,应用生物科学,第8学期,310300001029,大学物理C232322工学CollegePhysicsC,2,必修,物理学（第七版）,马文蔚,第7版,高等教育出版社,9787571720,公共课已匹配
植物科学技术学院,应用生物科学,第8学期,310300001031,130302工学CollegePhysicsExperiment,2,必修,,,,,,待查教学大纲（专业课）
植物科学技术学院,应用生物科学,第8学期,3103000143,运筹学B232323信息OperationalResearchB,3,必修,,,,,,待查教学大纲（专业课）
植物科学技术学院,应用生物科学,第8学期,317300001007,数据分析A348484信息DataAnalysisA,4,必修,,,,,,待查教学大纲（专业课）
植物科学技术学院,应用生物科学,第8学期,3173009065,3484信息DiscreteMathematics,4,必修,,,,,,待查教学大纲（专业课）
植物科学技术学院,应用生物科学,第8学期,317300007094,2.54832165信息MathematicalModelingandExperiment,5,必修,,,,,,待查教学大纲（专业课）
植物科学技术学院,应用生物科学,第8学期,301300007134,116161植科FoundationofComputer,1,必修,,,,,,待查教学大纲（专业课）
植物科学技术学院,应用生物科学,第8学期,317300001008,FundamentalsofArtificial232321信息,1,必修,,,,,,待查教学大纲（专业课）
植物科学技术学院,应用生物科学,第8学期,317300001009,ExperimentsontheFundamentalsof130301信息,1,必修,,,,,,待查教学大纲（专业课）
植物科学技术学院,应用生物科学,第8学期,3173009117,C++语言程序设计240402信息C++LanguageProgramming,2,必修,,,,,,待查教学大纲（专业课）
植物科学技术学院,应用生物科学,第8学期,301300007149,AI编程116162植科等AIProgramming,2,必修,,,,,,待查教学大纲（专业课）
植物科学技术学院,应用生物科学,第8学期,31300007010,数据结构B360603信息DataStructuresB,3,必修,,,,,,待查教学大纲（专业课）
植物科学技术学院,应用生物科学,第8学期,301300007152,23216163植科AgriculturalRemoteSensing,3,必修,,,,,,待查教学大纲（专业课）
植物科学技术学院,应用生物科学,第8学期,301300009013,1324283植科PlantGenomicDesignandBreeding,3,必修,,,,,,待查教学大纲（专业课）
植物科学技术学院,应用生物科学,第8学期,3173009067,232325信息ArtificialIntelligence,5,必修,,,,,,待查教学大纲（专业课）
植物科学技术学院,应用生物科学,第8学期,301300007150,24032165植科等AImodelandpractices,5,必修,,,,,,待查教学大纲（专业课）
植物科学技术学院,应用生物科学,第8学期,301300007002,232325植科等DigitalImageProcessing,5,必修,,,,,,待查教学大纲（专业课）
植物科学技术学院,应用生物科学,第8学期,301300007151,DevelopmentandApplication232325植科等,5,必修,,,,,,待查教学大纲（专业课）
植物科学技术学院,应用生物科学,第8学期,301300007153,ScientificDataVisualizationand23216165植科等,5,必修,,,,,,待查教学大纲（专业课）
植物科学技术学院,应用生物科学,第8学期,317210004019,农业大数据*232327经管等AgriculturalBigData,7,必修,,,,,,待查教学大纲（专业课）
植物科学技术学院,应用生物科学,第8学期,317210003004,机器学习引导*232327信息,7,必修,,,,,,待查教学大纲（专业课）
植物科学技术学院,应用生物科学,第8学期,3173009078,数据挖掘*348487信息等DataMining,7,必修,,,,,,待查教学大纲（专业课）
植物科学技术学院,应用生物科学,第8学期,317210004016,互联网大数据获取与分析*232327信息等,7,必修,,,,,,待查教学大纲（专业课）
植物科学技术学院,应用生物科学,第8学期,317300007037,24024167信息NeuralNetworkandDeepLearning,7,必修,,,,,,待查教学大纲（专业课）
植物科学技术学院,应用生物科学,第8学期,305210004026,试验设计与统计分析*232327园林等,7,必修,,,,,,待查教学大纲（专业课）
植物科学技术学院,应用生物科学,第8学期,301210004035,Advancedexperimentaldesign232327植科等,7,必修,,,,,,待查教学大纲（专业课）
植物科学技术学院,应用生物科学,第8学期,3053009001,R语言与统计分析应用*232327园林等,7,必修,,,,,,待查教学大纲（专业课）
植物科学技术学院,应用生物科学,第8学期,302210004009,R语言与高通量数据处理*232328动科等,8,必修,,,,,,待查教学大纲（专业课）
植物科学技术学院,应用生物科学,第8学期,302210004003,试验设计与数据分析*232328动科等ExperimentalDesignandDataAnalysis,8,必修,,,,,,待查教学大纲（专业课）
植物科学技术学院,应用生物科学,第8学期,317210004009,MiningandKnowledgeDiscovery232328信息等,8,必修,,,,,,待查教学大纲（专业课）
植物科学技术学院,应用生物科学,第8学期,317210004013,多组学数据整合与挖掘*232328信息等,8,必修,,,,,,待查教学大纲（专业课）
植物科学技术学院,应用生物科学,第8学期,3173009013,AnalysisofRepeated232328信息等,8,必修,,,,,,待查教学大纲（专业课）
植物科学技术学院,应用生物科学,第8学期,306210003011,数理经济方法*232328经管等,8,必修,,,,,,待查教学大纲（专业课）
植物科学技术学院,应用生物科学,第8学期,301210004055,现代农业信息技术*232328植科等,8,必修,,,,,,待查教学大纲（专业课）
植物科学技术学院,应用生物科学,第8学期,307300007025,电子技术A348484工学ElectronicTechnologyA,4,必修,,,,,,待查教学大纲（专业课）
植物科学技术学院,应用生物科学,第8学期,3073009163,PrincipleandApplicationof2322484工学,4,必修,,,,,,待查教学大纲（专业课）
植物科学技术学院,应用生物科学,第8学期,307300007051,2322484工学PlantProtectionMachinery,4,必修,,,,,,待查教学大纲（专业课）
植物科学技术学院,应用生物科学,第8学期,307300007028,232325工学SensorandDetectionTechnology,5,必修,,,,,,待查教学大纲（专业课）
植物科学技术学院,应用生物科学,第8学期,317300007007,24024166信息InternetofThingsEngineering,6,必修,,,,,,待查教学大纲（专业课）
植物科学技术学院,应用生物科学,第8学期,3073009339,132326工学EngineeringDrawing,6,必修,,,,,,待查教学大纲（专业课）
植物科学技术学院,应用生物科学,第8学期,3073009153,232326工学ModernDesignMethods,6,必修,,,,,,待查教学大纲（专业课）
植物科学技术学院,应用生物科学,第8学期,307210006006,有限元法及应用*232327工学等FiniteElementMethodandApplication,7,必修,,,,,,待查教学大纲（专业课）
植物科学技术学院,应用生物科学,第8学期,3071100040013,农业机器人*232327工学等AgriculturalRobot,7,必修,,,,,,待查教学大纲（专业课）
植物科学技术学院,应用生物科学,第8学期,307210006005,信号分析与处理（二）*116167工学等Signalanalyzingandprocessing,2,必修,,,,,,待查教学大纲（专业课）
植物科学技术学院,应用生物科学,第8学期,307210004011,微控制器应用*232327工学等,7,必修,,,,,,待查教学大纲（专业课）
植物科学技术学院,应用生物科学,第8学期,307210004018,InternetofThingTechnology232327工学等,7,必修,,,,,,待查教学大纲（专业课）
植物科学技术学院,应用生物科学,第8学期,307210004008,农产品无损检测技术*1.524248工学等,8,必修,,,,,,待查教学大纲（专业课）
植物科学技术学院,应用生物科学,第8学期,3043009101,232322生科等Botany,2,必修,,,,,,待查教学大纲（专业课）
植物科学技术学院,应用生物科学,第8学期,301300007108,232323植科等Zoology,3,必修,,,,,,待查教学大纲（专业课）
植物科学技术学院,应用生物科学,第8学期,304300007052,微生物学B34828203植科MicrobiologyB,3,必修,,,,,,待查教学大纲（专业课）
植物科学技术学院,应用生物科学,第8学期,3083009108,348484水产Hydrobiology,4,必修,,,,,,待查教学大纲（专业课）
植物科学技术学院,应用生物科学,第8学期,301300007104,46848203植科等ModernGenetics,3,必修,,,,,,待查教学大纲（专业课）
植物科学技术学院,应用生物科学,第8学期,301300007145,生物化学C348483植科FundamentalBiochemistryC,3,必修,,,,,,待查教学大纲（专业课）
植物科学技术学院,应用生物科学,第8学期,301300009009,ExperimentsofPlantBiochemistry125253植科等,3,必修,,,,,,待查教学大纲（专业课）
植物科学技术学院,应用生物科学,第8学期,302300007035,348483AnimalBiochemistry动医,3,必修,,,,,,待查教学大纲（专业课）
植物科学技术学院,应用生物科学,第8学期,3023009353,130303ExperimentofAnimalBiochemistry动医,3,必修,,,,,,待查教学大纲（专业课）
植物科学技术学院,应用生物科学,第8学期,3013009104,植物生理学A348484植科等PlantPhysiologyA,4,必修,,,,,,待查教学大纲（专业课）
植物科学技术学院,应用生物科学,第8学期,3083009110,动物生理学水产/34848484AnimalPhysiology动科等,4,必修,,,,,,待查教学大纲（专业课）
植物科学技术学院,应用生物科学,第8学期,304300007058,分子生物学A348485植科等MolecularBiologyA,5,必修,,,,,,待查教学大纲（专业课）
植物科学技术学院,应用生物科学,第8学期,3023009115,348485动科AnimalBreeding,5,必修,,,,,,待查教学大纲（专业课）
植物科学技术学院,应用生物科学,第8学期,3083009207,232325水产FishBreeding,5,必修,,,,,,待查教学大纲（专业课）
植物科学技术学院,应用生物科学,第8学期,3013009204,作物育种学B232325植科CropBreedingScienceB,5,必修,,,,,,待查教学大纲（专业课）
植物科学技术学院,应用生物科学,第8学期,301300007117,232325植科等PlantPathology,5,必修,,,,,,待查教学大纲（专业课）
植物科学技术学院,应用生物科学,第8学期,302300007053,348486动医VeterinaryPathology,6,必修,,,,,,待查教学大纲（专业课）
植物科学技术学院,应用生物科学,第8学期,302300007033,232326动医IntroductiontoVeterinaryMedicine,6,必修,,,,,,待查教学大纲（专业课）
植物科学技术学院,应用生物科学,第8学期,3083009107,232325水产AquaticEcology,5,必修,,,,,,待查教学大纲（专业课）
植物科学技术学院,应用生物科学,第8学期,3013009300,232325植科AgriculturalEcology,5,必修,,,,,,待查教学大纲（专业课）
植物科学技术学院,应用生物科学,第8学期,3033009118,232325资环EnvironmentalEcology,5,必修,,,,,,待查教学大纲（专业课）
植物科学技术学院,应用生物科学,第8学期,301300007124,232325植科Biostatistics,5,必修,,,,,,待查教学大纲（专业课）
植物科学技术学院,应用生物科学,第8学期,302300007071,232325BiostatisticsandExperimentalDesign动科,5,必修,,,,,,待查教学大纲（专业课）
植物科学技术学院,应用生物科学,第8学期,3013009205,232324植科等Bioinformatics,4,必修,,,,,,待查教学大纲（专业课）
植物科学技术学院,应用生物科学,第8学期,301300007133,植物生物技术A348485植科PlantBiotechnologyA,5,必修,,,,,,待查教学大纲（专业课）
植物科学技术学院,应用生物科学,第8学期,3013009399,2322845植科PlantBigData,5,必修,,,,,,待查教学大纲（专业课）
植物科学技术学院,应用生物科学,第8学期,301300007119,PlantNanobiotechnologyand23924155植科,5,必修,,,,,,待查教学大纲（专业课）
植物科学技术学院,应用生物科学,第8学期,3013009376,2322485植科PreciseCropPhenomics,5,必修,,,,,,待查教学大纲（专业课）
植物科学技术学院,应用生物科学,第8学期,301300007105,232326植科等SmartBreeding,6,必修,,,,,,待查教学大纲（专业课）
植物科学技术学院,应用生物科学,第8学期,3013009395,PrinciplesandMethodsof232326植科,6,必修,,,,,,待查教学大纲（专业课）
植物科学技术学院,应用生物科学,第8学期,3033009258,232326资环PrecisionAgriculture,6,必修,,,,,,待查教学大纲（专业课）
植物科学技术学院,应用生物科学,第8学期,301210003004,作物生产理论与实践*348487植科TheoryandPracticeonCropProduction,7,必修,,,,,,待查教学大纲（专业课）
植物科学技术学院,应用生物科学,第8学期,3013009391,智慧农业研究进展*232327植科AdvancesinIntelligentAgriculture,7,必修,,,,,,待查教学大纲（专业课）
植物科学技术学院,应用生物科学,第8学期,301110003005,3484813植科AdvancedCropBreeding,13,必修,,,,,,待查教学大纲（专业课）
植物科学技术学院,应用生物科学,第8学期,301300007116,23924155植科Entomology,5,必修,,,,,,待查教学大纲（专业课）
植物科学技术学院,应用生物科学,第8学期,3013009376,2322485植科PreciseCropPhenomics,5,必修,,,,,,待查教学大纲（专业课）
植物科学技术学院,应用生物科学,第8学期,301300007119,PlantNanobiotechnologyand23924156植科,6,必修,,,,,,待查教学大纲（专业课）
植物科学技术学院,应用生物科学,第8学期,307300007052,232326工学PlantProtectionMachinery,6,必修,,,,,,待查教学大纲（专业课）
植物科学技术学院,应用生物科学,第8学期,301300007114,232326植科IntelligentPlantProtection,6,必修,,,,,,待查教学大纲（专业课）
植物科学技术学院,应用生物科学,第8学期,301300007115,34832166植科PesticideScience,6,必修,,,,,,待查教学大纲（专业课）
植物科学技术学院,应用生物科学,第8学期,3033009258,232326资环PrecisionAgriculture,6,必修,,,,,,待查教学大纲（专业课）
植物科学技术学院,应用生物科学,第8学期,301300007118,464646植科SmartCropProduction,6,必修,,,,,,待查教学大纲（专业课）
植物科学技术学院,应用生物科学,第8学期,301210003002,植物保护基础技能训练*116167植科BasicSkillTrainingofPlantProtection,7,必修,,,,,,待查教学大纲（专业课）
植物科学技术学院,应用生物科学,第8学期,301210003003,Principleandcutting-edgeof1.524247植科,7,必修,,,,,,待查教学大纲（专业课）
植物科学技术学院,应用生物科学,第8学期,301110003001,植物保护前沿与进展▲1.5242413植科,13,必修,,,,,,待查教学大纲（专业课）
植物科学技术学院,应用生物科学,第8学期,305300007064,232325园林HorticulturalPlantCultivation,5,必修,,,,,,待查教学大纲（专业课）
植物科学技术学院,应用生物科学,第8学期,305300007056,Storage-TransportationandMarketing232324园林,4,必修,,,,,,待查教学大纲（专业课）
植物科学技术学院,应用生物科学,第8学期,307300007038,2322486工学HorticulturalMachinery,6,必修,,,,,,待查教学大纲（专业课）
植物科学技术学院,应用生物科学,第8学期,305300007043,2322485园林ProtectedHorticulture,5,必修,,,,,,待查教学大纲（专业课）
植物科学技术学院,应用生物科学,第8学期,3053009126,232326园林DigitalFruitGardenDigitalOchard,6,必修,,,,,,待查教学大纲（专业课）
植物科学技术学院,应用生物科学,第8学期,3053009138,TheoryandTechniqueof23222106园林,6,必修,,,,,,待查教学大纲（专业课）
植物科学技术学院,应用生物科学,第8学期,3033009258,232326资环PrecisionAgriculture,6,必修,,,,,,待查教学大纲（专业课）
植物科学技术学院,应用生物科学,第8学期,305300007156,116166园林IntelligentHorticulture,6,必修,,,,,,待查教学大纲（专业课）
植物科学技术学院,应用生物科学,第8学期,305210003010,园艺学前沿（硕士）*232327园林FrontierinHorticulturalScience,7,必修,,,,,,待查教学大纲（专业课）
植物科学技术学院,应用生物科学,第8学期,305110003003,园艺学前沿（博士）▲3484814园林,14,必修,,,,,,待查教学大纲（专业课）
植物科学技术学院,应用生物科学,第8学期,308300007061,464646水产IntelligenceFisheries,6,必修,,,,,,待查教学大纲（专业课）
植物科学技术学院,应用生物科学,第8学期,3033009258,232326资环PrecisionAgriculture,6,必修,,,,,,待查教学大纲（专业课）
植物科学技术学院,应用生物科学,第8学期,308210006001,高级水生生物学*232328水产AdvancedHydrobiology,8,必修,,,,,,待查教学大纲（专业课）
植物科学技术学院,应用生物科学,第8学期,308210003001,ResearchMethodsofAquaticAnimal232327水产,7,必修,,,,,,待查教学大纲（专业课）
植物科学技术学院,应用生物科学,第8学期,308210003002,水产科学研究进展*232327水产,7,必修,,,,,,待查教学大纲（专业课）
植物科学技术学院,应用生物科学,第8学期,308110003001,水产科学专题讨论▲2323213水产,13,必修,,,,,,待查教学大纲（专业课）
植物科学技术学院,应用生物科学,第8学期,308110003002,水产前沿▲2323213水产,13,必修,,,,,,待查教学大纲（专业课）
植物科学技术学院,应用生物科学,第8学期,302300007051,Comprehensivepreventionand动科232325controltechnologyofepidemic动医,5,必修,,,,,,待查教学大纲（专业课）
植物科学技术学院,应用生物科学,第8学期,302300007050,464645动科Smartanimalproduction,5,必修,,,,,,待查教学大纲（专业课）
植物科学技术学院,应用生物科学,第8学期,3023009200,ProgrammingandDesignof232325动科,5,必修,,,,,,待查教学大纲（专业课）
植物科学技术学院,应用生物科学,第8学期,302300007043,232326Smartfarm动医,6,必修,,,,,,待查教学大纲（专业课）
植物科学技术学院,应用生物科学,第8学期,302300007038,PollutionControlTechnologyin116166动科,6,必修,,,,,,待查教学大纲（专业课）
植物科学技术学院,应用生物科学,第8学期,302300007009,AnimalHusbandryOperation232326动科,6,必修,,,,,,待查教学大纲（专业课）
植物科学技术学院,应用生物科学,第8学期,302300007040,SpecialTopiconAnimalNutrition116166动科,6,必修,,,,,,待查教学大纲（专业课）
植物科学技术学院,应用生物科学,第8学期,302300007039,IssuesinAnimalGenetics116167动科,7,必修,,,,,,待查教学大纲（专业课）
植物科学技术学院,应用生物科学,第8学期,3013009399,232325植科PlantBigData,5,必修,,,,,,待查教学大纲（专业课）
植物科学技术学院,应用生物科学,第8学期,3013009376,2322485植科PreciseCropPhenomics,5,必修,,,,,,待查教学大纲（专业课）
植物科学技术学院,应用生物科学,第8学期,301300007118,464646植科SmartCropProduction,6,必修,,,,,,待查教学大纲（专业课）
植物科学技术学院,应用生物科学,第8学期,3033009258,232326资环PrecisionAgriculture,6,必修,,,,,,待查教学大纲（专业课）
植物科学技术学院,应用生物科学,第8学期,301300007114,23222106植科IntelligentPlantProtection,6,必修,,,,,,待查教学大纲（专业课）
植物科学技术学院,应用生物科学,第8学期,301300007119,PlantNanobiotechnologyand2322485植科,5,必修,,,,,,待查教学大纲（专业课）
植物科学技术学院,应用生物科学,第8学期,301210003004,TheoryandPracticeon348487植科,7,必修,,,,,,待查教学大纲（专业课）
植物科学技术学院,应用生物科学,第8学期,3013009391,智慧农业研究进展*232327植科AdvancesinIntelligentAgriculture,7,必修,,,,,,待查教学大纲（专业课）
植物科学技术学院,应用生物科学,8,,体育类课程≥4,,必修类别,大学体育（教材）,本校编,最新版,校本教材,,公共课已匹配
植物科学技术学院,应用生物科学,第8学期,9093009905,221Militaryskills生院,1,必修,,,,,,待查教学大纲（专业课）
植物科学技术学院,应用生物科学,第8学期,9093009906,Innovationand11-7生院,7,必修,,,,,,待查教学大纲（专业课）
植物科学技术学院,应用生物科学,第8学期,202300008001,ThePracticeofMentalHealth1302生院,2,必修,,,,,,待查教学大纲（专业课）
植物科学技术学院,应用生物科学,第8学期,3143009105,1303-8马院SituationandPolicyEducation(2),2,必修,,,,,,待查教学大纲（专业课）
植物科学技术学院,应用生物科学,第8学期,9093009903,124团委SocialPractice,4,必修,,,,,,待查教学大纲（专业课）
植物科学技术学院,应用生物科学,第8学期,110300008001,1301-7团委VolunteerService公共,7,必修,,,,,,待查教学大纲（专业课）
植物科学技术学院,应用生物科学,第8学期,110300008002,11-7团委AestheticPractice,7,必修,,,,,,待查教学大纲（专业课）
植物科学技术学院,应用生物科学,第8学期,3013009917,ComprehensivePracticeof486植科IntelligentAgricultural,6,必修,,,,,,待查教学大纲（专业课）
植物科学技术学院,应用生物科学,第8学期,301300008020,366-7院与企年暑期ComprehensivePractice业等进行,7,必修,,,,,,待查教学大纲（专业课）
植物科学技术学院,应用生物科学,第8学期,301300008015,41203-4院与企PracticeofSmartCropproduction业等,4,必修,,,,,,待查教学大纲（专业课）
植物科学技术学院,应用生物科学,第8学期,3013009911,毕业论文（设计）6127-8院与企,8,必修,,,,,,待查教学大纲（专业课）
植物科学技术学院,智慧农业,第1学期,3113009003,中国近现代史纲要,3,必修,中国近现代史纲要（2023年版）,本书编写组,2023年版,高等教育出版社,,公共课已匹配
植物科学技术学院,智慧农业,第1学期,3143009104,形势与政策（一）,1,必修,形势与政策（最新版）,教育部组编,每年更新,高等教育出版社,,公共课已匹配
植物科学技术学院,智慧农业,第1学期,310300001034,大学数学（1）,5,必修,,,,,,待查教学大纲（专业课）
植物科学技术学院,智慧农业,第1学期,310300001015,大学化学,4,必修,,,,,,待查教学大纲（专业课）
植物科学技术学院,智慧农业,第1学期,310300001016,大学化学实验,2,必修,,,,,,待查教学大纲（专业课）
植物科学技术学院,智慧农业,第1学期,9093009905,军事技能,2,必修,军事训练教程,教育部军委国防动员部,2023版,高等教育出版社,,公共课已匹配
植物科学技术学院,智慧农业,第1学期,3113009824,写作与沟通,1,必修,写作与沟通,马工程/本校编,最新版,高等教育出版社,,公共课已匹配
植物科学技术学院,智慧农业,第1学期,3013009382,智慧农业专业导论,1,必修,,,,,,待查教学大纲（专业课）
植物科学技术学院,智慧农业,1,,外语类课程,,必修类别,新视野大学英语（第三版·读写教程）,郑树棠,第3版,外语教学与研究出版社,,公共课已匹配
植物科学技术学院,智慧农业,1,,体育类课程,,必修类别,大学体育（教材）,本校编,最新版,校本教材,,公共课已匹配
植物科学技术学院,智慧农业,第2学期,314300001006,思想道德与法治,3,必修,思想道德与法治（2023年版）,本书编写组,2023年版,高等教育出版社,,公共课已匹配
植物科学技术学院,智慧农业,第2学期,310300001035,大学数学（2）,5,必修,,,,,,待查教学大纲（专业课）
植物科学技术学院,智慧农业,第2学期,310300001029,大学物理C,2,必修,物理学（第七版）,马文蔚,第7版,高等教育出版社,9787571720,公共课已匹配
植物科学技术学院,智慧农业,第2学期,310300001031,大学物理实验,1,必修,物理学（第七版）,马文蔚,第7版,高等教育出版社,9787571720,公共课已匹配
植物科学技术学院,智慧农业,第2学期,202300008001,大学生心理素质拓展,1,必修,大学生心理健康教育,郑日昌,最新版,高等教育出版社,,公共课已匹配
植物科学技术学院,智慧农业,第2学期,202300006005,大学生心理发展与指导,1,必修,大学生心理健康教育,郑日昌,最新版,高等教育出版社,,公共课已匹配
植物科学技术学院,智慧农业,第2学期,3143009104,形势与政策（一）,1,必修,形势与政策（最新版）,教育部组编,每年更新,高等教育出版社,,公共课已匹配
植物科学技术学院,智慧农业,2,,通识课程,,选修类别,,,,,,待查教学大纲（专业课）
植物科学技术学院,智慧农业,2,,外语类课程,,必修类别,新视野大学英语（第三版·读写教程）,郑树棠,第3版,外语教学与研究出版社,,公共课已匹配
植物科学技术学院,智慧农业,2,,体育类课程,,必修类别,大学体育（教材）,本校编,最新版,校本教材,,公共课已匹配
植物科学技术学院,智慧农业,第3学期,314300001008,3社会主义理论体系概论,3,必修,,,,,,待查教学大纲（专业课）
植物科学技术学院,智慧农业,第3学期,314300001009,3社会主义思想概论,3,必修,,,,,,待查教学大纲（专业课）
植物科学技术学院,智慧农业,第3学期,301300007104,现代遗传学,4,必修,,,,,,待查教学大纲（专业课）
植物科学技术学院,智慧农业,第3学期,301300007145,生物化学C,3,必修,,,,,,待查教学大纲（专业课）
植物科学技术学院,智慧农业,第3学期,301300009009,植物生物化学实验,1,必修,,,,,,待查教学大纲（专业课）
植物科学技术学院,智慧农业,第3学期,301300008015,智慧作物生产实践,2,必修,,,,,,待查教学大纲（专业课）
植物科学技术学院,智慧农业,3,,外语类课程,,必修类别,新视野大学英语（第三版·读写教程）,郑树棠,第3版,外语教学与研究出版社,,公共课已匹配
植物科学技术学院,智慧农业,3,,通识课程,,选修类别,,,,,,待查教学大纲（专业课）
植物科学技术学院,智慧农业,3,,体育类课程,,必修类别,大学体育（教材）,本校编,最新版,校本教材,,公共课已匹配
植物科学技术学院,智慧农业,第4学期,314300001007,马克思主义基本原理,3,必修,马克思主义基本原理（2023年版）,本书编写组,2023年版,高等教育出版社,,公共课已匹配
植物科学技术学院,智慧农业,第4学期,3173009065,离散数学,3,必修,,,,,,待查教学大纲（专业课）
植物科学技术学院,智慧农业,第4学期,317300001007,数据分析A,3,必修,,,,,,待查教学大纲（专业课）
植物科学技术学院,智慧农业,第4学期,307300007051,智能农业装备,2,必修,,,,,,待查教学大纲（专业课）
植物科学技术学院,智慧农业,第4学期,301300008015,智慧作物生产实践,2,必修,,,,,,待查教学大纲（专业课）
植物科学技术学院,智慧农业,第4学期,9093009903,社会实践,1,必修,,,,,,待查教学大纲（专业课）
植物科学技术学院,智慧农业,4,,通识课程,,选修类别,,,,,,待查教学大纲（专业课）
植物科学技术学院,智慧农业,4,,外语类课程,,必修类别,新视野大学英语（第三版·读写教程）,郑树棠,第3版,外语教学与研究出版社,,公共课已匹配
植物科学技术学院,智慧农业,4,,体育类课程,,必修类别,大学体育（教材）,本校编,最新版,校本教材,,公共课已匹配
植物科学技术学院,智慧农业,第5学期,317300007094,数学建模及其实验,2.5,必修,,,,,,待查教学大纲（专业课）
植物科学技术学院,智慧农业,第5学期,3173009067,人工智能,2,必修,,,,,,待查教学大纲（专业课）
植物科学技术学院,智慧农业,5,,通识课程,,选修类别,,,,,,待查教学大纲（专业课）
植物科学技术学院,智慧农业,第6学期,301300008020,智慧农业综合实习,3,必修,,,,,,待查教学大纲（专业课）
植物科学技术学院,智慧农业,第6学期,3013009917,智能农业数据分析综合实践,4,必修,,,,,,待查教学大纲（专业课）
植物科学技术学院,智慧农业,6,,通识课程,,选修类别,,,,,,待查教学大纲（专业课）
植物科学技术学院,智慧农业,第8学期,3013009911,毕业论文,6,必修,,,,,,待查教学大纲（专业课）
动物科学技术学院、动物医学院,动物科学,第1学期,3143009003,中国近现代史纲要,3,必修,中国近现代史纲要（2023年版）,本书编写组,2023年版,高等教育出版社,,公共课已匹配
动物科学技术学院、动物医学院,动物科学,第1学期,9093009905,军事技能,2,必修,军事训练教程,教育部军委国防动员部,2023版,高等教育出版社,,公共课已匹配
动物科学技术学院、动物医学院,动物科学,第1学期,317400001001,微积分C,5,必修,高等数学（第七版·上/下册）,同济大学数学系,第7版,高等教育出版社,,公共课已匹配
动物科学技术学院、动物医学院,动物科学,第1学期,310300001002,有机化学B,3,必修,有机化学（农科类 第三版）,汪小兰,第3版,高等教育出版社,,公共课已匹配
动物科学技术学院、动物医学院,动物科学,第1学期,310300001005,有机化学实验B,1,必修,有机化学（农科类 第三版）,汪小兰,第3版,高等教育出版社,,公共课已匹配
动物科学技术学院、动物医学院,动物科学,第1学期,307300007045,工程基础,1,必修,,,,,,待查教学大纲（专业课）
动物科学技术学院、动物医学院,动物科学,第1学期,9093009904,军事理论,2,必修,军事理论课教程,教育部军委国防动员部,2023版,高等教育出版社,,公共课已匹配
动物科学技术学院、动物医学院,动物科学,第1学期,3143009104,形势与政策（一）,1,必修,形势与政策（最新版）,教育部组编,每年更新,高等教育出版社,,公共课已匹配
动物科学技术学院、动物医学院,动物科学,第1学期,3113009824,写作与沟通,1,必修,写作与沟通,马工程/本校编,最新版,高等教育出版社,,公共课已匹配
动物科学技术学院、动物医学院,动物科学,第1学期,9093009774,大学生创新创业基础,1,必修,大学生创新创业基础,本校编,最新版,高等教育出版社,,公共课已匹配
动物科学技术学院、动物医学院,动物科学,1,,外语类课程,,必修类别,新视野大学英语（第三版·读写教程）,郑树棠,第3版,外语教学与研究出版社,,公共课已匹配
动物科学技术学院、动物医学院,动物科学,1,,体育类课程,,必修类别,大学体育（教材）,本校编,最新版,校本教材,,公共课已匹配
动物科学技术学院、动物医学院,动物科学,第2学期,314300001006,思想道德与法治,3,必修,思想道德与法治（2023年版）,本书编写组,2023年版,高等教育出版社,,公共课已匹配
动物科学技术学院、动物医学院,动物科学,第2学期,317300001013,概率论与数理统计B,3,必修,概率论与数理统计（第五版）,盛骤 谢式千,第5版,高等教育出版社,9787040384876,公共课已匹配
动物科学技术学院、动物医学院,动物科学,第2学期,317300001016,线性代数B,2,必修,线性代数（第六版）,同济大学数学系,第6版,高等教育出版社,9787040396632,公共课已匹配
动物科学技术学院、动物医学院,动物科学,第2学期,310300001008,无机及分析化学B,4,必修,无机及分析化学（第五版）,南京大学《无机及分析化学》编写组,第5版,高等教育出版社,,公共课已匹配
动物科学技术学院、动物医学院,动物科学,第2学期,3103000010011,无机及分析化学实验B,2,必修,无机及分析化学（第五版）,南京大学《无机及分析化学》编写组,第5版,高等教育出版社,,公共课已匹配
动物科学技术学院、动物医学院,动物科学,第2学期,302300007052,动物解剖学,3,必修,动物解剖学（第4版）,彭克美,第4版,高等教育出版社,9787040613728,动科动医学院-已配统编教材
动物科学技术学院、动物医学院,动物科学,第2学期,3023009237,动物解剖学综合实验,1,必修,,,,,,待查教学大纲（专业课）
动物科学技术学院、动物医学院,动物科学,第2学期,317300001008,人工智能应用基础,2,必修,人工智能基础（通识）,大学计算机课程教指委,最新版,高等教育出版社,,公共课已匹配
动物科学技术学院、动物医学院,动物科学,第2学期,317300001009,人工智能应用基础实验,1,必修,人工智能基础（通识）,大学计算机课程教指委,最新版,高等教育出版社,,公共课已匹配
动物科学技术学院、动物医学院,动物科学,第2学期,9093009773,大学生心理发展与指导,1,必修,大学生心理健康教育,郑日昌,最新版,高等教育出版社,,公共课已匹配
动物科学技术学院、动物医学院,动物科学,2,,外语类课程,,必修类别,新视野大学英语（第三版·读写教程）,郑树棠,第3版,外语教学与研究出版社,,公共课已匹配
动物科学技术学院、动物医学院,动物科学,2,,体育类课程,,必修类别,大学体育（教材）,本校编,最新版,校本教材,,公共课已匹配
动物科学技术学院、动物医学院,动物科学,第3学期,310300001029,大学物理C,2,必修,物理学（第七版）,马文蔚,第7版,高等教育出版社,,公共课已匹配
动物科学技术学院、动物医学院,动物科学,第3学期,314300001008,毛泽东思想和中国特色3社会主义理论体系概论,3,必修,毛泽东思想和中国特色社会主义理论体系概论（2023年版）,本书编写组,2023年版,高等教育出版社,,公共课已匹配
动物科学技术学院、动物医学院,动物科学,第3学期,314300001009,习近平新时代中国特色3社会主义思想概论,3,必修,习近平新时代中国特色社会主义思想概论（2023年版）,本书编写组,2023年版,高等教育出版社,,公共课已匹配
动物科学技术学院、动物医学院,动物科学,第3学期,302300007053,动物组织胚胎学,2,必修,动物组织学及胚胎学（第4版）,彭克美,第4版,高等教育出版社,,动科动医学院-已配统编教材
动物科学技术学院、动物医学院,动物科学,第3学期,3023009351,动物组织胚胎学实验,1,必修,,,,,,待查教学大纲（专业课）
动物科学技术学院、动物医学院,动物科学,第3学期,302300007035,动物生物化学,3,必修,动物生物化学（第6版）,李庆章,第6版,中国农业出版社,,动科动医学院-已配统编教材
动物科学技术学院、动物医学院,动物科学,第3学期,3023009353,动物生物化学实验,1,必修,,,,,,待查教学大纲（专业课）
动物科学技术学院、动物医学院,动物科学,3,,外语类课程,,必修类别,新视野大学英语（第三版·读写教程）,郑树棠,第3版,外语教学与研究出版社,,公共课已匹配
动物科学技术学院、动物医学院,动物科学,3,,体育类课程,,必修类别,大学体育（教材）,本校编,最新版,校本教材,,公共课已匹配
动物科学技术学院、动物医学院,动物科学,3,,通识课程,,选修类别,,,,,,待查教学大纲（专业课）
动物科学技术学院、动物医学院,动物科学,第4学期,314300001007,马克思主义基本原理概论,3,必修,马克思主义基本原理（2023年版）,本书编写组,2023年版,高等教育出版社,,公共课已匹配
动物科学技术学院、动物医学院,动物科学,第4学期,302300007054,动物生理学,3,必修,动物生理学（第4版）,杨秀平,第4版,高等教育出版社,,动科动医学院-已配统编教材
动物科学技术学院、动物医学院,动物科学,第4学期,3023009103,动物生理学实验,1,必修,,,,,,待查教学大纲（专业课）
动物科学技术学院、动物医学院,动物科学,第4学期,302300007055,普通遗传学,3,必修,动物遗传学（第4版）,李宁,第4版,中国农业出版社,,动科动医学院-已配统编教材
动物科学技术学院、动物医学院,动物科学,第4学期,302300009023,普通遗传学实验,1,必修,,,,,,待查教学大纲（专业课）
动物科学技术学院、动物医学院,动物科学,第4学期,9093009903,社会实践,1,必修,,,,,,待查教学大纲（专业课）
动物科学技术学院、动物医学院,动物科学,4,,外语类课程,,必修类别,新视野大学英语（第三版·读写教程）,郑树棠,第3版,外语教学与研究出版社,,公共课已匹配
动物科学技术学院、动物医学院,动物科学,4,,体育类课程,,必修类别,大学体育（教材）,本校编,最新版,校本教材,,公共课已匹配
动物科学技术学院、动物医学院,动物科学,4,,通识课程,,选修类别,,,,,,待查教学大纲（专业课）
动物科学技术学院、动物医学院,动物科学,第5学期,302300007056,家畜育种学,3,必修,家畜育种学（第3版）,张沅,第3版,中国农业出版社,,动科动医学院-已配统编教材
动物科学技术学院、动物医学院,动物科学,第5学期,302300009024,家畜育种学实验,1,必修,,,,,,待查教学大纲（专业课）
动物科学技术学院、动物医学院,动物科学,第5学期,302300007071,生物统计及试验设计,2,必修,生物统计附试验设计（第5版）,明道绪,第5版,中国农业出版社,,动科动医学院-已配统编教材
动物科学技术学院、动物医学院,动物科学,第5学期,302300007057,动物繁殖学,3,必修,动物繁殖学（第5版）,张忠诚,第5版,中国农业出版社,,动科动医学院-已配统编教材
动物科学技术学院、动物医学院,动物科学,第5学期,3023009265,动物繁殖学综合实验,1,必修,,,,,,待查教学大纲（专业课）
动物科学技术学院、动物医学院,动物科学,第5学期,302300007069,动物营养与饲料学,5,必修,动物营养学（第4版）,周安国,第4版,中国农业出版社,,动科动医学院-已配统编教材
动物科学技术学院、动物医学院,动物科学,第5学期,3023009151,饲料分析与动物营养研究技术,2,必修,饲料分析及饲料质量检测技术（第4版）,张丽英,第4版,中国农业大学出版社,,动科动医学院-已配统编教材
动物科学技术学院、动物医学院,动物科学,第5学期,302300007068,智能畜禽表型大数据分析,1,必修,,,,,,待查教学大纲（专业课）
动物科学技术学院、动物医学院,动物科学,5,,通识课程,,选修类别,,,,,,待查教学大纲（专业课）
动物科学技术学院、动物医学院,动物科学,第6学期,302300008007,生产实习与劳动,10,必修,,,,,,待查教学大纲（专业课）
动物科学技术学院、动物医学院,动物科学,第6学期,302300007070,智慧动物生产学,5,必修,,,,,,待查教学大纲（专业课）
动物科学技术学院、动物医学院,动物科学,第6学期,302300009038,动物生产综合实验,2,必修,,,,,,待查教学大纲（专业课）
动物科学技术学院、动物医学院,动物科学,第7学期,3143009105,形势与政策（二）,1,必修,形势与政策（最新版）,教育部组编,每年更新,高等教育出版社,,公共课已匹配
动物科学技术学院、动物医学院,动物科学,第8学期,302300008001,毕业论文（设计）,6,必修,,,,,,待查教学大纲（专业课）
动物科学技术学院、动物医学院,动物科学,第8学期,314300001006,思想道德与法治3484262马院IdeologyMoralityandRuleofLaw,2,必修,思想道德与法治（2023年版）,本书编写组,2023年版,高等教育出版社,,公共课已匹配
动物科学技术学院、动物医学院,动物科学,第8学期,3143009003,中国近现代史纲要3484261马院OutlineofModernChineseHistory,1,必修,中国近现代史纲要（2023年版）,本书编写组,2023年版,高等教育出版社,,公共课已匹配
动物科学技术学院、动物医学院,动物科学,第8学期,314300001007,马克思主义基本原理3484264马院BasicKnowledgeofMarxism,4,必修,马克思主义基本原理（2023年版）,本书编写组,2023年版,高等教育出版社,,公共课已匹配
动物科学技术学院、动物医学院,动物科学,第8学期,314300001008,BasicTheoryofMaoZedong348408马院,8,必修,,,,,,待查教学大纲（专业课）
动物科学技术学院、动物医学院,动物科学,第8学期,314300001009,BasicTheoryofXiJinpingThought348408马院,8,必修,,,,,,待查教学大纲（专业课）
动物科学技术学院、动物医学院,动物科学,第8学期,3143009104,形势与政策（一）116161-2马院SituationandPolicyEducation(Ⅰ),2,必修,形势与政策（最新版）,教育部组编,每年更新,高等教育出版社,,公共课已匹配
动物科学技术学院、动物医学院,动物科学,8,,体育类课程必修，实行选项制，一、二年级要求每学期修满1,,必修类别,大学体育（教材）,本校编,最新版,校本教材,,公共课已匹配
动物科学技术学院、动物医学院,动物科学,8,,体育类课程教学详见《华中农业大学体育教学改革实施方案》。,,必修类别,大学体育（教材）,本校编,最新版,校本教材,,公共课已匹配
动物科学技术学院、动物医学院,动物科学,第8学期,307300007045,工程基础116161工学FoundationforEngineering,1,必修,,,,,,待查教学大纲（专业课）
动物科学技术学院、动物医学院,动物科学,第8学期,9093009904,军事理论本科232321MilitaryTheory生院,1,必修,军事理论课教程,教育部军委国防动员部,2023版,高等教育出版社,,公共课已匹配
动物科学技术学院、动物医学院,动物科学,第8学期,3113009824,写作与沟通116161/2文法WritingandCommunication,2,必修,写作与沟通,马工程/本校编,最新版,高等教育出版社,,公共课已匹配
动物科学技术学院、动物医学院,动物科学,第8学期,202300006005,本科PsychologicalDevelopmentand116162生院GuidanceofCollegeStudents,2,必修,,,,,,待查教学大纲（专业课）
动物科学技术学院、动物医学院,动物科学,第8学期,9093009774,本科InnovationandEntrepreneurship116161生院FoundationsforUndergraduates,1,必修,,,,,,待查教学大纲（专业课）
动物科学技术学院、动物医学院,动物科学,第8学期,317400001001,微积分C580801信息CalculusC,1,必修,高等数学（第七版·上/下册）,同济大学数学系,第7版,高等教育出版社,,公共课已匹配
动物科学技术学院、动物医学院,动物科学,第8学期,310300001002,有机化学B348481化学OrganicChemistryB,1,必修,有机化学（农科类 第三版）,汪小兰,第3版,高等教育出版社,,公共课已匹配
动物科学技术学院、动物医学院,动物科学,第8学期,310300001005,有机化学实验B130301化学ExperimentofOrganicChemistryB,1,必修,有机化学（农科类 第三版）,汪小兰,第3版,高等教育出版社,,公共课已匹配
动物科学技术学院、动物医学院,动物科学,第8学期,317300001016,线性代数B232322信息LinearAlgebraB,2,必修,线性代数（第六版）,同济大学数学系,第6版,高等教育出版社,9787040396632,公共课已匹配
动物科学技术学院、动物医学院,动物科学,第8学期,317300001013,概率论与数理统计B348482信息ProbabilityandStatisticsB,2,必修,概率论与数理统计（第五版）,盛骤 谢式千,第5版,高等教育出版社,9787040384876,公共课已匹配
动物科学技术学院、动物医学院,动物科学,第8学期,310300001008,无机及分析化学B464642化学InorganicandAnalyticalChemistryB,2,必修,无机及分析化学（第五版）,南京大学《无机及分析化学》编写组,第5版,高等教育出版社,,公共课已匹配
动物科学技术学院、动物医学院,动物科学,第8学期,310300001011,ExperimentofInorganicand260602化学,2,必修,,,,,,待查教学大纲（专业课）
动物科学技术学院、动物医学院,动物科学,第8学期,310300001029,大学物理C232323工学CollegePhysicsC,3,必修,物理学（第七版）,马文蔚,第7版,高等教育出版社,,公共课已匹配
动物科学技术学院、动物医学院,动物科学,第8学期,302300007035,动物生物化学动科348483AnimalBiochemistry动医,3,必修,,,,,,待查教学大纲（专业课）
动物科学技术学院、动物医学院,动物科学,第8学期,3023009353,动物生物化学实验动科130303ExperimentsofAnimalBiochemistry动医,3,必修,,,,,,待查教学大纲（专业课）
动物科学技术学院、动物医学院,动物科学,第8学期,3023009211,动科VeterinaryStatisticsand232324动医ExperimentalDesign,4,必修,,,,,,待查教学大纲（专业课）
动物科学技术学院、动物医学院,动物科学,第8学期,317300001008,FundamentalsofArtificial232322信息,2,必修,,,,,,待查教学大纲（专业课）
动物科学技术学院、动物医学院,动物科学,第8学期,317300001009,ExperimentsontheFundamentalsof130302信息,2,必修,,,,,,待查教学大纲（专业课）
动物科学技术学院、动物医学院,动物科学,第8学期,302300007055,智慧兽医动科116165SmartVeterinaryMedicine动医,5,必修,,,,,,待查教学大纲（专业课）
动物科学技术学院、动物医学院,动物科学,第8学期,302300007047,动物解剖学动科348482AnimalAnatomy动医,2,必修,,,,,,待查教学大纲（专业课）
动物科学技术学院、动物医学院,动物科学,第8学期,3023009237,动科AnimalAnatomy130302动医IntegratedExperiment,2,必修,,,,,,待查教学大纲（专业课）
动物科学技术学院、动物医学院,动物科学,第8学期,3023009350,动物组织胚胎学动科232323AnimalHistologyandEmbryology动医,3,必修,,,,,,待查教学大纲（专业课）
动物科学技术学院、动物医学院,动物科学,第8学期,3023009351,动科ExperimentofAnimalHistology130303动医andEmbryology,3,必修,,,,,,待查教学大纲（专业课）
动物科学技术学院、动物医学院,动物科学,第8学期,3023009101,动物生理学A动科348484AnimalPhysiologyA动医,4,必修,,,,,,待查教学大纲（专业课）
动物科学技术学院、动物医学院,动物科学,第8学期,3023009103,动物生理学实验动科130304ExperimentonAnimalPhysiology动医,4,必修,,,,,,待查教学大纲（专业课）
动物科学技术学院、动物医学院,动物科学,第8学期,3023009256,兽医免疫学动科232324VeterinaryImmunology动医,4,必修,,,,,,待查教学大纲（专业课）
动物科学技术学院、动物医学院,动物科学,第8学期,3023009257,动科IntegratedExperimentsof130304动医VeterinaryImmunology,4,必修,,,,,,待查教学大纲（专业课）
动物科学技术学院、动物医学院,动物科学,第8学期,302300007003,兽医药理学A动科348485VeterinaryPharmacologyA动医,5,必修,,,,,,待查教学大纲（专业课）
动物科学技术学院、动物医学院,动物科学,第8学期,302300009001,动科IntegratedExperimentsof130305动医VeterinaryPharmacology,5,必修,,,,,,待查教学大纲（专业课）
动物科学技术学院、动物医学院,动物科学,第8学期,302300007052,兽医微生物学动科464645VeterinaryMicrobiology动医,5,必修,,,,,,待查教学大纲（专业课）
动物科学技术学院、动物医学院,动物科学,第8学期,302300009030,动科Experimentsof130305动医VeterinaryMicrobiology,5,必修,,,,,,待查教学大纲（专业课）
动物科学技术学院、动物医学院,动物科学,第8学期,302300007053,兽医病理学动科348486VeterinaryPathology动医,6,必修,,,,,,待查教学大纲（专业课）
动物科学技术学院、动物医学院,动物科学,第8学期,302300009031,动科IntegratedExperimentsof260606动医VeterinaryPathology,6,必修,,,,,,待查教学大纲（专业课）
动物科学技术学院、动物医学院,动物科学,第8学期,302300007056,兽医公共卫生学动科35540154IntroductiontoVeterinaryPublicHealth动医,4,必修,,,,,,待查教学大纲（专业课）
动物科学技术学院、动物医学院,动物科学,第8学期,302300007054,兽医临床诊断学动科232325VeterinaryClinicalDiagnosis动医,5,必修,,,,,,待查教学大纲（专业课）
动物科学技术学院、动物医学院,动物科学,第8学期,302300009004,动科IntegratedExperimentsof130305动医VeterinaryClinicalDiagnosis,5,必修,,,,,,待查教学大纲（专业课）
动物科学技术学院、动物医学院,动物科学,第8学期,3023009276,中兽医学动科348486TraditionalChineseVeterinaryMedicine动医,6,必修,,,,,,待查教学大纲（专业课）
动物科学技术学院、动物医学院,动物科学,第8学期,302300009008,动科IntegratedExperimentsofTraditional130306动医ChineseVeterinaryMedicine,6,必修,,,,,,待查教学大纲（专业课）
动物科学技术学院、动物医学院,动物科学,第8学期,3023009271,兽医外科学动科348487VeterinarySurgery动医,7,必修,,,,,,待查教学大纲（专业课）
动物科学技术学院、动物医学院,动物科学,第8学期,302300007057,兽医外科手术学动科24616306VeterinaryOperativeSurgery动医,6,必修,,,,,,待查教学大纲（专业课）
动物科学技术学院、动物医学院,动物科学,第8学期,302300007058,动物传染病学动科47156157AnimalInfectiousDiseases动医,7,必修,,,,,,待查教学大纲（专业课）
动物科学技术学院、动物医学院,动物科学,第8学期,302300007059,兽医寄生虫病学动科232327VeterinaryParasitology动医,7,必修,,,,,,待查教学大纲（专业课）
动物科学技术学院、动物医学院,动物科学,第8学期,302300009009,动物寄生虫病学实验动科130307ExperimentsofAnimalParasitology动医,7,必修,,,,,,待查教学大纲（专业课）
动物科学技术学院、动物医学院,动物科学,第8学期,302300007060,兽医内科学动科35540157VeterinaryInternalMedicine动医,7,必修,,,,,,待查教学大纲（专业课）
动物科学技术学院、动物医学院,动物科学,第8学期,302300007061,兽医产科学动科35540158VeterinaryObstetrics动医,8,必修,,,,,,待查教学大纲（专业课）
动物科学技术学院、动物医学院,动物科学,第8学期,3023009230,动物医学专业导论动科116161IntroductiontoVeterinaryMedicine动医,1,必修,,,,,,待查教学大纲（专业课）
动物科学技术学院、动物医学院,动物科学,第8学期,3023009251,动物局部解剖学动科130305AnimalTopology动医,5,必修,,,,,,待查教学大纲（专业课）
动物科学技术学院、动物医学院,动物科学,第8学期,302300007010,细胞生物学C动科232325CellBiologyC动医,5,必修,,,,,,待查教学大纲（专业课）
动物科学技术学院、动物医学院,动物科学,第8学期,3023009355,神经生物学动科232325Neurobiology动医,5,必修,,,,,,待查教学大纲（专业课）
动物科学技术学院、动物医学院,动物科学,第8学期,302300009019,动科BasicOperationTechniquesof130302动医AnimalExperiments,2,必修,,,,,,待查教学大纲（专业课）
动物科学技术学院、动物医学院,动物科学,第8学期,302300007011,动物毒理学动科232326AnimalToxicology动医,6,必修,,,,,,待查教学大纲（专业课）
动物科学技术学院、动物医学院,动物科学,第8学期,302300009014,动物毒理学实验动科130306ExperimentsofAnimalToxicology动医,6,必修,,,,,,待查教学大纲（专业课）
动物科学技术学院、动物医学院,动物科学,第8学期,3023009169,动物检疫学B动科232326AnimalQuarantineScienceB动医,6,必修,,,,,,待查教学大纲（专业课）
动物科学技术学院、动物医学院,动物科学,第8学期,3023009222,动物福利与保护动科232326AnimalWelfareandProtection动医,6,必修,,,,,,待查教学大纲（专业课）
动物科学技术学院、动物医学院,动物科学,第8学期,3023009294,兽医影像诊断学动科116166VeterinaryImagingDiagnostics动医,6,必修,,,,,,待查教学大纲（专业课）
动物科学技术学院、动物医学院,动物科学,第8学期,3023009298,动科VeterinaryClinicalBiochemistryand130306动医ImagingDiagnosticsTechnique,6,必修,,,,,,待查教学大纲（专业课）
动物科学技术学院、动物医学院,动物科学,第8学期,302300007008,实验动物学动科232326LaboratoryAnimalScience动医,6,必修,,,,,,待查教学大纲（专业课）
动物科学技术学院、动物医学院,动物科学,第8学期,302300009018,动科ExperimentsofLaboratory130306动医AnimalScience,6,必修,,,,,,待查教学大纲（专业课）
动物科学技术学院、动物医学院,动物科学,第8学期,3023009293,动科DiagnosticTechniqueof130307动医VeterinaryPathology,7,必修,,,,,,待查教学大纲（专业课）
动物科学技术学院、动物医学院,动物科学,第8学期,3023009201,动物性食品卫生学动科232327HygieneofFoodofAnimalOrigin动医,7,必修,,,,,,待查教学大纲（专业课）
动物科学技术学院、动物医学院,动物科学,第8学期,3023009205,兽医生物制品学动科232327VeterinaryBiologicalProducts动医,7,必修,,,,,,待查教学大纲（专业课）
动物科学技术学院、动物医学院,动物科学,第8学期,3023009313,新药设计与开发动科232327DrugDesignandDiscovery动医,7,必修,,,,,,待查教学大纲（专业课）
动物科学技术学院、动物医学院,动物科学,第8学期,3023009137,动物卫生法学动科232328LawinAnimalHealth动医,8,必修,,,,,,待查教学大纲（专业课）
动物科学技术学院、动物医学院,动物科学,第8学期,3023009217,动物流行病学动科232328AnimalEpidemiology动医,8,必修,,,,,,待查教学大纲（专业课）
动物科学技术学院、动物医学院,动物科学,第8学期,3023009369,人兽共患病动科232328Zoonosis动医,8,必修,,,,,,待查教学大纲（专业课）
动物科学技术学院、动物医学院,动物科学,第8学期,3023009368,动物微生态学动科232328AnimalMicroecology动医,8,必修,,,,,,待查教学大纲（专业课）
动物科学技术学院、动物医学院,动物科学,第8学期,3023009224,动科AnimalNutritionaland232328动医MetabolicDiseases,8,必修,,,,,,待查教学大纲（专业课）
动物科学技术学院、动物医学院,动物科学,第8学期,3023009299,动科DiagnosticTechniqueof116168动医ParasiticDiseases,8,必修,,,,,,待查教学大纲（专业课）
动物科学技术学院、动物医学院,动物科学,第8学期,302300009015,动科ExperimentsofDiagnosticTechnique130308动医ofParasiticDiseases,8,必修,,,,,,待查教学大纲（专业课）
动物科学技术学院、动物医学院,动物科学,第8学期,302300007062,创业规划动科232328CareerPlanning动医,8,必修,,,,,,待查教学大纲（专业课）
动物科学技术学院、动物医学院,动物科学,第8学期,302300007019,反刍动物疾病学动科232329RuminantDiseases动医,9,必修,,,,,,待查教学大纲（专业课）
动物科学技术学院、动物医学院,动物科学,第8学期,3023009312,食品安全评价动科232329EvaluationofFoodSafety动医,9,必修,,,,,,待查教学大纲（专业课）
动物科学技术学院、动物医学院,动物科学,第8学期,3023009376,生物安全学动科232329Biosafety动医,9,必修,,,,,,待查教学大纲（专业课）
动物科学技术学院、动物医学院,动物科学,第8学期,302300007002,动科ChineseVeterinaryAcupuncture232327动医andMoxibustion,7,必修,,,,,,待查教学大纲（专业课）
动物科学技术学院、动物医学院,动物科学,第8学期,302300009007,小动物解剖学动科130305SmallAnimalAnatomy动医,5,必修,,,,,,待查教学大纲（专业课）
动物科学技术学院、动物医学院,动物科学,第8学期,3023009219,小动物疾病动科232327SmallAnimalDiseases动医,7,必修,,,,,,待查教学大纲（专业课）
动物科学技术学院、动物医学院,动物科学,第8学期,3023009367,小动物药物学动科232328SmallAnimalFormulary动医,8,必修,,,,,,待查教学大纲（专业课）
动物科学技术学院、动物医学院,动物科学,第8学期,302300007031,小动物内科学动科1161249SmallAnimalInternalMedicine动医,9,必修,,,,,,待查教学大纲（专业课）
动物科学技术学院、动物医学院,动物科学,第8学期,302300007024,小动物骨科学动科116168SmallAnimalOrthopedics动医,8,必修,,,,,,待查教学大纲（专业课）
动物科学技术学院、动物医学院,动物科学,第8学期,302300007025,小动物产科学动科116169SmallAnimalObstetrics动医,9,必修,,,,,,待查教学大纲（专业课）
动物科学技术学院、动物医学院,动物科学,第8学期,302300007022,小动物眼科学动科1161247SmallAnimalOphthalmology动医,7,必修,,,,,,待查教学大纲（专业课）
动物科学技术学院、动物医学院,动物科学,第8学期,302300007020,小动物麻醉学动科1161247SmallAnimalAnesthesiology动医,7,必修,,,,,,待查教学大纲（专业课）
动物科学技术学院、动物医学院,动物科学,第8学期,302300007023,小动物皮肤病学动科116169SmallAnimalDermology动医,9,必修,,,,,,待查教学大纲（专业课）
动物科学技术学院、动物医学院,动物科学,第8学期,302300007021,小动物牙科学动科1161248SmallAnimalDentistry动医,8,必修,,,,,,待查教学大纲（专业课）
动物科学技术学院、动物医学院,动物科学,第8学期,302300007028,野生动物及异宠医学动科116168WildAnimalandExoticPetMedicine动医,8,必修,,,,,,待查教学大纲（专业课）
动物科学技术学院、动物医学院,动物科学,第8学期,302300007029,马病学动科116168HorseDiseases动医,8,必修,,,,,,待查教学大纲（专业课）
动物科学技术学院、动物医学院,动物科学,第8学期,302300007026,小动物临床营养学动科116167SmallAnimalClinicalNutriology动医,7,必修,,,,,,待查教学大纲（专业课）
动物科学技术学院、动物医学院,动物科学,第8学期,302300007027,动科SmallAnimalTherapeuticsof116169动医TraditionalChineseVeterinaryMedicine,9,必修,,,,,,待查教学大纲（专业课）
动物科学技术学院、动物医学院,动物科学,第8学期,302300007030,宠物行为学动科116167CompanionAnimalBehavior动医,7,必修,,,,,,待查教学大纲（专业课）
动物科学技术学院、动物医学院,动物科学,第8学期,302300007016,药物化学动科232325PharmaceuticalChemistry动医,5,必修,,,,,,待查教学大纲（专业课）
动物科学技术学院、动物医学院,动物科学,第8学期,3023009236,药剂学动科232326Pharmaceutics动医,6,必修,,,,,,待查教学大纲（专业课）
动物科学技术学院、动物医学院,动物科学,第8学期,302300007015,药物代谢动力学动科232326Pharmacokinetics动医,6,必修,,,,,,待查教学大纲（专业课）
动物科学技术学院、动物医学院,动物科学,第8学期,3023009206,兽医临床药理学动科232328VeterinaryClinicalPharmacology动医,8,必修,,,,,,待查教学大纲（专业课）
动物科学技术学院、动物医学院,动物科学,第8学期,3023009364,药物毒物分析动科232326PharmaceuticalandToxicantAnalysis动医,6,必修,,,,,,待查教学大纲（专业课）
动物科学技术学院、动物医学院,动物科学,第8学期,302300009017,动科ExperimentsofPharmaceutics，130306动医PharmaceuticalandToxicantAnalysis,6,必修,,,,,,待查教学大纲（专业课）
动物科学技术学院、动物医学院,动物科学,第8学期,302300007014,药物分子设计动科232327DrugMolecularDesign动医,7,必修,,,,,,待查教学大纲（专业课）
动物科学技术学院、动物医学院,动物科学,第8学期,302300007012,药物毒理学评价动科232329AssessmentofDrugToxicity动医,9,必修,,,,,,待查教学大纲（专业课）
动物科学技术学院、动物医学院,动物科学,第8学期,3023009367,小动物药物学动科232328SmallAnimalFormulary动医,8,必修,,,,,,待查教学大纲（专业课）
动物科学技术学院、动物医学院,动物科学,第8学期,3023009377,食品残留动科232326FoodResidues动医,6,必修,,,,,,待查教学大纲（专业课）
动物科学技术学院、动物医学院,动物科学,第8学期,317300007037,神经网络与深度学习24824165信息NeuralNetworkandDeepLearning,5,必修,,,,,,待查教学大纲（专业课）
动物科学技术学院、动物医学院,动物科学,第8学期,3023009204,动物遗传学B动科232324AnimalGeneticsB动医,4,必修,,,,,,待查教学大纲（专业课）
动物科学技术学院、动物医学院,动物科学,第8学期,3023009307,畜牧学概论A动科232325IntroductiontoAnimalHusbandryA动医,5,必修,,,,,,待查教学大纲（专业课）
动物科学技术学院、动物医学院,动物科学,第8学期,302300009013,畜牧学概论实验动科130305ExperimentsofAnimalHusbandry动医,5,必修,,,,,,待查教学大纲（专业课）
动物科学技术学院、动物医学院,动物科学,第8学期,3023009247,家畜环境卫生学动科232325AnimalEnvironmentalScience动医,5,必修,,,,,,待查教学大纲（专业课）
动物科学技术学院、动物医学院,动物科学,第8学期,302300009012,动科ExperimentsofAnimal130305动医EnvironmentalScience,5,必修,,,,,,待查教学大纲（专业课）
动物科学技术学院、动物医学院,动物科学,第8学期,3023009374,动物行为学动科232325AnimalEthology动医,5,必修,,,,,,待查教学大纲（专业课）
动物科学技术学院、动物医学院,动物科学,第8学期,3023009281,动物分子生物学动科232325MolecularBiologyofAnimal动医,5,必修,,,,,,待查教学大纲（专业课）
动物科学技术学院、动物医学院,动物科学,第8学期,3023009285,动物生物技术动科232325AnimalBiotechnology动医,5,必修,,,,,,待查教学大纲（专业课）
动物科学技术学院、动物医学院,动物科学,第8学期,302300009016,动物基因工程实验动科130305ExperimentsofAnimalGeneEngineering动医,5,必修,,,,,,待查教学大纲（专业课）
动物科学技术学院、动物医学院,动物科学,第8学期,3023009354,生物信息学动科232326Bioinformatics动医,6,必修,,,,,,待查教学大纲（专业课）
动物科学技术学院、动物医学院,动物科学,第8学期,302300007009,动科EconomicManagementof232326动医AnimalHusbandry,6,必修,,,,,,待查教学大纲（专业课）
动物科学技术学院、动物医学院,动物科学,第8学期,9093009905,军事技能本科231Militaryskills生院,1,必修,军事训练教程,教育部军委国防动员部,2023版,高等教育出版社,,公共课已匹配
动物科学技术学院、动物医学院,动物科学,第8学期,9093009906,本科Innovationand11-7生院EntrepreneurshipPractice,7,必修,,,,,,待查教学大纲（专业课）
动物科学技术学院、动物医学院,动物科学,第8学期,202300008001,公共大学生心理素质拓展本科实践ThePracticeofMentalHealth1302生院PromotionforUndergraduates,2,必修,大学生心理健康教育,郑日昌,最新版,高等教育出版社,,公共课已匹配
动物科学技术学院、动物医学院,动物科学,第8学期,3143009105,形势与政策（二）1303-8马院SituationandPolicyEducation(II),8,必修,形势与政策（最新版）,教育部组编,每年更新,高等教育出版社,,公共课已匹配
动物科学技术学院、动物医学院,动物科学,第8学期,9093009903,社会实践114团委SocialPractice,4,必修,,,,,,待查教学大纲（专业课）
动物科学技术学院、动物医学院,动物科学,第8学期,110300008001,志愿服务1301-7团委VolunteerService公共,7,必修,,,,,,待查教学大纲（专业课）
动物科学技术学院、动物医学院,动物科学,第8学期,110300008002,实践美育实践11-7团委AestheticPractice,7,必修,,,,,,待查教学大纲（专业课）
动物科学技术学院、动物医学院,动物科学,第8学期,302300008006,教学实习动科12128TeachingPractice动医专业,8,必修,,,,,,待查教学大纲（专业课）
动物科学技术学院、动物医学院,动物科学,第8学期,302300008001,实践毕业论文（设计）动科6129-10GraduationThesis(Design)动医,10,必修,,,,,,待查教学大纲（专业课）
动物科学技术学院、动物医学院,动物医学,第1学期,3143009003,中国近现代史纲要,3,必修,中国近现代史纲要（2023年版）,本书编写组,2023年版,高等教育出版社,,公共课已匹配
动物科学技术学院、动物医学院,动物医学,第1学期,9093009905,军事技能,2,必修,军事训练教程,教育部军委国防动员部,2023版,高等教育出版社,,公共课已匹配
动物科学技术学院、动物医学院,动物医学,第1学期,317400001001,微积分C,5,必修,高等数学（第七版·上/下册）,同济大学数学系,第7版,高等教育出版社,,公共课已匹配
动物科学技术学院、动物医学院,动物医学,第1学期,310300001002,有机化学B,3,必修,有机化学（农科类 第三版）,汪小兰,第3版,高等教育出版社,,公共课已匹配
动物科学技术学院、动物医学院,动物医学,第1学期,310300001005,有机化学实验B,1,必修,有机化学（农科类 第三版）,汪小兰,第3版,高等教育出版社,,公共课已匹配
动物科学技术学院、动物医学院,动物医学,第1学期,307300007045,工程基础,1,必修,,,,,,待查教学大纲（专业课）
动物科学技术学院、动物医学院,动物医学,第1学期,9093009904,军事理论,2,必修,军事理论课教程,教育部军委国防动员部,2023版,高等教育出版社,,公共课已匹配
动物科学技术学院、动物医学院,动物医学,第1学期,3113009824,写作与沟通,1,必修,写作与沟通,马工程/本校编,最新版,高等教育出版社,,公共课已匹配
动物科学技术学院、动物医学院,动物医学,第1学期,3143009104,形势与政策（一）,1,必修,形势与政策（最新版）,教育部组编,每年更新,高等教育出版社,,公共课已匹配
动物科学技术学院、动物医学院,动物医学,第1学期,9093009774,大学生创新创业基础,1,必修,大学生创新创业基础,本校编,最新版,高等教育出版社,,公共课已匹配
动物科学技术学院、动物医学院,动物医学,1,,外语类课程,,必修类别,新视野大学英语（第三版·读写教程）,郑树棠,第3版,外语教学与研究出版社,,公共课已匹配
动物科学技术学院、动物医学院,动物医学,1,,体育类课程,,必修类别,大学体育（教材）,本校编,最新版,校本教材,,公共课已匹配
动物科学技术学院、动物医学院,动物医学,第2学期,314300001006,思想道德与法治,3,必修,思想道德与法治（2023年版）,本书编写组,2023年版,高等教育出版社,,公共课已匹配
动物科学技术学院、动物医学院,动物医学,第2学期,317300001013,概率论与数理统计B,3,必修,概率论与数理统计（第五版）,盛骤 谢式千,第5版,高等教育出版社,9787040384876,公共课已匹配
动物科学技术学院、动物医学院,动物医学,第2学期,317300001016,线性代数B,2,必修,线性代数（第六版）,同济大学数学系,第6版,高等教育出版社,9787040396632,公共课已匹配
动物科学技术学院、动物医学院,动物医学,第2学期,310300001008,无机及分析化学B,4,必修,无机及分析化学（第五版）,南京大学《无机及分析化学》编写组,第5版,高等教育出版社,,公共课已匹配
动物科学技术学院、动物医学院,动物医学,第2学期,3103000010011,无机及分析化学实验B,2,必修,无机及分析化学（第五版）,南京大学《无机及分析化学》编写组,第5版,高等教育出版社,,公共课已匹配
动物科学技术学院、动物医学院,动物医学,第2学期,302300007052,动物解剖学,3,必修,动物解剖学（第4版）,彭克美,第4版,高等教育出版社,9787040613728,动科动医学院-已配统编教材
动物科学技术学院、动物医学院,动物医学,第2学期,3023009237,动物解剖学综合实验,1,必修,,,,,,待查教学大纲（专业课）
动物科学技术学院、动物医学院,动物医学,第2学期,317300001008,人工智能应用基础,2,必修,人工智能基础（通识）,大学计算机课程教指委,最新版,高等教育出版社,,公共课已匹配
动物科学技术学院、动物医学院,动物医学,第2学期,317300001009,人工智能应用基础实验,1,必修,人工智能基础（通识）,大学计算机课程教指委,最新版,高等教育出版社,,公共课已匹配
动物科学技术学院、动物医学院,动物医学,第2学期,9093009773,大学生心理发展与指导,1,必修,大学生心理健康教育,郑日昌,最新版,高等教育出版社,,公共课已匹配
动物科学技术学院、动物医学院,动物医学,2,,外语类课程,,必修类别,新视野大学英语（第三版·读写教程）,郑树棠,第3版,外语教学与研究出版社,,公共课已匹配
动物科学技术学院、动物医学院,动物医学,2,,体育类课程,,必修类别,大学体育（教材）,本校编,最新版,校本教材,,公共课已匹配
动物科学技术学院、动物医学院,动物医学,第3学期,310300001029,大学物理C,2,必修,物理学（第七版）,马文蔚,第7版,高等教育出版社,,公共课已匹配
动物科学技术学院、动物医学院,动物医学,第3学期,314300001008,毛泽东思想和中国特色3社会主义理论体系概论,3,必修,毛泽东思想和中国特色社会主义理论体系概论（2023年版）,本书编写组,2023年版,高等教育出版社,,公共课已匹配
动物科学技术学院、动物医学院,动物医学,第3学期,314300001009,习近平新时代中国特色3社会主义思想概论,3,必修,习近平新时代中国特色社会主义思想概论（2023年版）,本书编写组,2023年版,高等教育出版社,,公共课已匹配
动物科学技术学院、动物医学院,动物医学,第3学期,302300007053,动物组织胚胎学,2,必修,动物组织学及胚胎学（第4版）,彭克美,第4版,高等教育出版社,,动科动医学院-已配统编教材
动物科学技术学院、动物医学院,动物医学,第3学期,3023009351,动物组织胚胎学实验,1,必修,,,,,,待查教学大纲（专业课）
动物科学技术学院、动物医学院,动物医学,第3学期,302300007035,动物生物化学,3,必修,动物生物化学（第6版）,李庆章,第6版,中国农业出版社,,动科动医学院-已配统编教材
动物科学技术学院、动物医学院,动物医学,第3学期,3023009353,动物生物化学实验,1,必修,,,,,,待查教学大纲（专业课）
动物科学技术学院、动物医学院,动物医学,3,,外语类课程,,必修类别,新视野大学英语（第三版·读写教程）,郑树棠,第3版,外语教学与研究出版社,,公共课已匹配
动物科学技术学院、动物医学院,动物医学,3,,体育类课程,,必修类别,大学体育（教材）,本校编,最新版,校本教材,,公共课已匹配
动物科学技术学院、动物医学院,动物医学,3,,通识课程,,选修类别,,,,,,待查教学大纲（专业课）
动物科学技术学院、动物医学院,动物医学,第4学期,314300001007,马克思主义基本原理,3,必修,马克思主义基本原理（2023年版）,本书编写组,2023年版,高等教育出版社,,公共课已匹配
动物科学技术学院、动物医学院,动物医学,第4学期,302300007054,动物生理学,3,必修,动物生理学（第4版）,杨秀平,第4版,高等教育出版社,,动科动医学院-已配统编教材
动物科学技术学院、动物医学院,动物医学,第4学期,3023009103,动物生理学实验,1,必修,,,,,,待查教学大纲（专业课）
动物科学技术学院、动物医学院,动物医学,第4学期,3023009211,兽医统计及试验设计,2,必修,生物统计附试验设计（第5版）,明道绪,第5版,中国农业出版社,,动科动医学院-已配统编教材
动物科学技术学院、动物医学院,动物医学,第4学期,9093009903,社会实践,1,必修,,,,,,待查教学大纲（专业课）
动物科学技术学院、动物医学院,动物医学,第4学期,302300007056,兽医公共卫生学,3,必修,兽医公共卫生学（第3版）,陈杖榴,第3版,中国农业出版社,,动科动医学院-已配统编教材
动物科学技术学院、动物医学院,动物医学,第4学期,3023009256,兽医免疫学,2,必修,兽医免疫学（第3版）,崔治中,第3版,中国农业出版社,,动科动医学院-已配统编教材
动物科学技术学院、动物医学院,动物医学,第4学期,3023009257,兽医免疫学综合实验,1,必修,,,,,,待查教学大纲（专业课）
动物科学技术学院、动物医学院,动物医学,4,,外语类课程,,必修类别,新视野大学英语（第三版·读写教程）,郑树棠,第3版,外语教学与研究出版社,,公共课已匹配
动物科学技术学院、动物医学院,动物医学,4,,体育类课程,,必修类别,大学体育（教材）,本校编,最新版,校本教材,,公共课已匹配
动物科学技术学院、动物医学院,动物医学,4,,通识课程,,选修类别,,,,,,待查教学大纲（专业课）
动物科学技术学院、动物医学院,动物医学,第5学期,302300007003,兽医药理学A,3,必修,,,,,,待查教学大纲（专业课）
动物科学技术学院、动物医学院,动物医学,第5学期,302300009001,兽医药理学综合实验,1,必修,,,,,,待查教学大纲（专业课）
动物科学技术学院、动物医学院,动物医学,第5学期,302300007054,兽医临床诊断学,2,必修,兽医临床诊断学（第4版）,邓干臻,第4版,科学出版社,,动科动医学院-已配统编教材
动物科学技术学院、动物医学院,动物医学,第5学期,302300009004,兽医临床诊断学综合实验,1,必修,,,,,,待查教学大纲（专业课）
动物科学技术学院、动物医学院,动物医学,第5学期,302300007052,兽医微生物学,4,必修,兽医微生物学（第6版）,陆承平,第6版,中国农业出版社,9787109284432,动科动医学院-已配统编教材
动物科学技术学院、动物医学院,动物医学,第5学期,302300009030,兽医微生物学实验,1,必修,,,,,,待查教学大纲（专业课）
动物科学技术学院、动物医学院,动物医学,第5学期,302300007055,智慧兽医,1,必修,,,,,,待查教学大纲（专业课）
动物科学技术学院、动物医学院,动物医学,5,,通识课程,,选修类别,,,,,,待查教学大纲（专业课）
动物科学技术学院、动物医学院,动物医学,第6学期,302300007053,兽医病理学,3,必修,兽医病理学（第4版）,陈怀涛,第4版,中国农业出版社,,动科动医学院-已配统编教材
动物科学技术学院、动物医学院,动物医学,第6学期,302300009031,兽医病理学综合实验,2,必修,,,,,,待查教学大纲（专业课）
动物科学技术学院、动物医学院,动物医学,第6学期,302300007057,兽医外科手术学,2,必修,兽医外科手术学（第4版）,王洪斌,第4版,中国农业出版社,,动科动医学院-已配统编教材
动物科学技术学院、动物医学院,动物医学,第6学期,3023009276,中兽医学,3,必修,中兽医学（第4版）,刘钟杰 许剑琴,第4版,中国农业出版社,,动科动医学院-已配统编教材
动物科学技术学院、动物医学院,动物医学,第6学期,302300009008,中兽医学综合实验,1,必修,,,,,,待查教学大纲（专业课）
动物科学技术学院、动物医学院,动物医学,6,,通识课程,,选修类别,,,,,,待查教学大纲（专业课）
动物科学技术学院、动物医学院,动物医学,第7学期,302300007060,兽医内科学,4,必修,兽医内科学（第3版）,郭定宗,第3版,高等教育出版社,,动科动医学院-已配统编教材
动物科学技术学院、动物医学院,动物医学,第7学期,302300007058,动物传染病学,4,必修,动物传染病学（第4版）,陈焕春,第4版,中国农业出版社,,动科动医学院-已配统编教材
动物科学技术学院、动物医学院,动物医学,第7学期,3023009271,兽医外科学,3,必修,兽医外科学（第4版）,王洪斌,第4版,中国农业出版社,,动科动医学院-已配统编教材
动物科学技术学院、动物医学院,动物医学,第7学期,302300007059,兽医寄生虫病学,2,必修,兽医寄生虫病学（第4版）,张龙现,第4版,中国农业出版社,,动科动医学院-已配统编教材
动物科学技术学院、动物医学院,动物医学,第7学期,302300009009,动物寄生虫病学实验,1,必修,,,,,,待查教学大纲（专业课）
动物科学技术学院、动物医学院,动物医学,7,,通识课程,,选修类别,,,,,,待查教学大纲（专业课）
动物科学技术学院、动物医学院,动物医学,第8学期,302300007061,兽医产科学,3,必修,兽医产科学（第4版）,赵兴绪,第4版,中国农业出版社,,动科动医学院-已配统编教材
动物科学技术学院、动物医学院,动物医学,第8学期,302300008006,教学实习,12,必修,,,,,,待查教学大纲（专业课）
动物科学技术学院、动物医学院,动物医学,第8学期,3143009105,形势与政策（二）,1,必修,形势与政策（最新版）,教育部组编,每年更新,高等教育出版社,,公共课已匹配
动物科学技术学院、动物医学院,动物医学,9,,通识课程,,选修类别,,,,,,待查教学大纲（专业课）
动物科学技术学院、动物医学院,动物医学,第10学期,302300008001,毕业论文（设计）,6,必修,,,,,,待查教学大纲（专业课）
资源与环境学院,农业资源与环境,第1学期,3143009003,中国近现代史纲要,3,必修,中国近现代史纲要（2023年版）,本书编写组,2023年版,高等教育出版社,,公共课已匹配
资源与环境学院,农业资源与环境,1,,外语类课程,,必修类别,新视野大学英语（第三版·读写教程）,郑树棠,第3版,外语教学与研究出版社,,公共课已匹配
资源与环境学院,农业资源与环境,1,,体育类课程,,必修类别,大学体育（教材）,本校编,最新版,校本教材,,公共课已匹配
资源与环境学院,农业资源与环境,第1学期,310300001017,微积分A（1）,5,必修,高等数学（第七版·上/下册）,同济大学数学系,第7版,高等教育出版社,,公共课已匹配
资源与环境学院,农业资源与环境,第1学期,310300001008,无机及分析化学B,4,必修,无机及分析化学（第五版）,南京大学《无机及分析化学》编写组,第5版,高等教育出版社,,公共课已匹配
资源与环境学院,农业资源与环境,第1学期,310300001011,无机及分析化学实验B,2,必修,无机及分析化学（第五版）,南京大学《无机及分析化学》编写组,第5版,高等教育出版社,,公共课已匹配
资源与环境学院,农业资源与环境,第1学期,3033009342,环境工程制图,2,必修,,,,,,待查教学大纲（专业课）
资源与环境学院,农业资源与环境,第1学期,3033009345,环境工程制图实践,1,必修,,,,,,待查教学大纲（专业课）
资源与环境学院,农业资源与环境,第1学期,9093009774,大学生创新创业基础,1,必修,大学生创新创业基础,本校编,最新版,高等教育出版社,,公共课已匹配
资源与环境学院,农业资源与环境,第1学期,9093009904,军事理论,2,必修,军事理论课教程,教育部军委国防动员部,2023版,高等教育出版社,,公共课已匹配
资源与环境学院,农业资源与环境,第1学期,9093009905,军事技能,2,必修,军事训练教程,教育部军委国防动员部,2023版,高等教育出版社,,公共课已匹配
资源与环境学院,农业资源与环境,第1学期,3113009824,写作与沟通1第一学年修读,1,必修,写作与沟通,马工程/本校编,最新版,高等教育出版社,,公共课已匹配
资源与环境学院,农业资源与环境,第1学期,3143009104,形势与政策（一）第一学年修读,,必修,形势与政策（最新版）,教育部组编,每年更新,高等教育出版社,,公共课已匹配
资源与环境学院,农业资源与环境,第2学期,314300001006,思想道德与法治,3,必修,思想道德与法治（2023年版）,本书编写组,2023年版,高等教育出版社,,公共课已匹配
资源与环境学院,农业资源与环境,2,,外语类课程,,必修类别,新视野大学英语（第三版·读写教程）,郑树棠,第3版,外语教学与研究出版社,,公共课已匹配
资源与环境学院,农业资源与环境,2,,体育类课程,,必修类别,大学体育（教材）,本校编,最新版,校本教材,,公共课已匹配
资源与环境学院,农业资源与环境,第2学期,310300001032,微积分A（2）,5,必修,高等数学（第七版·上/下册）,同济大学数学系,第7版,高等教育出版社,,公共课已匹配
资源与环境学院,农业资源与环境,第2学期,310300001024,线性代数A,3,必修,线性代数（第六版）,同济大学数学系,第6版,高等教育出版社,9787040396632,公共课已匹配
资源与环境学院,农业资源与环境,第2学期,310300001002,有机化学B,3,必修,有机化学（农科类 第三版）,汪小兰,第3版,高等教育出版社,,公共课已匹配
资源与环境学院,农业资源与环境,第2学期,310300001005,有机化学实验B,1,必修,有机化学（农科类 第三版）,汪小兰,第3版,高等教育出版社,,公共课已匹配
资源与环境学院,农业资源与环境,第2学期,202300006005,大学生心理发展与指导,1,必修,大学生心理健康教育,郑日昌,最新版,高等教育出版社,,公共课已匹配
资源与环境学院,农业资源与环境,第2学期,202300008001,大学生心理素质拓展,1,必修,大学生心理健康教育,郑日昌,最新版,高等教育出版社,,公共课已匹配
资源与环境学院,农业资源与环境,第2学期,317300001008,人工智能应用基础,2,必修,人工智能基础（通识）,大学计算机课程教指委,最新版,高等教育出版社,,公共课已匹配
资源与环境学院,农业资源与环境,第2学期,317300001009,人工智能应用基础实验,1,必修,人工智能基础（通识）,大学计算机课程教指委,最新版,高等教育出版社,,公共课已匹配
资源与环境学院,农业资源与环境,第2学期,3143009104,形势与政策（一）1第一学年修读,1,必修,形势与政策（最新版）,教育部组编,每年更新,高等教育出版社,,公共课已匹配
资源与环境学院,农业资源与环境,第2学期,303300007037,资源利用与绿色发展,1,必修,,,,,,待查教学大纲（专业课）
资源与环境学院,农业资源与环境,第2学期,303300007038,环境污染与控制,1,必修,,,,,,待查教学大纲（专业课）
资源与环境学院,农业资源与环境,第2学期,303300007039,环境保护与修复,1,必修,,,,,,待查教学大纲（专业课）
资源与环境学院,农业资源与环境,第2学期,3033009404,水土保持与美丽家园,1,必修,,,,,,待查教学大纲（专业课）
资源与环境学院,农业资源与环境,第3学期,314300001008,3社会主义理论体系概论,3,必修,,,,,,待查教学大纲（专业课）
资源与环境学院,农业资源与环境,第3学期,314300001009,3社会主义思想概论,3,必修,,,,,,待查教学大纲（专业课）
资源与环境学院,农业资源与环境,3,,外语类课程,,必修类别,新视野大学英语（第三版·读写教程）,郑树棠,第3版,外语教学与研究出版社,,公共课已匹配
资源与环境学院,农业资源与环境,3,,体育类课程,,必修类别,大学体育（教材）,本校编,最新版,校本教材,,公共课已匹配
资源与环境学院,农业资源与环境,第3学期,310300001022,概率论与数理统计B,3,必修,概率论与数理统计（第五版）,盛骤 谢式千,第5版,高等教育出版社,9787040384876,公共课已匹配
资源与环境学院,农业资源与环境,第3学期,310300001029,大学物理C,2,必修,物理学（第七版）,马文蔚,第7版,高等教育出版社,,公共课已匹配
资源与环境学院,农业资源与环境,第3学期,310300001031,大学物理实验,1,必修,物理学（第七版）,马文蔚,第7版,高等教育出版社,,公共课已匹配
资源与环境学院,农业资源与环境,第3学期,3033009347,生态学基础,2,必修,,,,,,待查教学大纲（专业课）
资源与环境学院,农业资源与环境,第3学期,3033009374,生态学基础实验,1,必修,,,,,,待查教学大纲（专业课）
资源与环境学院,农业资源与环境,第3学期,303300007075,植物生理生化,3,必修,,,,,,待查教学大纲（专业课）
资源与环境学院,农业资源与环境,第3学期,303300009043,植物生理生化实验,1,必修,,,,,,待查教学大纲（专业课）
资源与环境学院,农业资源与环境,第4学期,314300001007,马克思主义基本原理,3,必修,马克思主义基本原理（2023年版）,本书编写组,2023年版,高等教育出版社,,公共课已匹配
资源与环境学院,农业资源与环境,4,,外语类课程,,必修类别,新视野大学英语（第三版·读写教程）,郑树棠,第3版,外语教学与研究出版社,,公共课已匹配
资源与环境学院,农业资源与环境,4,,体育类课程,,必修类别,大学体育（教材）,本校编,最新版,校本教材,,公共课已匹配
资源与环境学院,农业资源与环境,第4学期,303300007034,土壤学A,3,必修,,,,,,待查教学大纲（专业课）
资源与环境学院,农业资源与环境,第4学期,303300009026,土壤学实验,1,必修,,,,,,待查教学大纲（专业课）
资源与环境学院,农业资源与环境,第4学期,303300007006,地质与地貌学,2,必修,,,,,,待查教学大纲（专业课）
资源与环境学院,农业资源与环境,第4学期,303300009005,地质与地貌学实验,1,必修,,,,,,待查教学大纲（专业课）
资源与环境学院,农业资源与环境,第4学期,303300008033,地质与土壤实习,2,必修,,,,,,待查教学大纲（专业课）
资源与环境学院,农业资源与环境,第4学期,9093009903,社会实践,1,必修,,,,,,待查教学大纲（专业课）
资源与环境学院,农业资源与环境,第5学期,303300007077,土壤修复与地力提升,3,必修,,,,,,待查教学大纲（专业课）
资源与环境学院,农业资源与环境,第5学期,303300007030,土壤农化分析,2,必修,,,,,,待查教学大纲（专业课）
资源与环境学院,农业资源与环境,第5学期,303300009024,土壤农化分析实验,2,必修,,,,,,待查教学大纲（专业课）
资源与环境学院,农业资源与环境,第5学期,303300007076,植物营养学,4,必修,,,,,,待查教学大纲（专业课）
资源与环境学院,农业资源与环境,第5学期,303300008034,植物营养智能技术实习,1,必修,,,,,,待查教学大纲（专业课）
资源与环境学院,农业资源与环境,第6学期,3033009156,现代施肥技术,2,必修,,,,,,待查教学大纲（专业课）
资源与环境学院,农业资源与环境,第6学期,303300009044,作物营养诊断与施肥,1,必修,,,,,,待查教学大纲（专业课）
资源与环境学院,农业资源与环境,第6学期,3033009258,精准农业,2,必修,,,,,,待查教学大纲（专业课）
资源与环境学院,农业资源与环境,第6学期,303300007080,2环境领域的应用,2,必修,,,,,,待查教学大纲（专业课）
资源与环境学院,农业资源与环境,第7学期,303300007050,资源调查与评价A,2,必修,,,,,,待查教学大纲（专业课）
资源与环境学院,农业资源与环境,第7学期,303300009031,资源调查与评价实验,1,必修,,,,,,待查教学大纲（专业课）
资源与环境学院,农业资源与环境,第7学期,303300008021,资源调查与评价实习,1,必修,,,,,,待查教学大纲（专业课）
资源与环境学院,农业资源与环境,第7学期,303300008035,专业综合实习,2,必修,,,,,,待查教学大纲（专业课）
资源与环境学院,农业资源与环境,第8学期,3033009915,毕业论文6第7-8学期修读,8,必修,,,,,,待查教学大纲（专业课）
资源与环境学院,农业资源与环境,第8学期,3143009105,形势与政策（二）1第3-8学期修读,8,必修,形势与政策（最新版）,教育部组编,每年更新,高等教育出版社,,公共课已匹配
资源与环境学院,农业资源与环境,第8学期,3143009003,3484261马院OutlineofModernChineseHistory,1,必修,,,,,,待查教学大纲（专业课）
资源与环境学院,农业资源与环境,第8学期,314300001006,3484262马院IdeologyMoralityandRuleofLaw,2,必修,,,,,,待查教学大纲（专业课）
资源与环境学院,农业资源与环境,第8学期,314300001008,BasicTheoryofMaoZedongThought3484083马院,3,必修,,,,,,待查教学大纲（专业课）
资源与环境学院,农业资源与环境,第8学期,314300001009,BasicTheoryofXiJinpingThought3484083马院,3,必修,,,,,,待查教学大纲（专业课）
资源与环境学院,农业资源与环境,第8学期,314300001007,3484264马院BasicKnowledgeofMarxism,4,必修,,,,,,待查教学大纲（专业课）
资源与环境学院,农业资源与环境,第8学期,3143009104,116161-2马院SituationandPolicyEducation(Ⅰ),2,必修,,,,,,待查教学大纲（专业课）
资源与环境学院,农业资源与环境,8,,体育类课程必修，实行选项制，一、二年级要求每学期修满1,,必修类别,大学体育（教材）,本校编,最新版,校本教材,,公共课已匹配
资源与环境学院,农业资源与环境,8,,体育类课程教学详见《华中农业大学体育教学改革实施方案》。,,必修类别,大学体育（教材）,本校编,最新版,校本教材,,公共课已匹配
资源与环境学院,农业资源与环境,第8学期,9093009904,232321MilitaryTheory生院,1,必修,,,,,,待查教学大纲（专业课）
资源与环境学院,农业资源与环境,第8学期,3113009824,116161/2文法WritingandCommunication,2,必修,,,,,,待查教学大纲（专业课）
资源与环境学院,农业资源与环境,第8学期,202300006005,PsychologicalDevelopmentand116162生院,2,必修,,,,,,待查教学大纲（专业课）
资源与环境学院,农业资源与环境,第8学期,9093009774,InnovationandEntrepreneurship116161生院,1,必修,,,,,,待查教学大纲（专业课）
资源与环境学院,农业资源与环境,第8学期,310300001017,微积分A（1）580801工学Calculus(I),1,必修,高等数学（第七版·上/下册）,同济大学数学系,第7版,高等教育出版社,,公共课已匹配
资源与环境学院,农业资源与环境,第8学期,310300001008,无机及分析化学B464641化学InorganicandAnalyticalChemistry,1,必修,无机及分析化学（第五版）,南京大学《无机及分析化学》编写组,第5版,高等教育出版社,,公共课已匹配
资源与环境学院,农业资源与环境,第8学期,310300001011,ExperimentofInorganicand260601化学,1,必修,,,,,,待查教学大纲（专业课）
资源与环境学院,农业资源与环境,第8学期,310300001032,微积分A（2）580802信息Calculus(II),2,必修,高等数学（第七版·上/下册）,同济大学数学系,第7版,高等教育出版社,,公共课已匹配
资源与环境学院,农业资源与环境,第8学期,310300001024,线性代数A348482信息LinearAlgebraA,2,必修,线性代数（第六版）,同济大学数学系,第6版,高等教育出版社,9787040396632,公共课已匹配
资源与环境学院,农业资源与环境,第8学期,310300001002,有机化学B348482化学OrganicChemistryB,2,必修,有机化学（农科类 第三版）,汪小兰,第3版,高等教育出版社,,公共课已匹配
资源与环境学院,农业资源与环境,第8学期,310300001005,有机化学实验B130302化学ExperimentofOrganicChemistryB,2,必修,有机化学（农科类 第三版）,汪小兰,第3版,高等教育出版社,,公共课已匹配
资源与环境学院,农业资源与环境,第8学期,310300001022,概率论与数理统计B348483信息ProbabilityandStatisticsB,3,必修,概率论与数理统计（第五版）,盛骤 谢式千,第5版,高等教育出版社,9787040384876,公共课已匹配
资源与环境学院,农业资源与环境,第8学期,310300001028,大学物理B464643工学CollegePhysicsB,3,必修,物理学（第七版）,马文蔚,第7版,高等教育出版社,,公共课已匹配
资源与环境学院,农业资源与环境,第8学期,310300001031,130303工学CollegePhysicsExperiment,3,必修,,,,,,待查教学大纲（专业课）
资源与环境学院,农业资源与环境,第8学期,310300001013,348484化学PhysicalandColloidChemistry,4,必修,,,,,,待查教学大纲（专业课）
资源与环境学院,农业资源与环境,第8学期,310300001014,ExperimentofPhysicaland130304化学,4,必修,,,,,,待查教学大纲（专业课）
资源与环境学院,农业资源与环境,第8学期,3073009242,348484工学EngineeringMechanics,4,必修,,,,,,待查教学大纲（专业课）
资源与环境学院,农业资源与环境,第8学期,317300001008,FundamentalsofArtificial232322信息,2,必修,,,,,,待查教学大纲（专业课）
资源与环境学院,农业资源与环境,第8学期,317300001009,ExperimentsontheFundamentalsof130302信息,2,必修,,,,,,待查教学大纲（专业课）
资源与环境学院,农业资源与环境,第8学期,303300007081,ApplicationsofArtificialIntelligencein116164资环,4,必修,,,,,,待查教学大纲（专业课）
资源与环境学院,农业资源与环境,第8学期,3033009342,232321资环EnvironmentalEngineeringDrawing,1,必修,,,,,,待查教学大纲（专业课）
资源与环境学院,农业资源与环境,第8学期,3033009345,PracticeofEnvironmental132321资环,1,必修,,,,,,待查教学大纲（专业课）
资源与环境学院,农业资源与环境,第8学期,3033009347,232323资环FoundationofEcology,3,必修,,,,,,待查教学大纲（专业课）
资源与环境学院,农业资源与环境,第8学期,3033009374,130303资环EcologyExperiment,3,必修,,,,,,待查教学大纲（专业课）
资源与环境学院,农业资源与环境,第8学期,303300007082,232325资环EnvironmentalMicrobiology,5,必修,,,,,,待查教学大纲（专业课）
资源与环境学院,农业资源与环境,第8学期,303300009057,130305资环EnvironmentalMicrobiologyExperiment,5,必修,,,,,,待查教学大纲（专业课）
资源与环境学院,农业资源与环境,第8学期,303300007048,环境化学B240404资环EnvironmentalChemistryB,4,必修,,,,,,待查教学大纲（专业课）
资源与环境学院,农业资源与环境,第8学期,303300009009,130304资环LabExerciseinEnvironmentalChemistry,4,必修,,,,,,待查教学大纲（专业课）
资源与环境学院,农业资源与环境,第8学期,3033009239,232325资环SeweragePipelineEngineering,5,必修,,,,,,待查教学大纲（专业课）
资源与环境学院,农业资源与环境,第8学期,3033009191,PrincipleofEnvironmental4645865资环,5,必修,,,,,,待查教学大纲（专业课）
资源与环境学院,农业资源与环境,第8学期,303300007083,48540455资环EnvironmentalMonitoring,5,必修,,,,,,待查教学大纲（专业课）
资源与环境学院,农业资源与环境,第8学期,303300007028,354546资环WastewaterTreatmentEngineering,6,必修,,,,,,待查教学大纲（专业课）
资源与环境学院,农业资源与环境,第8学期,303300009022,LaboratoryExercisein130306资环,6,必修,,,,,,待查教学大纲（专业课）
资源与环境学院,农业资源与环境,第8学期,3033009187,348486资环AirPollutionControlEngineering,6,必修,,,,,,待查教学大纲（专业课）
资源与环境学院,农业资源与环境,第8学期,303300009002,LaboratoryExercisein130306资环,6,必修,,,,,,待查教学大纲（专业课）
资源与环境学院,农业资源与环境,第8学期,3033009189,DisposalandResourceRecovery348486资环,6,必修,,,,,,待查教学大纲（专业课）
资源与环境学院,农业资源与环境,第8学期,303300009008,LaboratoryExerciseinSolid130306资环,6,必修,,,,,,待查教学大纲（专业课）
资源与环境学院,农业资源与环境,第8学期,303300007037,Resourcesutilizationandgreen116162资环,2,必修,,,,,,待查教学大纲（专业课）
资源与环境学院,农业资源与环境,第8学期,303300007038,新生研讨课2—环境污染与控制116162资环Environmentalpollutionandcontrol,2,必修,,,,,,待查教学大纲（专业课）
资源与环境学院,农业资源与环境,第8学期,303300007039,新生研讨课3—环境保护与修复116162资环Environmentalprotectionandrestoration,2,必修,,,,,,待查教学大纲（专业课）
资源与环境学院,农业资源与环境,第8学期,3033009404,Soil-WaterConservationand116162资环,2,必修,,,,,,待查教学大纲（专业课）
资源与环境学院,农业资源与环境,第8学期,303300007060,232324资环InstrumentalAnalysis,4,必修,,,,,,待查教学大纲（专业课）
资源与环境学院,农业资源与环境,第8学期,3033009161,348484资环MethodsofEnvironmentalResearch,4,必修,,,,,,待查教学大纲（专业课）
资源与环境学院,农业资源与环境,第8学期,303300009011,LabPracticeinMethods130304资环,4,必修,,,,,,待查教学大纲（专业课）
资源与环境学院,农业资源与环境,第8学期,303300007013,232324资环EnvironmentalSoilScience,4,必修,,,,,,待查教学大纲（专业课）
资源与环境学院,农业资源与环境,第8学期,303300007036,污染控制化学B116165资环ChemistryofContaminationControlB,5,必修,,,,,,待查教学大纲（专业课）
资源与环境学院,农业资源与环境,第8学期,303300009027,ExperimentforChemistry130305资环,5,必修,,,,,,待查教学大纲（专业课）
资源与环境学院,农业资源与环境,第8学期,303300007011,TechnologyWritingof232325资环,5,必修,,,,,,待查教学大纲（专业课）
资源与环境学院,农业资源与环境,第8学期,303300007016,232325资环EngineerProjectManagement,5,必修,,,,,,待查教学大纲（专业课）
资源与环境学院,农业资源与环境,第8学期,303300007029,UtilizationandProtectionof232325资环,5,必修,,,,,,待查教学大纲（专业课）
资源与环境学院,农业资源与环境,第8学期,3033009286,232325资环PrincipleofCleanProduction,5,必修,,,,,,待查教学大纲（专业课）
资源与环境学院,农业资源与环境,第8学期,3033009105,232325资环EnvironmentalProtectionLaw,5,必修,,,,,,待查教学大纲（专业课）
资源与环境学院,农业资源与环境,第8学期,303300007097,232325资环EnvironmentalPlanning,5,必修,,,,,,待查教学大纲（专业课）
资源与环境学院,农业资源与环境,第8学期,3033009313,232325资环EnvironmentalManagement,5,必修,,,,,,待查教学大纲（专业课）
资源与环境学院,农业资源与环境,第8学期,3033009288,TransformationofAgricultural232325资环,5,必修,,,,,,待查教学大纲（专业课）
资源与环境学院,农业资源与环境,第8学期,3033009246,环境评价B348485资环EnvironmentAssessmentB,5,必修,,,,,,待查教学大纲（专业课）
资源与环境学院,农业资源与环境,第8学期,303300008006,11周1周5资环PracticeofEnvironmentAssessment,5,必修,,,,,,待查教学大纲（专业课）
资源与环境学院,农业资源与环境,第8学期,3033009237,232326资环PhysicalPollutionControlEngineering,6,必修,,,,,,待查教学大纲（专业课）
资源与环境学院,农业资源与环境,第8学期,3033009240,232326资环EnvironmentalEngineeringBudgetary,6,必修,,,,,,待查教学大纲（专业课）
资源与环境学院,农业资源与环境,第8学期,303300007059,BioremediationofContaminated232326资环,6,必修,,,,,,待查教学大纲（专业课）
资源与环境学院,农业资源与环境,第8学期,3033009244,232326资环EnvironmentalEcologicalEngineering,6,必修,,,,,,待查教学大纲（专业课）
资源与环境学院,农业资源与环境,第8学期,303300007057,Practiceofagriculturalnon-point130306资环,6,必修,,,,,,待查教学大纲（专业课）
资源与环境学院,农业资源与环境,第8学期,307300007042,348483工学FluidMechanics,3,必修,,,,,,待查教学大纲（专业课）
资源与环境学院,农业资源与环境,第8学期,307300007041,电工技术B232324工学ElectrotechnologyB,4,必修,,,,,,待查教学大纲（专业课）
资源与环境学院,农业资源与环境,第8学期,317300007094,2.54832164信息MathematicalModelingB,4,必修,,,,,,待查教学大纲（专业课）
资源与环境学院,农业资源与环境,第8学期,9093009905,231Militaryskills生院,1,必修,,,,,,待查教学大纲（专业课）
资源与环境学院,农业资源与环境,第8学期,9093009906,Innovationand11-7生院,7,必修,,,,,,待查教学大纲（专业课）
资源与环境学院,农业资源与环境,第8学期,202300008001,ThePracticeofMentalHealth1302生院,2,必修,,,,,,待查教学大纲（专业课）
资源与环境学院,农业资源与环境,第8学期,3143009105,实践形势与政策（二）1303-8马院SituationandPolicyEducation(Ⅱ),8,必修,形势与政策（最新版）,教育部组编,每年更新,高等教育出版社,,公共课已匹配
资源与环境学院,农业资源与环境,第8学期,9093009903,114团委SocialPractice,4,必修,,,,,,待查教学大纲（专业课）
资源与环境学院,农业资源与环境,第8学期,110300008001,1301-7团委VolunteerService,7,必修,,,,,,待查教学大纲（专业课）
资源与环境学院,农业资源与环境,第8学期,110300008002,11-7团委AestheticPractice,7,必修,,,,,,待查教学大纲（专业课）
资源与环境学院,农业资源与环境,第8学期,303300008042,1劳动3资环,3,必修,,,,,,待查教学大纲（专业课）
资源与环境学院,农业资源与环境,第8学期,307300008014,工程实训B113工学襄阳MetalworkingPracticeB,3,必修,,,,,,待查教学大纲（专业课）
资源与环境学院,农业资源与环境,第8学期,303300008012,DesignofSewerage115资环,5,必修,,,,,,待查教学大纲（专业课）
资源与环境学院,农业资源与环境,第8学期,303300008017,ProjectinWastewater226资环,6,必修,,,,,,待查教学大纲（专业课）
资源与环境学院,农业资源与环境,第8学期,303300008001,ProjectinAirPollution116资环,6,必修,,,,,,待查教学大纲（专业课）
资源与环境学院,农业资源与环境,第8学期,303300008004,专业ProjectinDisposalandResource116资环,6,必修,,,,,,待查教学大纲（专业课）
资源与环境学院,农业资源与环境,第8学期,303300008010,227资环PracticalTraining,7,必修,,,,,,待查教学大纲（专业课）
资源与环境学院,农业资源与环境,第8学期,303300009041,ComprehensiveTrainingin2807资环,7,必修,,,,,,待查教学大纲（专业课）
资源与环境学院,农业资源与环境,第8学期,3033009925,127-8资环Internship,8,必修,,,,,,待查教学大纲（专业课）
资源与环境学院,农业资源与环境,第8学期,3033009929,6127-8资环GraduationThesis,8,必修,,,,,,待查教学大纲（专业课）
资源与环境学院,农业资源与环境,8,,外语类课程,,必修类别,新视野大学英语（第三版·读写教程）,郑树棠,第3版,外语教学与研究出版社,,公共课已匹配
资源与环境学院,农业资源与环境,8,,体育类课程,,必修类别,大学体育（教材）,本校编,最新版,校本教材,,公共课已匹配
资源与环境学院,环境工程,第1学期,3143009003,中国近现代史纲要,3,必修,中国近现代史纲要（2023年版）,本书编写组,2023年版,高等教育出版社,,公共课已匹配
资源与环境学院,环境工程,1,,外语类课程,,必修类别,新视野大学英语（第三版·读写教程）,郑树棠,第3版,外语教学与研究出版社,,公共课已匹配
资源与环境学院,环境工程,1,,体育类课程,,必修类别,大学体育（教材）,本校编,最新版,校本教材,,公共课已匹配
资源与环境学院,环境工程,第1学期,310300001017,微积分A（1）,5,必修,高等数学（第七版·上/下册）,同济大学数学系,第7版,高等教育出版社,,公共课已匹配
资源与环境学院,环境工程,第1学期,310300001008,无机及分析化学B,4,必修,无机及分析化学（第五版）,南京大学《无机及分析化学》编写组,第5版,高等教育出版社,,公共课已匹配
资源与环境学院,环境工程,第1学期,310300001011,无机及分析化学实验B,2,必修,无机及分析化学（第五版）,南京大学《无机及分析化学》编写组,第5版,高等教育出版社,,公共课已匹配
资源与环境学院,环境工程,第1学期,3033009342,环境工程制图,2,必修,,,,,,待查教学大纲（专业课）
资源与环境学院,环境工程,第1学期,3033009345,环境工程制图实践,1,必修,,,,,,待查教学大纲（专业课）
资源与环境学院,环境工程,第1学期,9093009774,大学生创新创业基础,1,必修,大学生创新创业基础,本校编,最新版,高等教育出版社,,公共课已匹配
资源与环境学院,环境工程,第1学期,9093009904,军事理论,2,必修,军事理论课教程,教育部军委国防动员部,2023版,高等教育出版社,,公共课已匹配
资源与环境学院,环境工程,第1学期,9093009905,军事技能,2,必修,军事训练教程,教育部军委国防动员部,2023版,高等教育出版社,,公共课已匹配
资源与环境学院,环境工程,第1学期,3113009824,写作与沟通1第一学年修读,1,必修,写作与沟通,马工程/本校编,最新版,高等教育出版社,,公共课已匹配
资源与环境学院,环境工程,第1学期,3143009104,形势与政策（一）第一学年修读,,必修,形势与政策（最新版）,教育部组编,每年更新,高等教育出版社,,公共课已匹配
资源与环境学院,环境工程,第2学期,314300001006,思想道德与法治,3,必修,思想道德与法治（2023年版）,本书编写组,2023年版,高等教育出版社,,公共课已匹配
资源与环境学院,环境工程,2,,外语类课程,,必修类别,新视野大学英语（第三版·读写教程）,郑树棠,第3版,外语教学与研究出版社,,公共课已匹配
资源与环境学院,环境工程,2,,体育类课程,,必修类别,大学体育（教材）,本校编,最新版,校本教材,,公共课已匹配
资源与环境学院,环境工程,第2学期,310300001032,微积分A（2）,5,必修,高等数学（第七版·上/下册）,同济大学数学系,第7版,高等教育出版社,,公共课已匹配
资源与环境学院,环境工程,第2学期,310300001024,线性代数A,3,必修,线性代数（第六版）,同济大学数学系,第6版,高等教育出版社,9787040396632,公共课已匹配
资源与环境学院,环境工程,第2学期,310300001002,有机化学B,3,必修,有机化学（农科类 第三版）,汪小兰,第3版,高等教育出版社,,公共课已匹配
资源与环境学院,环境工程,第2学期,310300001005,有机化学实验B,1,必修,有机化学（农科类 第三版）,汪小兰,第3版,高等教育出版社,,公共课已匹配
资源与环境学院,环境工程,第2学期,202300006005,大学生心理发展与指导,1,必修,大学生心理健康教育,郑日昌,最新版,高等教育出版社,,公共课已匹配
资源与环境学院,环境工程,第2学期,202300008001,大学生心理素质拓展,1,必修,大学生心理健康教育,郑日昌,最新版,高等教育出版社,,公共课已匹配
资源与环境学院,环境工程,第2学期,317300001008,人工智能应用基础,2,必修,人工智能基础（通识）,大学计算机课程教指委,最新版,高等教育出版社,,公共课已匹配
资源与环境学院,环境工程,第2学期,317300001009,人工智能应用基础实验,1,必修,人工智能基础（通识）,大学计算机课程教指委,最新版,高等教育出版社,,公共课已匹配
资源与环境学院,环境工程,第2学期,3143009104,形势与政策（一）1第一学年修读,1,必修,形势与政策（最新版）,教育部组编,每年更新,高等教育出版社,,公共课已匹配
资源与环境学院,环境工程,第2学期,303300007037,资源利用与绿色发展,1,必修,,,,,,待查教学大纲（专业课）
资源与环境学院,环境工程,第2学期,303300007038,环境污染与控制,1,必修,,,,,,待查教学大纲（专业课）
资源与环境学院,环境工程,第2学期,303300007039,环境保护与修复,1,必修,,,,,,待查教学大纲（专业课）
资源与环境学院,环境工程,第2学期,303300007040,全球变化与生物多样性,1,必修,,,,,,待查教学大纲（专业课）
资源与环境学院,环境工程,第2学期,303300007041,生态安全与可持续发展,1,必修,,,,,,待查教学大纲（专业课）
资源与环境学院,环境工程,第2学期,3033009404,水土保持与美丽家园,1,必修,,,,,,待查教学大纲（专业课）
资源与环境学院,环境工程,第3学期,314300001008,3社会主义理论体系概论,3,必修,,,,,,待查教学大纲（专业课）
资源与环境学院,环境工程,第3学期,314300001009,3社会主义思想概论,3,必修,,,,,,待查教学大纲（专业课）
资源与环境学院,环境工程,3,,外语类课程,,必修类别,新视野大学英语（第三版·读写教程）,郑树棠,第3版,外语教学与研究出版社,,公共课已匹配
资源与环境学院,环境工程,3,,体育类课程,,必修类别,大学体育（教材）,本校编,最新版,校本教材,,公共课已匹配
资源与环境学院,环境工程,第3学期,310300001022,概率论与数理统计B,3,必修,概率论与数理统计（第五版）,盛骤 谢式千,第5版,高等教育出版社,9787040384876,公共课已匹配
资源与环境学院,环境工程,第3学期,3033009347,生态学基础,2,必修,,,,,,待查教学大纲（专业课）
资源与环境学院,环境工程,第3学期,3033009374,生态学基础实验,1,必修,,,,,,待查教学大纲（专业课）
资源与环境学院,环境工程,第3学期,307300008014,工程实训B,1,必修,,,,,,待查教学大纲（专业课）
资源与环境学院,环境工程,第3学期,310300001028,大学物理B,4,必修,物理学（第七版）,马文蔚,第7版,高等教育出版社,,公共课已匹配
资源与环境学院,环境工程,第3学期,310300001031,大学物理实验,1,必修,物理学（第七版）,马文蔚,第7版,高等教育出版社,,公共课已匹配
资源与环境学院,环境工程,第3学期,303300008042,1周+32环工认识实习1学时劳动,1,必修,,,,,,待查教学大纲（专业课）
资源与环境学院,环境工程,第4学期,314300001007,马克思主义基本原理,3,必修,马克思主义基本原理（2023年版）,本书编写组,2023年版,高等教育出版社,,公共课已匹配
资源与环境学院,环境工程,4,,外语类课程,,必修类别,新视野大学英语（第三版·读写教程）,郑树棠,第3版,外语教学与研究出版社,,公共课已匹配
资源与环境学院,环境工程,4,,体育类课程,,必修类别,大学体育（教材）,本校编,最新版,校本教材,,公共课已匹配
资源与环境学院,环境工程,第4学期,310300001013,物理化学与胶体化学,3,必修,,,,,,待查教学大纲（专业课）
资源与环境学院,环境工程,第4学期,310300001014,物理化学与胶体化学实验,1,必修,,,,,,待查教学大纲（专业课）
资源与环境学院,环境工程,第4学期,303300007081,人工智能在环境科学与工程中的应用,1,必修,,,,,,待查教学大纲（专业课）
资源与环境学院,环境工程,第4学期,3073009242,流体力学,3,必修,,,,,,待查教学大纲（专业课）
资源与环境学院,环境工程,第4学期,303300007048,环境化学B,2,必修,,,,,,待查教学大纲（专业课）
资源与环境学院,环境工程,第4学期,303300009009,环境化学实验,1,必修,,,,,,待查教学大纲（专业课）
资源与环境学院,环境工程,4,,通识课程,,选修类别,,,,,,待查教学大纲（专业课）
资源与环境学院,环境工程,第4学期,9093009903,社会实践,1,必修,,,,,,待查教学大纲（专业课）
资源与环境学院,环境工程,第5学期,303300007082,环境微生物学,2,必修,,,,,,待查教学大纲（专业课）
资源与环境学院,环境工程,第5学期,303300009057,环境微生物学实验,1,必修,,,,,,待查教学大纲（专业课）
资源与环境学院,环境工程,第5学期,3033009239,排水管道工程,2,必修,,,,,,待查教学大纲（专业课）
资源与环境学院,环境工程,第5学期,303300007083,环境监测,4,必修,,,,,,待查教学大纲（专业课）
资源与环境学院,环境工程,第5学期,3033009191,环境工程原理A,4,必修,,,,,,待查教学大纲（专业课）
资源与环境学院,环境工程,5,,通识课程,,选修类别,,,,,,待查教学大纲（专业课）
资源与环境学院,环境工程,第5学期,303300008012,排水管道工程课程设计,1,必修,,,,,,待查教学大纲（专业课）
资源与环境学院,环境工程,第6学期,303300007028,水污染控制工程,3,必修,,,,,,待查教学大纲（专业课）
资源与环境学院,环境工程,第6学期,3033009187,大气污染控制工程,3,必修,,,,,,待查教学大纲（专业课）
资源与环境学院,环境工程,第6学期,303300009022,水污染控制工程实验,1,必修,,,,,,待查教学大纲（专业课）
资源与环境学院,环境工程,第6学期,303300009002,大气污染控制工程实验,1,必修,,,,,,待查教学大纲（专业课）
资源与环境学院,环境工程,第6学期,303300008017,水污染控制工程课程设计,2,必修,,,,,,待查教学大纲（专业课）
资源与环境学院,环境工程,第6学期,303300008001,大气污染控制工程课程设计,1,必修,,,,,,待查教学大纲（专业课）
资源与环境学院,环境工程,第6学期,3033009189,固体废物处理与资源化,3,必修,,,,,,待查教学大纲（专业课）
资源与环境学院,环境工程,第6学期,303300009008,固体废物处理实验,1,必修,,,,,,待查教学大纲（专业课）
资源与环境学院,环境工程,第6学期,303300008004,固体废物处理与资源化课程设计,1,必修,,,,,,待查教学大纲（专业课）
资源与环境学院,环境工程,第7学期,303300009041,环境工程综合实验,2,必修,,,,,,待查教学大纲（专业课）
资源与环境学院,环境工程,第7学期,303300008010,环工生产实习,2,必修,,,,,,待查教学大纲（专业课）
资源与环境学院,环境工程,第8学期,3033009929,毕业论文（设计）67-8学期修读,8,必修,,,,,,待查教学大纲（专业课）
资源与环境学院,环境工程,第8学期,3143009105,形势与政策（二）13-8学期修读,8,必修,形势与政策（最新版）,教育部组编,每年更新,高等教育出版社,,公共课已匹配
资源与环境学院,环境工程,第8学期,3033009925,毕业实习17-8学期修读,8,必修,,,,,,待查教学大纲（专业课）
资源与环境学院,环境工程,第8学期,3143009003,3484261马院OutlineofModernChineseHistory,1,必修,,,,,,待查教学大纲（专业课）
资源与环境学院,环境工程,第8学期,314300001006,3484262马院IdeologyMoralityandRuleofLaw,2,必修,,,,,,待查教学大纲（专业课）
资源与环境学院,环境工程,第8学期,314300001008,BasicTheoryofMaoZedongThought3484083马院,3,必修,,,,,,待查教学大纲（专业课）
资源与环境学院,环境工程,第8学期,314300001009,BasicTheoryofXiJinpingThought3484083马院,3,必修,,,,,,待查教学大纲（专业课）
资源与环境学院,环境工程,第8学期,314300001007,3484264马院BasicKnowledgeofMarxism,4,必修,,,,,,待查教学大纲（专业课）
资源与环境学院,环境工程,第8学期,3143009104,116161-2马院SituationandPolicyEducation(Ⅰ),2,必修,,,,,,待查教学大纲（专业课）
资源与环境学院,环境工程,8,,体育类课程必修，实行选项制，一、二年级要求每学期修满1,,必修类别,大学体育（教材）,本校编,最新版,校本教材,,公共课已匹配
资源与环境学院,环境工程,8,,体育类课程教学详见《华中农业大学体育教学改革实施方案》。,,必修类别,大学体育（教材）,本校编,最新版,校本教材,,公共课已匹配
资源与环境学院,环境工程,第8学期,9093009904,232321MilitaryTheory生院,1,必修,,,,,,待查教学大纲（专业课）
资源与环境学院,环境工程,第8学期,3113009824,116161/2文法WritingandCommunication,2,必修,,,,,,待查教学大纲（专业课）
资源与环境学院,环境工程,第8学期,202300006005,PsychologicalDevelopmentand116162生院,2,必修,,,,,,待查教学大纲（专业课）
资源与环境学院,环境工程,第8学期,9093009774,InnovationandEntrepreneurship116161生院,1,必修,,,,,,待查教学大纲（专业课）
资源与环境学院,环境工程,第8学期,310300001017,微积分A（1）580801信息CalculusA(1),1,必修,高等数学（第七版·上/下册）,同济大学数学系,第7版,高等教育出版社,,公共课已匹配
资源与环境学院,环境工程,第8学期,310300001008,无机及分析化学B464641化学InorganicandAnalyticalChemistry,1,必修,无机及分析化学（第五版）,南京大学《无机及分析化学》编写组,第5版,高等教育出版社,,公共课已匹配
资源与环境学院,环境工程,第8学期,310300001011,ExperimentofInorganicand260601化学,1,必修,,,,,,待查教学大纲（专业课）
资源与环境学院,环境工程,第8学期,310300001032,微积分A（2）580802信息CalculusA（II）,2,必修,高等数学（第七版·上/下册）,同济大学数学系,第7版,高等教育出版社,,公共课已匹配
资源与环境学院,环境工程,第8学期,310300001024,线性代数A348482信息LinearAlgebraA,2,必修,线性代数（第六版）,同济大学数学系,第6版,高等教育出版社,9787040396632,公共课已匹配
资源与环境学院,环境工程,第8学期,310300001002,有机化学B348482化学OrganicChemistryB,2,必修,有机化学（农科类 第三版）,汪小兰,第3版,高等教育出版社,,公共课已匹配
资源与环境学院,环境工程,第8学期,310300001005,有机化学实验B130302化学ExperimentofOrganicChemistryB,2,必修,有机化学（农科类 第三版）,汪小兰,第3版,高等教育出版社,,公共课已匹配
资源与环境学院,环境工程,第8学期,310300001013,348483化学PhysicalandColloidChemistry,3,必修,,,,,,待查教学大纲（专业课）
资源与环境学院,环境工程,第8学期,310300001014,130303化学CollegePhysicsExperiment,3,必修,,,,,,待查教学大纲（专业课）
资源与环境学院,环境工程,第8学期,310300001022,概率论与数理统计B348483信息ProbabilityandStatisticsB,3,必修,概率论与数理统计（第五版）,盛骤 谢式千,第5版,高等教育出版社,9787040384876,公共课已匹配
资源与环境学院,环境工程,第8学期,317300001008,FundamentalsofArtificial232322信息,2,必修,,,,,,待查教学大纲（专业课）
资源与环境学院,环境工程,第8学期,317300001009,ExperimentsontheFundamentalsof130302信息,2,必修,,,,,,待查教学大纲（专业课）
资源与环境学院,环境工程,第8学期,303300007081,ApplicationsofArtificialIntelligencein116165资环,5,必修,,,,,,待查教学大纲（专业课）
资源与环境学院,环境工程,第8学期,3033009342,232321资环EnvironmentalEngineeringDrawing,1,必修,,,,,,待查教学大纲（专业课）
资源与环境学院,环境工程,第8学期,3033009345,PracticeofEnvironmental132321资环,1,必修,,,,,,待查教学大纲（专业课）
资源与环境学院,环境工程,第8学期,3033009347,232324资环FoundationofEcology,4,必修,,,,,,待查教学大纲（专业课）
资源与环境学院,环境工程,第8学期,3033009374,130304资环EcologyExperiment,4,必修,,,,,,待查教学大纲（专业课）
资源与环境学院,环境工程,第8学期,303300007010,240404资环EnvironmentalChemistry,4,必修,,,,,,待查教学大纲（专业课）
资源与环境学院,环境工程,第8学期,303300009055,162304资环ExperimentofEnvironmentalChemistry,4,必修,,,,,,待查教学大纲（专业课）
资源与环境学院,环境工程,第8学期,303300007085,232326资环MethodsforEnvironmentalResearch,6,必修,,,,,,待查教学大纲（专业课）
资源与环境学院,环境工程,第8学期,303300009060,ExperimentsofMethodsfor130306资环,6,必修,,,,,,待查教学大纲（专业课）
资源与环境学院,环境工程,第8学期,303300007086,48540455资环ChemistryofContaminationControl,5,必修,,,,,,待查教学大纲（专业课）
资源与环境学院,环境工程,第8学期,3033009141,环境生物学A348485资环EnvironmentalBiologyA,5,必修,,,,,,待查教学大纲（专业课）
资源与环境学院,环境工程,第8学期,3033009233,环境生物学A实验130305资环EnvironmentalBiologyExperimentA,5,必修,,,,,,待查教学大纲（专业课）
资源与环境学院,环境工程,第8学期,303300007087,232326资环EnvironmentalRemediation,6,必修,,,,,,待查教学大纲（专业课）
资源与环境学院,环境工程,第8学期,303300009056,130306资环EnvironmentalRemediationExperiment,6,必修,,,,,,待查教学大纲（专业课）
资源与环境学院,环境工程,第8学期,303300007083,48540455资环EnvironmentalMonitoring,5,必修,,,,,,待查教学大纲（专业课）
资源与环境学院,环境工程,第8学期,3033009178,环境评价A464646资环EnvironmentalAssessmentA,6,必修,,,,,,待查教学大纲（专业课）
资源与环境学院,环境工程,第8学期,303300007088,464647资环EnvironmentalPlanningandManagement,7,必修,,,,,,待查教学大纲（专业课）
资源与环境学院,环境工程,第8学期,303300007037,Resourcesutilizationandgreen116162资环,2,必修,,,,,,待查教学大纲（专业课）
资源与环境学院,环境工程,第8学期,303300007038,新生研讨课2—环境污染与控制116162资环Environmentalpollutionandcontrol,2,必修,,,,,,待查教学大纲（专业课）
资源与环境学院,环境工程,第8学期,303300007039,新生研讨课3—环境保护与修复116162资环Environmentalprotectionandrestoration,2,必修,,,,,,待查教学大纲（专业课）
资源与环境学院,环境工程,第8学期,3033009404,Soil-WaterConservationand116162资环,2,必修,,,,,,待查教学大纲（专业课）
资源与环境学院,环境工程,第8学期,3033009312,232323资环IntroductiontoEnvironmentalScience,3,必修,,,,,,待查教学大纲（专业课）
资源与环境学院,环境工程,第8学期,3033009234,232324资环EnvironmentalToxicology,4,必修,,,,,,待查教学大纲（专业课）
资源与环境学院,环境工程,第8学期,3033009322,Experimentof130304资环,4,必修,,,,,,待查教学大纲（专业课）
资源与环境学院,环境工程,第8学期,303300007011,TechnologyWritingof232327资环,7,必修,,,,,,待查教学大纲（专业课）
资源与环境学院,环境工程,第8学期,3033009288,232325资环AgriculturalWasteEnergyTechnologies,5,必修,,,,,,待查教学大纲（专业课）
资源与环境学院,环境工程,第8学期,303300007029,WaterResourcesUtilization232325资环,5,必修,,,,,,待查教学大纲（专业课）
资源与环境学院,环境工程,第8学期,3033009286,232325资环PrinciplesofCleanerProduction,5,必修,,,,,,待查教学大纲（专业课）
资源与环境学院,环境工程,第8学期,303300007051,232327资环Environmentalprotectionlaws,7,必修,,,,,,待查教学大纲（专业课）
资源与环境学院,环境工程,第8学期,3033009357,34836126资环EnvironmentalEngineering,6,必修,,,,,,待查教学大纲（专业课）
资源与环境学院,环境工程,第8学期,303300007013,232326资环EnvironmentalSoilScienceA,6,必修,,,,,,待查教学大纲（专业课）
资源与环境学院,环境工程,第8学期,303300007032,andRemediation232326资环,6,必修,,,,,,待查教学大纲（专业课）
资源与环境学院,环境工程,第8学期,3033009230,348486资环EnvironmentalEconomics,6,必修,,,,,,待查教学大纲（专业课）
资源与环境学院,环境工程,第8学期,3033009152,232324资环InstrumentalAnalysis,4,必修,,,,,,待查教学大纲（专业课）
资源与环境学院,环境工程,第8学期,303300009029,130304资环ExperimentofInstrumentalAnalysis,4,必修,,,,,,待查教学大纲（专业课）
资源与环境学院,环境工程,第8学期,303300007005,WaterPollutionControlEngineering232327资环水污染控制工程（全英文）,7,必修,,,,,,待查教学大纲（专业课）
资源与环境学院,环境工程,第8学期,9093009905,231Militaryskills生院,1,必修,,,,,,待查教学大纲（专业课）
资源与环境学院,环境工程,第8学期,9093009906,Innovationand11-7生院,7,必修,,,,,,待查教学大纲（专业课）
资源与环境学院,环境工程,第8学期,202300008001,ThePracticeofMentalHealth1302生院,2,必修,,,,,,待查教学大纲（专业课）
资源与环境学院,环境工程,第8学期,3143009105,实践SituationandPolicy1303-8马院,8,必修,,,,,,待查教学大纲（专业课）
资源与环境学院,环境工程,第8学期,9093009903,114团委SocialPractice,4,必修,,,,,,待查教学大纲（专业课）
资源与环境学院,环境工程,第8学期,110300008001,1301-7团委VolunteerService,7,必修,,,,,,待查教学大纲（专业课）
资源与环境学院,环境工程,第8学期,110300008002,11-7团委AestheticPractice,7,必修,,,,,,待查教学大纲（专业课）
资源与环境学院,环境工程,第8学期,303300008025,114资环CognitionPractice,4,必修,,,,,,待查教学大纲（专业课）
资源与环境学院,环境工程,第8学期,303300008036,Practicefor116资环,6,必修,,,,,,待查教学大纲（专业课）
资源与环境学院,环境工程,第8学期,303300008037,EnvironmentalPlanning117资环,7,必修,,,,,,待查教学大纲（专业课）
资源与环境学院,环境工程,第8学期,303300008038,115资环CleanerProductionInternship,5,必修,,,,,,待查教学大纲（专业课）
资源与环境学院,环境工程,第8学期,303300008026,实践227资环PracticalTraining,7,必修,,,,,,待查教学大纲（专业课）
资源与环境学院,环境工程,第8学期,3033009925,127-8资环Internship,8,必修,,,,,,待查教学大纲（专业课）
资源与环境学院,环境工程,第8学期,3033009007,6127-8资环GraduationThesis,8,必修,,,,,,待查教学大纲（专业课）
资源与环境学院,环境科学,第1学期,3143009003,中国近现代史纲要,3,必修,中国近现代史纲要（2023年版）,本书编写组,2023年版,高等教育出版社,,公共课已匹配
资源与环境学院,环境科学,1,,外语类课程,,必修类别,新视野大学英语（第三版·读写教程）,郑树棠,第3版,外语教学与研究出版社,,公共课已匹配
资源与环境学院,环境科学,1,,体育类课程,,必修类别,大学体育（教材）,本校编,最新版,校本教材,,公共课已匹配
资源与环境学院,环境科学,第1学期,310300001017,微积分A（1）,5,必修,高等数学（第七版·上/下册）,同济大学数学系,第7版,高等教育出版社,,公共课已匹配
资源与环境学院,环境科学,第1学期,310300001008,无机及分析化学B,4,必修,无机及分析化学（第五版）,南京大学《无机及分析化学》编写组,第5版,高等教育出版社,,公共课已匹配
资源与环境学院,环境科学,第1学期,310300001011,无机及分析化学实验B,2,必修,无机及分析化学（第五版）,南京大学《无机及分析化学》编写组,第5版,高等教育出版社,,公共课已匹配
资源与环境学院,环境科学,第1学期,3033009342,环境工程制图,2,必修,,,,,,待查教学大纲（专业课）
资源与环境学院,环境科学,第1学期,3033009345,环境工程制图实践,1,必修,,,,,,待查教学大纲（专业课）
资源与环境学院,环境科学,第1学期,9093009774,大学生创新创业基础,1,必修,大学生创新创业基础,本校编,最新版,高等教育出版社,,公共课已匹配
资源与环境学院,环境科学,第1学期,9093009904,军事理论,2,必修,军事理论课教程,教育部军委国防动员部,2023版,高等教育出版社,,公共课已匹配
资源与环境学院,环境科学,第1学期,9093009905,军事技能,2,必修,军事训练教程,教育部军委国防动员部,2023版,高等教育出版社,,公共课已匹配
资源与环境学院,环境科学,第1学期,3113009824,写作与沟通1第一学年修读,1,必修,写作与沟通,马工程/本校编,最新版,高等教育出版社,,公共课已匹配
资源与环境学院,环境科学,第1学期,3143009104,形势与政策（一）第一学年修读,,必修,形势与政策（最新版）,教育部组编,每年更新,高等教育出版社,,公共课已匹配
资源与环境学院,环境科学,第2学期,314300001006,思想道德与法治,3,必修,思想道德与法治（2023年版）,本书编写组,2023年版,高等教育出版社,,公共课已匹配
资源与环境学院,环境科学,2,,外语类课程,,必修类别,新视野大学英语（第三版·读写教程）,郑树棠,第3版,外语教学与研究出版社,,公共课已匹配
资源与环境学院,环境科学,2,,体育类课程,,必修类别,大学体育（教材）,本校编,最新版,校本教材,,公共课已匹配
资源与环境学院,环境科学,第2学期,310300001032,微积分A（2）,5,必修,高等数学（第七版·上/下册）,同济大学数学系,第7版,高等教育出版社,,公共课已匹配
资源与环境学院,环境科学,第2学期,310300001024,线性代数A,3,必修,线性代数（第六版）,同济大学数学系,第6版,高等教育出版社,9787040396632,公共课已匹配
资源与环境学院,环境科学,第2学期,310300001002,有机化学B,3,必修,有机化学（农科类 第三版）,汪小兰,第3版,高等教育出版社,,公共课已匹配
资源与环境学院,环境科学,第2学期,310300001005,有机化学实验B,1,必修,有机化学（农科类 第三版）,汪小兰,第3版,高等教育出版社,,公共课已匹配
资源与环境学院,环境科学,第2学期,202300006005,大学生心理发展与指导,1,必修,大学生心理健康教育,郑日昌,最新版,高等教育出版社,,公共课已匹配
资源与环境学院,环境科学,第2学期,202300008001,大学生心理素质拓展,1,必修,大学生心理健康教育,郑日昌,最新版,高等教育出版社,,公共课已匹配
资源与环境学院,环境科学,第2学期,317300001008,人工智能应用基础,2,必修,人工智能基础（通识）,大学计算机课程教指委,最新版,高等教育出版社,,公共课已匹配
资源与环境学院,环境科学,第2学期,317300001009,人工智能应用基础实验,1,必修,人工智能基础（通识）,大学计算机课程教指委,最新版,高等教育出版社,,公共课已匹配
资源与环境学院,环境科学,第2学期,3143009104,形势与政策（一）1第一学年修读,1,必修,形势与政策（最新版）,教育部组编,每年更新,高等教育出版社,,公共课已匹配
资源与环境学院,环境科学,第2学期,303300007037,资源利用与绿色发展,1,必修,,,,,,待查教学大纲（专业课）
资源与环境学院,环境科学,第2学期,303300007038,环境污染与控制,1,必修,,,,,,待查教学大纲（专业课）
资源与环境学院,环境科学,第2学期,303300007039,环境保护与修复,1,必修,,,,,,待查教学大纲（专业课）
资源与环境学院,环境科学,第2学期,3033009404,水土保持与美丽家园,1,必修,,,,,,待查教学大纲（专业课）
资源与环境学院,环境科学,第3学期,314300001008,3社会主义理论体系概论,3,必修,,,,,,待查教学大纲（专业课）
资源与环境学院,环境科学,第3学期,314300001009,3社会主义思想概论,3,必修,,,,,,待查教学大纲（专业课）
资源与环境学院,环境科学,第3学期,310300001013,物理化学与胶体化学,3,必修,,,,,,待查教学大纲（专业课）
资源与环境学院,环境科学,第3学期,310300001014,物理化学与胶体化学实验,1,必修,,,,,,待查教学大纲（专业课）
资源与环境学院,环境科学,第3学期,310300001022,概率论与数理统计B,3,必修,概率论与数理统计（第五版）,盛骤 谢式千,第5版,高等教育出版社,9787040384876,公共课已匹配
资源与环境学院,环境科学,3,,外语类课程,,必修类别,新视野大学英语（第三版·读写教程）,郑树棠,第3版,外语教学与研究出版社,,公共课已匹配
资源与环境学院,环境科学,3,,体育类课程,,必修类别,大学体育（教材）,本校编,最新版,校本教材,,公共课已匹配
资源与环境学院,环境科学,第4学期,314300001007,马克思主义基本原理,3,必修,马克思主义基本原理（2023年版）,本书编写组,2023年版,高等教育出版社,,公共课已匹配
资源与环境学院,环境科学,第4学期,303300007084,环境化学,3,必修,,,,,,待查教学大纲（专业课）
资源与环境学院,环境科学,第4学期,303300009055,环境化学实验,1,必修,,,,,,待查教学大纲（专业课）
资源与环境学院,环境科学,第4学期,3033009347,生态学基础,2,必修,,,,,,待查教学大纲（专业课）
资源与环境学院,环境科学,第4学期,3033009374,生态学基础实验,1,必修,,,,,,待查教学大纲（专业课）
资源与环境学院,环境科学,第4学期,303300008025,环科认识实习,1,必修,,,,,,待查教学大纲（专业课）
资源与环境学院,环境科学,4,,外语类课程,,必修类别,新视野大学英语（第三版·读写教程）,郑树棠,第3版,外语教学与研究出版社,,公共课已匹配
资源与环境学院,环境科学,4,,体育类课程,,必修类别,大学体育（教材）,本校编,最新版,校本教材,,公共课已匹配
资源与环境学院,环境科学,第5学期,303300007086,污染控制化学,4,必修,,,,,,待查教学大纲（专业课）
资源与环境学院,环境科学,第5学期,3033009141,环境生物学A,3,必修,,,,,,待查教学大纲（专业课）
资源与环境学院,环境科学,第5学期,3033009233,环境生物学A实验,1,必修,,,,,,待查教学大纲（专业课）
资源与环境学院,环境科学,第5学期,303300007083,环境监测,4,必修,,,,,,待查教学大纲（专业课）
资源与环境学院,环境科学,第5学期,303300007081,1与工程中的应用,1,必修,,,,,,待查教学大纲（专业课）
资源与环境学院,环境科学,第5学期,303300008038,清洁生产实习,1,必修,,,,,,待查教学大纲（专业课）
资源与环境学院,环境科学,第6学期,303300007087,污染环境修复,2,必修,,,,,,待查教学大纲（专业课）
资源与环境学院,环境科学,第6学期,303300009056,污染环境修复实验,1,必修,,,,,,待查教学大纲（专业课）
资源与环境学院,环境科学,第6学期,3033009178,环境评价A,4,必修,,,,,,待查教学大纲（专业课）
资源与环境学院,环境科学,第6学期,303300008036,环境评价课程实习,1,必修,,,,,,待查教学大纲（专业课）
资源与环境学院,环境科学,第6学期,303300007085,环境研究法,2,必修,,,,,,待查教学大纲（专业课）
资源与环境学院,环境科学,第6学期,303300009060,环境研究法实验,1,必修,,,,,,待查教学大纲（专业课）
资源与环境学院,环境科学,第7学期,303300007088,环境规划与管理,4,必修,,,,,,待查教学大纲（专业课）
资源与环境学院,环境科学,第7学期,303300008037,环境规划课程实习,1,必修,,,,,,待查教学大纲（专业课）
资源与环境学院,环境科学,第7学期,303300008026,环科生产实习,2,必修,,,,,,待查教学大纲（专业课）
资源与环境学院,环境科学,第8学期,3033009007,毕业论文6第7-8学期进行,8,必修,,,,,,待查教学大纲（专业课）
资源与环境学院,环境科学,第8学期,3033009925,毕业实习1第7-8学期进行,8,必修,,,,,,待查教学大纲（专业课）
资源与环境学院,环境科学,第8学期,3143009105,形势与政策（二）1第3-8学期修读,8,必修,形势与政策（最新版）,教育部组编,每年更新,高等教育出版社,,公共课已匹配
资源与环境学院,环境科学,第8学期,3143009003,3484261马院OutlineofModernChineseHistory,1,必修,,,,,,待查教学大纲（专业课）
资源与环境学院,环境科学,第8学期,314300001006,3484262马院IdeologyMoralityandRuleofLaw,2,必修,,,,,,待查教学大纲（专业课）
资源与环境学院,环境科学,第8学期,314300001008,BasicTheoryofMaoZedongThought3484083马院,3,必修,,,,,,待查教学大纲（专业课）
资源与环境学院,环境科学,第8学期,314300001009,BasicTheoryofXiJinpingThought3484083马院,3,必修,,,,,,待查教学大纲（专业课）
资源与环境学院,环境科学,第8学期,314300001007,3484264马院BasicKnowledgeofMarxism,4,必修,,,,,,待查教学大纲（专业课）
资源与环境学院,环境科学,第8学期,3143009104,116161-2马院SituationandPolicyEducation(Ⅰ),2,必修,,,,,,待查教学大纲（专业课）
资源与环境学院,环境科学,8,,体育类课程必修，实行选项制，一、二年级要求每学期修满1,,必修类别,大学体育（教材）,本校编,最新版,校本教材,,公共课已匹配
资源与环境学院,环境科学,8,,体育类课程教学详见《华中农业大学体育教学改革实施方案》。,,必修类别,大学体育（教材）,本校编,最新版,校本教材,,公共课已匹配
资源与环境学院,环境科学,第8学期,9093009904,232321MilitaryTheory生院,1,必修,,,,,,待查教学大纲（专业课）
资源与环境学院,环境科学,第8学期,3113009824,116161/2文法WritingandCommunication,2,必修,,,,,,待查教学大纲（专业课）
资源与环境学院,环境科学,第8学期,202300006005,PsychologicalDevelopmentand116162生院,2,必修,,,,,,待查教学大纲（专业课）
资源与环境学院,环境科学,第8学期,9093009774,InnovationandEntrepreneurship116161生院,1,必修,,,,,,待查教学大纲（专业课）
资源与环境学院,环境科学,第8学期,310300001017,微积分A（1）580801信息CalculusA(1),1,必修,高等数学（第七版·上/下册）,同济大学数学系,第7版,高等教育出版社,,公共课已匹配
资源与环境学院,环境科学,第8学期,310300001008,无机及分析化学B464641化学InorganicandAnalyticalChemistry,1,必修,无机及分析化学（第五版）,南京大学《无机及分析化学》编写组,第5版,高等教育出版社,,公共课已匹配
资源与环境学院,环境科学,第8学期,310300001011,ExperimentofInorganicand260601化学,1,必修,,,,,,待查教学大纲（专业课）
资源与环境学院,环境科学,第8学期,310300001032,微积分A(2)580802信息Calculus(II),2,必修,高等数学（第七版·上/下册）,同济大学数学系,第7版,高等教育出版社,,公共课已匹配
资源与环境学院,环境科学,第8学期,310300001024,线性代数A348482信息LinearAlgebraA,2,必修,线性代数（第六版）,同济大学数学系,第6版,高等教育出版社,9787040396632,公共课已匹配
资源与环境学院,环境科学,第8学期,310300001002,有机化学B348482化学OrganicChemistryB,2,必修,有机化学（农科类 第三版）,汪小兰,第3版,高等教育出版社,,公共课已匹配
资源与环境学院,环境科学,第8学期,310300001005,有机化学实验B130302化学ExperimentofOrganicChemistryB,2,必修,有机化学（农科类 第三版）,汪小兰,第3版,高等教育出版社,,公共课已匹配
资源与环境学院,环境科学,第8学期,310300001022,概率论与数理统计B348483信息ProbabilityandStatisticsB,3,必修,概率论与数理统计（第五版）,盛骤 谢式千,第5版,高等教育出版社,9787040384876,公共课已匹配
资源与环境学院,环境科学,第8学期,310300001028,大学物理B464643工学CollegePhysicsB,3,必修,物理学（第七版）,马文蔚,第7版,高等教育出版社,,公共课已匹配
资源与环境学院,环境科学,第8学期,310300001031,130303工学CollegePhysicsExperiment,3,必修,,,,,,待查教学大纲（专业课）
资源与环境学院,环境科学,第8学期,317300001008,FundamentalsofArtificial232322信息,2,必修,,,,,,待查教学大纲（专业课）
资源与环境学院,环境科学,第8学期,317300001009,ExperimentsontheFundamentals130302信息,2,必修,,,,,,待查教学大纲（专业课）
资源与环境学院,环境科学,第8学期,303300009042,130306资环SmartSoilandWaterConservation,6,必修,,,,,,待查教学大纲（专业课）
资源与环境学院,环境科学,第8学期,303300007007,PrincipleofGeographical23220124资环,4,必修,,,,,,待查教学大纲（专业课）
资源与环境学院,环境科学,第8学期,3033009342,232321资环EnvironmentalEngineeringDrawing,1,必修,,,,,,待查教学大纲（专业课）
资源与环境学院,环境科学,第8学期,3033009345,PracticeofEnvironmental132321资环,1,必修,,,,,,待查教学大纲（专业课）
资源与环境学院,环境科学,第8学期,3033009347,232323资环FoundationofEcology,3,必修,,,,,,待查教学大纲（专业课）
资源与环境学院,环境科学,第8学期,3033009374,130303资环EcologyExperiment,3,必修,,,,,,待查教学大纲（专业课）
资源与环境学院,环境科学,第8学期,303300007089,Fundamentalsof464643资环,3,必修,,,,,,待查教学大纲（专业课）
资源与环境学院,环境科学,第8学期,303300007090,环境土壤学B232324资环EnvironmentalPedologyB,4,必修,,,,,,待查教学大纲（专业课）
资源与环境学院,环境科学,第8学期,303300009045,环境土壤学B实验130304资环ExperimentofEnvironmentalPedology,4,必修,,,,,,待查教学大纲（专业课）
资源与环境学院,环境科学,第8学期,303300007091,34848304资环PrincipleofSoilErosion,4,必修,,,,,,待查教学大纲（专业课）
资源与环境学院,环境科学,第8学期,303300009046,138304资环SoilErosionExperiments,4,必修,,,,,,待查教学大纲（专业课）
资源与环境学院,环境科学,第8学期,303300007092,348485资环EnvironmentalEcologicalEngineering,5,必修,,,,,,待查教学大纲（专业课）
资源与环境学院,环境科学,第8学期,303300009047,130305资环ExperimentofEcologicalEngineering,5,必修,,,,,,待查教学大纲（专业课）
资源与环境学院,环境科学,第8学期,303300007083,48540455资环EnvironmentalMonitoring,5,必修,,,,,,待查教学大纲（专业课）
资源与环境学院,环境科学,第8学期,303300007093,Forestryecologyandsoiland464645资环,5,必修,,,,,,待查教学大纲（专业课）
资源与环境学院,环境科学,第8学期,303300007094,环境工程学A348486资环PrincipleofEnvironmentalEngineeringA,6,必修,,,,,,待查教学大纲（专业课）
资源与环境学院,环境科学,第8学期,303300009048,ExperimentofEnvironmental130306资环,6,必修,,,,,,待查教学大纲（专业课）
资源与环境学院,环境科学,第8学期,303300007095,SoilandWaterResourceSurvey464646资环,6,必修,,,,,,待查教学大纲（专业课）
资源与环境学院,环境科学,第8学期,303300009059,WaterandSoilResourceSurvey138306资环,6,必修,,,,,,待查教学大纲（专业课）
资源与环境学院,环境科学,第8学期,303300007037,Resourcesutilizationand116162资环,2,必修,,,,,,待查教学大纲（专业课）
资源与环境学院,环境科学,第8学期,303300007039,新生研讨课—环境保护与修复116162资环Environmentalprotectionandrestoration,2,必修,,,,,,待查教学大纲（专业课）
资源与环境学院,环境科学,第8学期,303300009017,DesignandAnalysisof260604资环,4,必修,,,,,,待查教学大纲（专业课）
资源与环境学院,环境科学,第8学期,303300007096,232324资环PlantEcology,4,必修,,,,,,待查教学大纲（专业课）
资源与环境学院,环境科学,第8学期,3033009433,34832164资环MethodsofEnvironmentalResearch,4,必修,,,,,,待查教学大纲（专业课）
资源与环境学院,环境科学,第8学期,3033009440,232325资环MicrobialEcology,5,必修,,,,,,待查教学大纲（专业课）
资源与环境学院,环境科学,第8学期,315300007040,232325公管Irrigation&Drainage,5,必修,,,,,,待查教学大纲（专业课）
资源与环境学院,环境科学,第8学期,3033009432,232326资环LandscapeEcology,6,必修,,,,,,待查教学大纲（专业课）
资源与环境学院,环境科学,第8学期,303300009013,130306资环ExperimentofLandscapeEcology,6,必修,,,,,,待查教学大纲（专业课）
资源与环境学院,环境科学,第8学期,303300007038,新生研讨课—环境污染与控制116162资环Environmentalpollutionandcontrol,2,必修,,,,,,待查教学大纲（专业课）
资源与环境学院,环境科学,第8学期,3033009404,Soil-WaterConservationand116162资环,2,必修,,,,,,待查教学大纲（专业课）
资源与环境学院,环境科学,第8学期,307300007098,232323工学Hydraulics,3,必修,,,,,,待查教学大纲（专业课）
资源与环境学院,环境科学,第8学期,315300007246,数字测量学C232323公管DigitalSurveyingC,3,必修,,,,,,待查教学大纲（专业课）
资源与环境学院,环境科学,第8学期,315300009036,130303公管Experimentofdigitalsurveying,3,必修,,,,,,待查教学大纲（专业课）
资源与环境学院,环境科学,第8学期,3033009332,232323资环SoilMechanics,3,必修,,,,,,待查教学大纲（专业课）
资源与环境学院,环境科学,第8学期,303300007042,遥感导论B34832164资环IntroductiontoRemoteSensing,4,必修,,,,,,待查教学大纲（专业课）
资源与环境学院,环境科学,第8学期,303300009061,SoilandWaterConservation130305资环,5,必修,,,,,,待查教学大纲（专业课）
资源与环境学院,环境科学,第8学期,303300007032,"SoilDegradation,Conservation232325资环",5,必修,,,,,,待查教学大纲（专业课）
资源与环境学院,环境科学,第8学期,3033009353,2322485资环EcologicalremediationEngineering,5,必修,,,,,,待查教学大纲（专业课）
资源与环境学院,环境科学,第8学期,3033009312,2326资环IntroductiontoEnvironmentalScience,6,必修,,,,,,待查教学大纲（专业课）
资源与环境学院,环境科学,第8学期,3033009240,232326资环EnvironmentalEngineeringBudgetary,6,必修,,,,,,待查教学大纲（专业课）
资源与环境学院,环境科学,第8学期,303300007010,240406资环EnvironmentalChemistry,6,必修,,,,,,待查教学大纲（专业课）
资源与环境学院,环境科学,第8学期,303300009009,130306资环ExperimentofEnvironmentalChemistry,6,必修,,,,,,待查教学大纲（专业课）
资源与环境学院,环境科学,第8学期,3033009313,232327资环EnvironmentalManagement,7,必修,,,,,,待查教学大纲（专业课）
资源与环境学院,环境科学,第8学期,9093009905,231Militaryskills生院,1,必修,,,,,,待查教学大纲（专业课）
资源与环境学院,环境科学,第8学期,9093009906,Innovationand11-7生院,7,必修,,,,,,待查教学大纲（专业课）
资源与环境学院,环境科学,第8学期,202300008001,ThePracticeofMentalHealth1302生院,2,必修,,,,,,待查教学大纲（专业课）
资源与环境学院,环境科学,第8学期,3143009105,实践形势与政策（二）1303-8马院SituationandPolicyEducation(Ⅱ),8,必修,形势与政策（最新版）,教育部组编,每年更新,高等教育出版社,,公共课已匹配
资源与环境学院,环境科学,第8学期,9093009903,114团委SocialPractice,4,必修,,,,,,待查教学大纲（专业课）
资源与环境学院,环境科学,第8学期,110300008001,1301-7团委VolunteerService,7,必修,,,,,,待查教学大纲（专业课）
资源与环境学院,环境科学,第8学期,110300008002,11-7团委AestheticPractice,7,必修,,,,,,待查教学大纲（专业课）
资源与环境学院,环境科学,第8学期,303300008039,PracticeinFundamentalsof114资环,4,必修,,,,,,待查教学大纲（专业课）
资源与环境学院,环境科学,第8学期,303300008040,2周+8学PracticeforSoilandWater25资环时劳动,5,必修,,,,,,待查教学大纲（专业课）
资源与环境学院,环境科学,第8学期,303300008016,PracticeforSoilandWater22周7资环,7,必修,,,,,,待查教学大纲（专业课）
资源与环境学院,环境科学,第8学期,303300008041,Comprehensivepracticeof4周+8学47资环environmentalecological时劳动,7,必修,,,,,,待查教学大纲（专业课）
资源与环境学院,环境科学,第8学期,3033009925,127-8资环Internship,8,必修,,,,,,待查教学大纲（专业课）
资源与环境学院,环境科学,第8学期,3033009929,6127-8资环GraduationThesis,8,必修,,,,,,待查教学大纲（专业课）
资源与环境学院,环境生态工程,第1学期,3143009003,中国近代史纲要,3,必修,,,,,,待查教学大纲（专业课）
资源与环境学院,环境生态工程,1,,外语类课程,,必修类别,新视野大学英语（第三版·读写教程）,郑树棠,第3版,外语教学与研究出版社,,公共课已匹配
资源与环境学院,环境生态工程,1,,体育类课程,,必修类别,大学体育（教材）,本校编,最新版,校本教材,,公共课已匹配
资源与环境学院,环境生态工程,第1学期,310300001017,微积分A（1）,5,必修,高等数学（第七版·上/下册）,同济大学数学系,第7版,高等教育出版社,,公共课已匹配
资源与环境学院,环境生态工程,第1学期,310300001008,无机及分析化学B,4,必修,无机及分析化学（第五版）,南京大学《无机及分析化学》编写组,第5版,高等教育出版社,,公共课已匹配
资源与环境学院,环境生态工程,第1学期,310300001011,无机及分析化学实验B,2,必修,无机及分析化学（第五版）,南京大学《无机及分析化学》编写组,第5版,高等教育出版社,,公共课已匹配
资源与环境学院,环境生态工程,第1学期,3033009342,环境工程制图,2,必修,,,,,,待查教学大纲（专业课）
资源与环境学院,环境生态工程,第1学期,3033009345,环境工程制图实践,1,必修,,,,,,待查教学大纲（专业课）
资源与环境学院,环境生态工程,第1学期,3113009824,写作与沟通1第一年修读,1,必修,写作与沟通,马工程/本校编,最新版,高等教育出版社,,公共课已匹配
资源与环境学院,环境生态工程,第1学期,9093009774,大学生创新创业基础,1,必修,大学生创新创业基础,本校编,最新版,高等教育出版社,,公共课已匹配
资源与环境学院,环境生态工程,第1学期,9093009904,军事理论,2,必修,军事理论课教程,教育部军委国防动员部,2023版,高等教育出版社,,公共课已匹配
资源与环境学院,环境生态工程,第1学期,9093009905,军事技能,2,必修,军事训练教程,教育部军委国防动员部,2023版,高等教育出版社,,公共课已匹配
资源与环境学院,环境生态工程,第1学期,3143009104,形势与政策（一）第一学年修读,,必修,形势与政策（最新版）,教育部组编,每年更新,高等教育出版社,,公共课已匹配
资源与环境学院,环境生态工程,第2学期,314300001006,思想道德与法治,3,必修,思想道德与法治（2023年版）,本书编写组,2023年版,高等教育出版社,,公共课已匹配
资源与环境学院,环境生态工程,2,,外语类课程,,必修类别,新视野大学英语（第三版·读写教程）,郑树棠,第3版,外语教学与研究出版社,,公共课已匹配
资源与环境学院,环境生态工程,2,,体育类课程,,必修类别,大学体育（教材）,本校编,最新版,校本教材,,公共课已匹配
资源与环境学院,环境生态工程,第2学期,310300001032,微积分A（2）,5,必修,高等数学（第七版·上/下册）,同济大学数学系,第7版,高等教育出版社,,公共课已匹配
资源与环境学院,环境生态工程,第2学期,310300001024,线性代数A,3,必修,线性代数（第六版）,同济大学数学系,第6版,高等教育出版社,9787040396632,公共课已匹配
资源与环境学院,环境生态工程,第2学期,310300001002,有机化学B,3,必修,有机化学（农科类 第三版）,汪小兰,第3版,高等教育出版社,,公共课已匹配
资源与环境学院,环境生态工程,第2学期,310300001005,有机化学实验B,1,必修,有机化学（农科类 第三版）,汪小兰,第3版,高等教育出版社,,公共课已匹配
资源与环境学院,环境生态工程,第2学期,202300006005,大学生心理发展与指导,1,必修,大学生心理健康教育,郑日昌,最新版,高等教育出版社,,公共课已匹配
资源与环境学院,环境生态工程,第2学期,202300008001,大学生心理素质拓展,1,必修,大学生心理健康教育,郑日昌,最新版,高等教育出版社,,公共课已匹配
资源与环境学院,环境生态工程,第2学期,317300001008,人工智能应用基础,2,必修,人工智能基础（通识）,大学计算机课程教指委,最新版,高等教育出版社,,公共课已匹配
资源与环境学院,环境生态工程,第2学期,317300001009,人工智能应用基础实验,1,必修,人工智能基础（通识）,大学计算机课程教指委,最新版,高等教育出版社,,公共课已匹配
资源与环境学院,环境生态工程,第2学期,3143009104,形势与政策（一）1第一学年修读,1,必修,形势与政策（最新版）,教育部组编,每年更新,高等教育出版社,,公共课已匹配
资源与环境学院,环境生态工程,第2学期,303300007037,资源利用与绿色发展,1,必修,,,,,,待查教学大纲（专业课）
资源与环境学院,环境生态工程,第2学期,303300007038,环境污染与控制,1,必修,,,,,,待查教学大纲（专业课）
资源与环境学院,环境生态工程,第2学期,303300007039,环境保护与修复,1,必修,,,,,,待查教学大纲（专业课）
资源与环境学院,环境生态工程,第2学期,3033009404,水土保持与美丽家园,1,必修,,,,,,待查教学大纲（专业课）
资源与环境学院,环境生态工程,第3学期,314300001008,3社会主义理论体系概论,3,必修,,,,,,待查教学大纲（专业课）
资源与环境学院,环境生态工程,第3学期,314300001009,3社会主义思想概论,3,必修,,,,,,待查教学大纲（专业课）
资源与环境学院,环境生态工程,第3学期,310300001022,概率论与数理统计B,3,必修,概率论与数理统计（第五版）,盛骤 谢式千,第5版,高等教育出版社,9787040384876,公共课已匹配
资源与环境学院,环境生态工程,第3学期,310300001028,大学物理B,4,必修,物理学（第七版）,马文蔚,第7版,高等教育出版社,,公共课已匹配
资源与环境学院,环境生态工程,第3学期,310300001031,大学物理学实验,1,必修,物理学（第七版）,马文蔚,第7版,高等教育出版社,,公共课已匹配
资源与环境学院,环境生态工程,第3学期,3033009347,生态学基础,2,必修,,,,,,待查教学大纲（专业课）
资源与环境学院,环境生态工程,第3学期,3033009374,生态学基础实验,1,必修,,,,,,待查教学大纲（专业课）
资源与环境学院,环境生态工程,第3学期,303300007089,环境地学基础,4,必修,,,,,,待查教学大纲（专业课）
资源与环境学院,环境生态工程,3,,外语类课程,,必修类别,新视野大学英语（第三版·读写教程）,郑树棠,第3版,外语教学与研究出版社,,公共课已匹配
资源与环境学院,环境生态工程,3,,体育类课程,,必修类别,大学体育（教材）,本校编,最新版,校本教材,,公共课已匹配
资源与环境学院,环境生态工程,第4学期,314300001007,马克思主义基本原理,3,必修,马克思主义基本原理（2023年版）,本书编写组,2023年版,高等教育出版社,,公共课已匹配
资源与环境学院,环境生态工程,第4学期,303300007090,环境土壤学B,2,必修,,,,,,待查教学大纲（专业课）
资源与环境学院,环境生态工程,第4学期,303300009045,环境土壤学B实验,1,必修,,,,,,待查教学大纲（专业课）
资源与环境学院,环境生态工程,第4学期,303300007091,土壤侵蚀原理,3,必修,,,,,,待查教学大纲（专业课）
资源与环境学院,环境生态工程,第4学期,303300009046,土壤侵蚀类实验,1,必修,,,,,,待查教学大纲（专业课）
资源与环境学院,环境生态工程,第4学期,303300007007,地理信息系统原理B,2,必修,,,,,,待查教学大纲（专业课）
资源与环境学院,环境生态工程,第4学期,303300008039,环境地学基础实习,1,必修,,,,,,待查教学大纲（专业课）
资源与环境学院,环境生态工程,4,,外语类课程,,必修类别,新视野大学英语（第三版·读写教程）,郑树棠,第3版,外语教学与研究出版社,,公共课已匹配
资源与环境学院,环境生态工程,4,,体育类课程,,必修类别,大学体育（教材）,本校编,最新版,校本教材,,公共课已匹配
资源与环境学院,环境生态工程,第5学期,303300007092,环境生态工程,3,必修,,,,,,待查教学大纲（专业课）
资源与环境学院,环境生态工程,第5学期,303300009047,环境生态工程实验,1,必修,,,,,,待查教学大纲（专业课）
资源与环境学院,环境生态工程,第5学期,303300007083,环境监测,4,必修,,,,,,待查教学大纲（专业课）
资源与环境学院,环境生态工程,第5学期,303300007093,林业生态与水土保持工程,4,必修,,,,,,待查教学大纲（专业课）
资源与环境学院,环境生态工程,第5学期,303300008040,水土保持工程实习,2,必修,,,,,,待查教学大纲（专业课）
资源与环境学院,环境生态工程,5,,通识课程,,选修类别,,,,,,待查教学大纲（专业课）
资源与环境学院,环境生态工程,第6学期,303300007094,环境工程学A,3,必修,,,,,,待查教学大纲（专业课）
资源与环境学院,环境生态工程,第6学期,303300009048,环境工程学A实验,1,必修,,,,,,待查教学大纲（专业课）
资源与环境学院,环境生态工程,第6学期,303300007095,水土资源调查与规划,4,必修,,,,,,待查教学大纲（专业课）
资源与环境学院,环境生态工程,第6学期,303300009059,水土资源调查与规划实验,1,必修,,,,,,待查教学大纲（专业课）
资源与环境学院,环境生态工程,第6学期,303300009042,智慧水土保持,1,必修,,,,,,待查教学大纲（专业课）
资源与环境学院,环境生态工程,6,,通识课程,,选修类别,,,,,,待查教学大纲（专业课）
资源与环境学院,环境生态工程,第7学期,303300008016,水土资源调查与规划实习,2,必修,,,,,,待查教学大纲（专业课）
资源与环境学院,环境生态工程,第7学期,303300008041,环境生态工程综合实习,4,必修,,,,,,待查教学大纲（专业课）
资源与环境学院,环境生态工程,第8学期,3033009925,毕业实习17-8学期修读,8,必修,,,,,,待查教学大纲（专业课）
资源与环境学院,环境生态工程,第8学期,3033009929,毕业论文（设计）67-8学期修读,8,必修,,,,,,待查教学大纲（专业课）
资源与环境学院,环境生态工程,第8学期,3143009105,形势与政策（二）13-8学期修读,8,必修,形势与政策（最新版）,教育部组编,每年更新,高等教育出版社,,公共课已匹配
资源与环境学院,环境生态工程,第8学期,3143009003,3484261马院OutlineofModernChineseHistory,1,必修,,,,,,待查教学大纲（专业课）
资源与环境学院,环境生态工程,第8学期,314300001006,3484262马院IdeologyMoralityandRuleofLaw,2,必修,,,,,,待查教学大纲（专业课）
资源与环境学院,环境生态工程,第8学期,314300001008,BasicTheoryofMaoZedongThought3484083马院,3,必修,,,,,,待查教学大纲（专业课）
资源与环境学院,环境生态工程,第8学期,314300001009,BasicTheoryofXiJinpingThought3484083马院,3,必修,,,,,,待查教学大纲（专业课）
资源与环境学院,环境生态工程,第8学期,314300001007,3484264马院BasicKnowledgeofMarxism,4,必修,,,,,,待查教学大纲（专业课）
资源与环境学院,环境生态工程,第8学期,3143009104,116161-2马院SituationandPolicyEducation(Ⅰ),2,必修,,,,,,待查教学大纲（专业课）
资源与环境学院,环境生态工程,8,,体育类课程必修，实行选项制，一、二年级要求每学期修满1,,必修类别,大学体育（教材）,本校编,最新版,校本教材,,公共课已匹配
资源与环境学院,环境生态工程,8,,体育类课程教学详见《华中农业大学体育教学改革实施方案》。,,必修类别,大学体育（教材）,本校编,最新版,校本教材,,公共课已匹配
资源与环境学院,环境生态工程,第8学期,307300007045,116161工学FoundationforEngineering,1,必修,,,,,,待查教学大纲（专业课）
资源与环境学院,环境生态工程,第8学期,9093009904,232321MilitaryTheory生院,1,必修,,,,,,待查教学大纲（专业课）
资源与环境学院,环境生态工程,第8学期,3113009824,116161/2文法WritingandCommunication,2,必修,,,,,,待查教学大纲（专业课）
资源与环境学院,环境生态工程,第8学期,202300006005,PsychologicalDevelopmentand116162生院,2,必修,,,,,,待查教学大纲（专业课）
资源与环境学院,环境生态工程,第8学期,9093009774,InnovationandEntrepreneurship116161生院,1,必修,,,,,,待查教学大纲（专业课）
资源与环境学院,环境生态工程,第8学期,31030000109,微积分C580801信息CalculusC,1,必修,高等数学（第七版·上/下册）,同济大学数学系,第7版,高等教育出版社,,公共课已匹配
资源与环境学院,环境生态工程,第8学期,310300001024,线性代数A348482信息LinearAlgebraA,2,必修,线性代数（第六版）,同济大学数学系,第6版,高等教育出版社,9787040396632,公共课已匹配
资源与环境学院,环境生态工程,第8学期,310300001028,大学物理B464642工学CollegePhysicsB,2,必修,物理学（第七版）,马文蔚,第7版,高等教育出版社,,公共课已匹配
资源与环境学院,环境生态工程,第8学期,310300001031,130302工学CollegePhysicsExperiment,2,必修,,,,,,待查教学大纲（专业课）
资源与环境学院,环境生态工程,第8学期,310300001021,概率论与数理统计A464643信息ProbabilityandStatisticsA,3,必修,概率论与数理统计（第五版）,盛骤 谢式千,第5版,高等教育出版社,9787040384876,公共课已匹配
资源与环境学院,环境生态工程,第8学期,303300007053,资源调查与评价B232325资环ResourceSurveyandAssessmentB,5,必修,,,,,,待查教学大纲（专业课）
资源与环境学院,环境生态工程,第8学期,303300007015,116166资环QuantitativeGeography,6,必修,,,,,,待查教学大纲（专业课）
资源与环境学院,环境生态工程,第8学期,303300009049,130306资环QuantitativeGeographyExperiment,6,必修,,,,,,待查教学大纲（专业课）
资源与环境学院,环境生态工程,第8学期,3173009061,C/C++语言程序设计464642信息C/C++LanguageProgramming,2,必修,,,,,,待查教学大纲（专业课）
资源与环境学院,环境生态工程,第8学期,3173009062,ExperimentofC/C++130302信息,2,必修,,,,,,待查教学大纲（专业课）
资源与环境学院,环境生态工程,第8学期,303300007067,Python程序设计基础24424203资环IntroductiontoProgrammingwithPython,3,必修,,,,,,待查教学大纲（专业课）
资源与环境学院,环境生态工程,第8学期,317300007010,数据结构B36040204信息DataStructureB,4,必修,,,,,,待查教学大纲（专业课）
资源与环境学院,环境生态工程,第8学期,303300007018,GlobalPositionSystemPrinciples116164资环,4,必修,,,,,,待查教学大纲（专业课）
资源与环境学院,环境生态工程,第8学期,303300009050,GlobalPositionSystemPrinciples130304资环,4,必修,,,,,,待查教学大纲（专业课）
资源与环境学院,环境生态工程,第8学期,3033009129,232321资环Cartography,1,必修,,,,,,待查教学大纲（专业课）
资源与环境学院,环境生态工程,第8学期,3033009163,128281资环CartographyExperiment,1,必修,,,,,,待查教学大纲（专业课）
资源与环境学院,环境生态工程,第8学期,303300007065,自然地理学A232321资环PhysicalGeographyA,1,必修,,,,,,待查教学大纲（专业课）
资源与环境学院,环境生态工程,第8学期,303300009032,130301资环ExperimentofPhysicalGeography,1,必修,,,,,,待查教学大纲（专业课）
资源与环境学院,环境生态工程,第8学期,3033009135,PrincipleofGeographical232323资环,3,必修,,,,,,待查教学大纲（专业课）
资源与环境学院,环境生态工程,第8学期,303300009058,PrincipleofGeographical130303资环,3,必修,,,,,,待查教学大纲（专业课）
资源与环境学院,环境生态工程,第8学期,303300007084,PrincipleandApplicationof464643资环,3,必修,,,,,,待查教学大纲（专业课）
资源与环境学院,环境生态工程,第8学期,303300009051,PrincipleandApplicationof130303资环,3,必修,,,,,,待查教学大纲（专业课）
资源与环境学院,环境生态工程,第8学期,315300007246,数字测量学C232324公管DigitalSurveyingC,4,必修,,,,,,待查教学大纲（专业课）
资源与环境学院,环境生态工程,第8学期,315300009036,130304公管Experimentofdigitalsurveying,4,必修,,,,,,待查教学大纲（专业课）
资源与环境学院,环境生态工程,第8学期,303300007068,348484资环DigitalImageProcessing,4,必修,,,,,,待查教学大纲（专业课）
资源与环境学院,环境生态工程,第8学期,303300009052,130304资环DigitalImageProcessingExperiment,4,必修,,,,,,待查教学大纲（专业课）
资源与环境学院,环境生态工程,第8学期,3033009133,348484资环PrincipleofSpatialDatabase,4,必修,,,,,,待查教学大纲（专业课）
资源与环境学院,环境生态工程,第8学期,3033009297,130304资环PrincipleofSpatialDatabaseExperiment,4,必修,,,,,,待查教学大纲（专业课）
资源与环境学院,环境生态工程,第8学期,303300007070,ArtificialIntelligenceandAgriculture48840485资环,5,必修,,,,,,待查教学大纲（专业课）
资源与环境学院,环境生态工程,第8学期,303300007003,GIS空间分析116166资环SpatialAnalysisinGIS,6,必修,,,,,,待查教学大纲（专业课）
资源与环境学院,环境生态工程,第8学期,303300009001,GIS空间分析实验260606资环ExperimentofSpatialAnalysisinGIS,6,必修,,,,,,待查教学大纲（专业课）
资源与环境学院,环境生态工程,第8学期,303300007069,GeographicInformationSystems348486资环,6,必修,,,,,,待查教学大纲（专业课）
资源与环境学院,环境生态工程,第8学期,303300009053,ExperimentofGeographicinformation130306资环,6,必修,,,,,,待查教学大纲（专业课）
资源与环境学院,环境生态工程,第8学期,303300007071,116162资环AgronomyFoundation,2,必修,,,,,,待查教学大纲（专业课）
资源与环境学院,环境生态工程,第8学期,303300007037,ResourceUtilizationand116162资环,2,必修,,,,,,待查教学大纲（专业课）
资源与环境学院,环境生态工程,第8学期,3033009404,Soil-WaterConservationand116162资环,2,必修,,,,,,待查教学大纲（专业课）
资源与环境学院,环境生态工程,第8学期,303300007072,UnmannedAerialVehicleRemote24616305资环SensingandSmartAgriculture,5,必修,,,,,,待查教学大纲（专业课）
资源与环境学院,环境生态工程,第8学期,3033009258,232325资环PrecisionAgriculture,5,必修,,,,,,待查教学大纲（专业课）
资源与环境学院,环境生态工程,第8学期,3033009312,232325资环IntroductiontoEnvironmentalScience,5,必修,,,,,,待查教学大纲（专业课）
资源与环境学院,环境生态工程,第8学期,303300007074,24616305资环DigitalTerrainModels,5,必修,,,,,,待查教学大纲（专业课）
资源与环境学院,环境生态工程,第8学期,303300007004,GIS专业英语116165资环SpecialtyEnglishofGIS,5,必修,,,,,,待查教学大纲（专业课）
资源与环境学院,环境生态工程,第8学期,303300007073,232325资环HumanGeography,5,必修,,,,,,待查教学大纲（专业课）
资源与环境学院,环境生态工程,第8学期,3033009150,UncertaintiesinSpatialData232325资环,5,必修,,,,,,待查教学大纲（专业课）
资源与环境学院,环境生态工程,第8学期,303300007008,232325资环HyperspectralRemoteSensing,5,必修,,,,,,待查教学大纲（专业课）
资源与环境学院,环境生态工程,第8学期,3033009167,116165资环ActiveRemoteSensing,5,必修,,,,,,待查教学大纲（专业课）
资源与环境学院,环境生态工程,第8学期,303300009054,130305资环ActiveRemoteSensingExperiment,5,必修,,,,,,待查教学大纲（专业课）
资源与环境学院,环境生态工程,第8学期,303300007056,SpatialDataAnalysisand232327资环,7,必修,,,,,,待查教学大纲（专业课）
资源与环境学院,环境生态工程,第8学期,9093009905,231Militaryskills生院,1,必修,,,,,,待查教学大纲（专业课）
资源与环境学院,环境生态工程,第8学期,9093009906,Innovationand11-7生院,7,必修,,,,,,待查教学大纲（专业课）
资源与环境学院,环境生态工程,第8学期,202300008001,ThePracticeofMentalHealth1302生院,2,必修,,,,,,待查教学大纲（专业课）
资源与环境学院,环境生态工程,第8学期,3143009105,1303-8马院SituationandPolicyEducation(Ⅱ),8,必修,,,,,,待查教学大纲（专业课）
资源与环境学院,环境生态工程,第8学期,9093009903,114团委SocialPractice,4,必修,,,,,,待查教学大纲（专业课）
资源与环境学院,环境生态工程,第8学期,110300008001,1301-7团委VolunteerService,7,必修,,,,,,待查教学大纲（专业课）
资源与环境学院,环境生态工程,第8学期,110300008002,11-7团委AestheticPractice,7,必修,,,,,,待查教学大纲（专业课）
资源与环境学院,环境生态工程,第8学期,303300008023,111资环PracticeforPhysicalGeography,1,必修,,,,,,待查教学大纲（专业课）
资源与环境学院,环境生态工程,第8学期,303300008018,ApplicationofRemote226资环,6,必修,,,,,,待查教学大纲（专业课）
资源与环境学院,环境生态工程,第8学期,303300008022,ResourceInventory225资环+4天,4,必修,,,,,,待查教学大纲（专业课）
资源与环境学院,环境生态工程,第8学期,303300008032,实践447资环ComprehensivePractice,7,必修,,,,,,待查教学大纲（专业课）
资源与环境学院,环境生态工程,第8学期,3033009907,6127-8资环GraduationThesis,8,必修,,,,,,待查教学大纲（专业课）
资源与环境学院,地理信息科学,第1学期,3143009003,中国近现代史纲要,3,必修,中国近现代史纲要（2023年版）,本书编写组,2023年版,高等教育出版社,,公共课已匹配
资源与环境学院,地理信息科学,第1学期,310300001019,微积分C,5,必修,高等数学（第七版·上/下册）,同济大学数学系,第7版,高等教育出版社,,公共课已匹配
资源与环境学院,地理信息科学,1,,外语类课程,,必修类别,新视野大学英语（第三版·读写教程）,郑树棠,第3版,外语教学与研究出版社,,公共课已匹配
资源与环境学院,地理信息科学,1,,体育类课程,,必修类别,大学体育（教材）,本校编,最新版,校本教材,,公共课已匹配
资源与环境学院,地理信息科学,第1学期,3033009129,地图学,2,必修,,,,,,待查教学大纲（专业课）
资源与环境学院,地理信息科学,第1学期,3033009163,地图学实验,1,必修,,,,,,待查教学大纲（专业课）
资源与环境学院,地理信息科学,第1学期,303300007065,自然地理学A,2,必修,,,,,,待查教学大纲（专业课）
资源与环境学院,地理信息科学,第1学期,303300009032,自然地理学实验,1,必修,,,,,,待查教学大纲（专业课）
资源与环境学院,地理信息科学,第1学期,303300008023,自然地理学综合实习,1,必修,,,,,,待查教学大纲（专业课）
资源与环境学院,地理信息科学,第1学期,9093009774,大学生创新创业基础,1,必修,大学生创新创业基础,本校编,最新版,高等教育出版社,,公共课已匹配
资源与环境学院,地理信息科学,第1学期,307300007045,工程基础,1,必修,,,,,,待查教学大纲（专业课）
资源与环境学院,地理信息科学,第1学期,9093009905,军事技能,2,必修,军事训练教程,教育部军委国防动员部,2023版,高等教育出版社,,公共课已匹配
资源与环境学院,地理信息科学,第1学期,9093009904,军事理论,2,必修,军事理论课教程,教育部军委国防动员部,2023版,高等教育出版社,,公共课已匹配
资源与环境学院,地理信息科学,第2学期,314300001006,思想道德与法治,3,必修,思想道德与法治（2023年版）,本书编写组,2023年版,高等教育出版社,,公共课已匹配
资源与环境学院,地理信息科学,2,,外语类课程,,必修类别,新视野大学英语（第三版·读写教程）,郑树棠,第3版,外语教学与研究出版社,,公共课已匹配
资源与环境学院,地理信息科学,2,,体育类课程,,必修类别,大学体育（教材）,本校编,最新版,校本教材,,公共课已匹配
资源与环境学院,地理信息科学,第2学期,310300001024,线性代数A,3,必修,线性代数（第六版）,同济大学数学系,第6版,高等教育出版社,9787040396632,公共课已匹配
资源与环境学院,地理信息科学,第2学期,310300001028,大学物理B,4,必修,物理学（第七版）,马文蔚,第7版,高等教育出版社,,公共课已匹配
资源与环境学院,地理信息科学,第2学期,310300001031,大学物理B实验,1,必修,物理学（第七版）,马文蔚,第7版,高等教育出版社,,公共课已匹配
资源与环境学院,地理信息科学,第2学期,3173009061,C/C++语言程序设计,4,必修,,,,,,待查教学大纲（专业课）
资源与环境学院,地理信息科学,第2学期,3173009062,C/C++语言程序设计实验,1,必修,,,,,,待查教学大纲（专业课）
资源与环境学院,地理信息科学,第2学期,3113009824,写作与沟通1第一学年修读,1,必修,写作与沟通,马工程/本校编,最新版,高等教育出版社,,公共课已匹配
资源与环境学院,地理信息科学,第2学期,202300006005,大学生心理发展与指导,1,必修,大学生心理健康教育,郑日昌,最新版,高等教育出版社,,公共课已匹配
资源与环境学院,地理信息科学,第2学期,202300008001,大学生心理素质拓展,1,必修,大学生心理健康教育,郑日昌,最新版,高等教育出版社,,公共课已匹配
资源与环境学院,地理信息科学,第2学期,3143009104,形势与政策（一）1第一学年修读,1,必修,形势与政策（最新版）,教育部组编,每年更新,高等教育出版社,,公共课已匹配
资源与环境学院,地理信息科学,第2学期,303300007071,农学基础,1,必修,,,,,,待查教学大纲（专业课）
资源与环境学院,地理信息科学,第2学期,303300007037,资源利用与绿色发展,1,必修,,,,,,待查教学大纲（专业课）
资源与环境学院,地理信息科学,第2学期,3033009404,水土保持与美丽家园,1,必修,,,,,,待查教学大纲（专业课）
资源与环境学院,地理信息科学,第3学期,314300001008,3社会主义理论体系概论,3,必修,,,,,,待查教学大纲（专业课）
资源与环境学院,地理信息科学,第3学期,314300001009,3社会主义思想概论,3,必修,,,,,,待查教学大纲（专业课）
资源与环境学院,地理信息科学,3,,外语类课程,,必修类别,新视野大学英语（第三版·读写教程）,郑树棠,第3版,外语教学与研究出版社,,公共课已匹配
资源与环境学院,地理信息科学,3,,体育类课程,,必修类别,大学体育（教材）,本校编,最新版,校本教材,,公共课已匹配
资源与环境学院,地理信息科学,第3学期,310300001021,概率论与数理统计A,4,必修,概率论与数理统计（第五版）,盛骤 谢式千,第5版,高等教育出版社,9787040384876,公共课已匹配
资源与环境学院,地理信息科学,第3学期,303300007066,遥感原理与应用,4,必修,,,,,,待查教学大纲（专业课）
资源与环境学院,地理信息科学,第3学期,303300009051,遥感原理与应用实验,1,必修,,,,,,待查教学大纲（专业课）
资源与环境学院,地理信息科学,第3学期,303300007067,Python程序设计基础,2,必修,,,,,,待查教学大纲（专业课）
资源与环境学院,地理信息科学,第3学期,3033009135,地理信息系统原理A,2,必修,,,,,,待查教学大纲（专业课）
资源与环境学院,地理信息科学,第3学期,303300009058,地理信息系统原理A实验,1,必修,,,,,,待查教学大纲（专业课）
资源与环境学院,地理信息科学,第4学期,314300001007,马克思主义基本原理,3,必修,马克思主义基本原理（2023年版）,本书编写组,2023年版,高等教育出版社,,公共课已匹配
资源与环境学院,地理信息科学,4,,外语类课程,,必修类别,新视野大学英语（第三版·读写教程）,郑树棠,第3版,外语教学与研究出版社,,公共课已匹配
资源与环境学院,地理信息科学,4,,体育类课程,,必修类别,大学体育（教材）,本校编,最新版,校本教材,,公共课已匹配
资源与环境学院,地理信息科学,第4学期,315300007246,数字测量学C,2,必修,,,,,,待查教学大纲（专业课）
资源与环境学院,地理信息科学,第4学期,315300009036,数字测量学实验,1,必修,,,,,,待查教学大纲（专业课）
资源与环境学院,地理信息科学,第4学期,303300007018,全球定位原理与应用,1,必修,,,,,,待查教学大纲（专业课）
资源与环境学院,地理信息科学,第4学期,303300009050,全球定位原理与应用实验,1,必修,,,,,,待查教学大纲（专业课）
资源与环境学院,地理信息科学,第4学期,3033009133,空间数据库原理,3,必修,,,,,,待查教学大纲（专业课）
资源与环境学院,地理信息科学,第4学期,3033009297,空间数据库原理实验,1,必修,,,,,,待查教学大纲（专业课）
资源与环境学院,地理信息科学,第4学期,303300007068,数字图像处理,3,必修,,,,,,待查教学大纲（专业课）
资源与环境学院,地理信息科学,第4学期,303300009052,数字图像处理实验,1,必修,,,,,,待查教学大纲（专业课）
资源与环境学院,地理信息科学,第4学期,317300007010,数据结构B,3,必修,,,,,,待查教学大纲（专业课）
资源与环境学院,地理信息科学,第4学期,9093009903,社会实践,1,必修,,,,,,待查教学大纲（专业课）
资源与环境学院,地理信息科学,第5学期,303300007070,人工智能与农业大数据分析,4,必修,,,,,,待查教学大纲（专业课）
资源与环境学院,地理信息科学,第5学期,303300007053,资源调查与评价B,2,必修,,,,,,待查教学大纲（专业课）
资源与环境学院,地理信息科学,第5学期,303300008022,资源调查与评价劳动实习,2,必修,,,,,,待查教学大纲（专业课）
资源与环境学院,地理信息科学,第5学期,303300007072,无人机遥感与智慧农林应用,2,必修,,,,,,待查教学大纲（专业课）
资源与环境学院,地理信息科学,第5学期,3033009258,精准农业,2,必修,,,,,,待查教学大纲（专业课）
资源与环境学院,地理信息科学,第5学期,3033009312,环境科学概论,2,必修,,,,,,待查教学大纲（专业课）
资源与环境学院,地理信息科学,第5学期,303300007074,数字地面模型,2,必修,,,,,,待查教学大纲（专业课）
资源与环境学院,地理信息科学,第5学期,303300007004,GIS专业英语,1,必修,,,,,,待查教学大纲（专业课）
资源与环境学院,地理信息科学,第5学期,3033009150,空间数据的不确定性分析,2,必修,,,,,,待查教学大纲（专业课）
资源与环境学院,地理信息科学,第5学期,303300007073,人文地理学,2,必修,,,,,,待查教学大纲（专业课）
资源与环境学院,地理信息科学,第5学期,303300007008,高光谱遥感,2,必修,,,,,,待查教学大纲（专业课）
资源与环境学院,地理信息科学,第5学期,3033009167,主动遥感,1,必修,,,,,,待查教学大纲（专业课）
资源与环境学院,地理信息科学,第5学期,303300009054,主动遥感实验,1,必修,,,,,,待查教学大纲（专业课）
资源与环境学院,地理信息科学,第6学期,303300007069,地理信息系统设计与开发,3,必修,,,,,,待查教学大纲（专业课）
资源与环境学院,地理信息科学,第6学期,303300009053,1开发综合实验,1,必修,,,,,,待查教学大纲（专业课）
资源与环境学院,地理信息科学,第6学期,303300007003,GIS空间分析,1,必修,,,,,,待查教学大纲（专业课）
资源与环境学院,地理信息科学,第6学期,303300009001,GIS空间分析实验,2,必修,,,,,,待查教学大纲（专业课）
资源与环境学院,地理信息科学,第6学期,303300007015,计量地理学,1,必修,,,,,,待查教学大纲（专业课）
资源与环境学院,地理信息科学,第6学期,303300009049,计量地理学实验,1,必修,,,,,,待查教学大纲（专业课）
资源与环境学院,地理信息科学,第6学期,303300008018,遥感应用综合实习22周,2,必修,,,,,,待查教学大纲（专业课）
资源与环境学院,地理信息科学,第7学期,303300008032,专业综合实习44周,4,必修,,,,,,待查教学大纲（专业课）
资源与环境学院,地理信息科学,第7学期,303300007056,空间数据分析和全球环境变化,2,必修,,,,,,待查教学大纲（专业课）
资源与环境学院,地理信息科学,第8学期,3033009907,毕业论文,6,必修,,,,,,待查教学大纲（专业课）
资源与环境学院,地理信息科学,第8学期,3143009105,形势与政策（二）1第3-8学期修读,8,必修,形势与政策（最新版）,教育部组编,每年更新,高等教育出版社,,公共课已匹配
生命科学技术学院,生物科学（国家生命科学与技术基地班）,第1学期,3043009801,生命科学导论,1,必修,,,,,,待查教学大纲（专业课）
生命科学技术学院,生物科学（国家生命科学与技术基地班）,第1学期,310300001018,微积分B（1）,4,必修,高等数学（第七版·上/下册）,同济大学数学系,第7版,高等教育出版社,,公共课已匹配
生命科学技术学院,生物科学（国家生命科学与技术基地班）,第1学期,310300001007,无机及分析化学A,5,必修,无机及分析化学（第五版）,南京大学《无机及分析化学》编写组,第5版,高等教育出版社,,公共课已匹配
生命科学技术学院,生物科学（国家生命科学与技术基地班）,第1学期,310300001010,无机及分析化学实验A,2,必修,无机及分析化学（第五版）,南京大学《无机及分析化学》编写组,第5版,高等教育出版社,,公共课已匹配
生命科学技术学院,生物科学（国家生命科学与技术基地班）,第1学期,3143009003,中国近现代史纲要,3,必修,中国近现代史纲要（2023年版）,本书编写组,2023年版,高等教育出版社,,公共课已匹配
生命科学技术学院,生物科学（国家生命科学与技术基地班）,1,,外语类课程,,必修类别,新视野大学英语（第三版·读写教程）,郑树棠,第3版,外语教学与研究出版社,,公共课已匹配
生命科学技术学院,生物科学（国家生命科学与技术基地班）,1,,体育类课程,,必修类别,大学体育（教材）,本校编,最新版,校本教材,,公共课已匹配
生命科学技术学院,生物科学（国家生命科学与技术基地班）,第1学期,307300007045,工程基础,1,必修,,,,,,待查教学大纲（专业课）
生命科学技术学院,生物科学（国家生命科学与技术基地班）,第1学期,9093009904,军事理论,2,必修,军事理论课教程,教育部军委国防动员部,2023版,高等教育出版社,,公共课已匹配
生命科学技术学院,生物科学（国家生命科学与技术基地班）,第1学期,9093009905,军事技能,2,必修,军事训练教程,教育部军委国防动员部,2023版,高等教育出版社,,公共课已匹配
生命科学技术学院,生物科学（国家生命科学与技术基地班）,第1学期,9093009774,大学生创新创业基础,1,必修,大学生创新创业基础,本校编,最新版,高等教育出版社,,公共课已匹配
生命科学技术学院,生物科学（国家生命科学与技术基地班）,第1学期,3113009824,写作与沟通11/2学期,2,必修,写作与沟通,马工程/本校编,最新版,高等教育出版社,,公共课已匹配
生命科学技术学院,生物科学（国家生命科学与技术基地班）,第1学期,3143009104,形势与政策（一）11-2学期,2,必修,形势与政策（最新版）,教育部组编,每年更新,高等教育出版社,,公共课已匹配
生命科学技术学院,生物科学（国家生命科学与技术基地班）,第2学期,3043009101,植物学,2,必修,,,,,,待查教学大纲（专业课）
生命科学技术学院,生物科学（国家生命科学与技术基地班）,第2学期,304300009022,植物学实验,1,必修,,,,,,待查教学大纲（专业课）
生命科学技术学院,生物科学（国家生命科学与技术基地班）,第2学期,308300007016,动物学,2,必修,,,,,,待查教学大纲（专业课）
生命科学技术学院,生物科学（国家生命科学与技术基地班）,第2学期,3083009102,动物学实验,1,必修,,,,,,待查教学大纲（专业课）
生命科学技术学院,生物科学（国家生命科学与技术基地班）,第2学期,310300001033,微积分B（2）,4,必修,高等数学（第七版·上/下册）,同济大学数学系,第7版,高等教育出版社,,公共课已匹配
生命科学技术学院,生物科学（国家生命科学与技术基地班）,第2学期,310300001001,有机化学A,4,必修,有机化学（农科类 第三版）,汪小兰,第3版,高等教育出版社,,公共课已匹配
生命科学技术学院,生物科学（国家生命科学与技术基地班）,第2学期,310300001005,有机化学实验B,1,必修,有机化学（农科类 第三版）,汪小兰,第3版,高等教育出版社,,公共课已匹配
生命科学技术学院,生物科学（国家生命科学与技术基地班）,第2学期,314300001006,思想道德与法治,3,必修,思想道德与法治（2023年版）,本书编写组,2023年版,高等教育出版社,,公共课已匹配
生命科学技术学院,生物科学（国家生命科学与技术基地班）,第2学期,317300001008,人工智能应用基础,2,必修,人工智能基础（通识）,大学计算机课程教指委,最新版,高等教育出版社,,公共课已匹配
生命科学技术学院,生物科学（国家生命科学与技术基地班）,第2学期,317300001009,人工智能应用基础实验,1,必修,人工智能基础（通识）,大学计算机课程教指委,最新版,高等教育出版社,,公共课已匹配
生命科学技术学院,生物科学（国家生命科学与技术基地班）,2,,外语类课程,,必修类别,新视野大学英语（第三版·读写教程）,郑树棠,第3版,外语教学与研究出版社,,公共课已匹配
生命科学技术学院,生物科学（国家生命科学与技术基地班）,2,,体育类课程,,必修类别,大学体育（教材）,本校编,最新版,校本教材,,公共课已匹配
生命科学技术学院,生物科学（国家生命科学与技术基地班）,第2学期,202300006005,大学生心理发展与指导,1,必修,大学生心理健康教育,郑日昌,最新版,高等教育出版社,,公共课已匹配
生命科学技术学院,生物科学（国家生命科学与技术基地班）,第2学期,202300008001,大学生心理素质拓展,1,必修,大学生心理健康教育,郑日昌,最新版,高等教育出版社,,公共课已匹配
生命科学技术学院,生物科学（国家生命科学与技术基地班）,第2学期,304300008013,植物学综合实验1选修,1,选修,,,,,,待查教学大纲（专业课）
生命科学技术学院,生物科学（国家生命科学与技术基地班）,第2学期,3113009824,写作与沟通11/2学期,2,必修,写作与沟通,马工程/本校编,最新版,高等教育出版社,,公共课已匹配
生命科学技术学院,生物科学（国家生命科学与技术基地班）,第2学期,3143009104,形势与政策（一）11-2学期,2,必修,形势与政策（最新版）,教育部组编,每年更新,高等教育出版社,,公共课已匹配
生命科学技术学院,生物科学（国家生命科学与技术基地班）,第3学期,314300001008,毛泽东思想和中国特色3社会主义理论体系概论,3,必修,毛泽东思想和中国特色社会主义理论体系概论（2023年版）,本书编写组,2023年版,高等教育出版社,,公共课已匹配
生命科学技术学院,生物科学（国家生命科学与技术基地班）,第3学期,314300001009,习近平新时代中国特色3社会主义思想概论,3,必修,习近平新时代中国特色社会主义思想概论（2023年版）,本书编写组,2023年版,高等教育出版社,,公共课已匹配
生命科学技术学院,生物科学（国家生命科学与技术基地班）,第3学期,3043009227,遗传学A,4,必修,,,,,,待查教学大纲（专业课）
生命科学技术学院,生物科学（国家生命科学与技术基地班）,第3学期,304300009016,遗传学实验A,1,必修,,,,,,待查教学大纲（专业课）
生命科学技术学院,生物科学（国家生命科学与技术基地班）,第3学期,304300007001,生物化学A,4,必修,,,,,,待查教学大纲（专业课）
生命科学技术学院,生物科学（国家生命科学与技术基地班）,第3学期,304300009001,生物化学实验,2,必修,,,,,,待查教学大纲（专业课）
生命科学技术学院,生物科学（国家生命科学与技术基地班）,第3学期,310300001024,线性代数A,3,必修,线性代数（第六版）,同济大学数学系,第6版,高等教育出版社,9787040396632,公共课已匹配
生命科学技术学院,生物科学（国家生命科学与技术基地班）,第3学期,310300001028,大学物理学B,4,必修,物理学（第七版）,马文蔚,第7版,高等教育出版社,,公共课已匹配
生命科学技术学院,生物科学（国家生命科学与技术基地班）,第3学期,310300001031,大学物理学实验,1,必修,物理学（第七版）,马文蔚,第7版,高等教育出版社,,公共课已匹配
生命科学技术学院,生物科学（国家生命科学与技术基地班）,3,,外语类课程,,必修类别,新视野大学英语（第三版·读写教程）,郑树棠,第3版,外语教学与研究出版社,,公共课已匹配
生命科学技术学院,生物科学（国家生命科学与技术基地班）,3,,体育类课程,,必修类别,大学体育（教材）,本校编,最新版,校本教材,,公共课已匹配
生命科学技术学院,生物科学（国家生命科学与技术基地班）,第4学期,310300001022,概率论与数理统计B,3,必修,概率论与数理统计（第五版）,盛骤 谢式千,第5版,高等教育出版社,9787040384876,公共课已匹配
生命科学技术学院,生物科学（国家生命科学与技术基地班）,第4学期,304300007057,微生物学A,3,必修,,,,,,待查教学大纲（专业课）
生命科学技术学院,生物科学（国家生命科学与技术基地班）,第4学期,304300009019,微生物学实验,1,必修,,,,,,待查教学大纲（专业课）
生命科学技术学院,生物科学（国家生命科学与技术基地班）,第4学期,3043009201,细胞生物学A,3,必修,,,,,,待查教学大纲（专业课）
生命科学技术学院,生物科学（国家生命科学与技术基地班）,第4学期,3043009203,细胞生物学实验,1,必修,,,,,,待查教学大纲（专业课）
生命科学技术学院,生物科学（国家生命科学与技术基地班）,第4学期,304300007058,分子生物学A,3,必修,,,,,,待查教学大纲（专业课）
生命科学技术学院,生物科学（国家生命科学与技术基地班）,第4学期,314300001007,马克思主义基本原理,3,必修,马克思主义基本原理（2023年版）,本书编写组,2023年版,高等教育出版社,,公共课已匹配
生命科学技术学院,生物科学（国家生命科学与技术基地班）,4,,外语类课程,,必修类别,新视野大学英语（第三版·读写教程）,郑树棠,第3版,外语教学与研究出版社,,公共课已匹配
生命科学技术学院,生物科学（国家生命科学与技术基地班）,4,,体育类课程,,必修类别,大学体育（教材）,本校编,最新版,校本教材,,公共课已匹配
生命科学技术学院,生物科学（国家生命科学与技术基地班）,第4学期,9093009903,社会实践,1,必修,,,,,,待查教学大纲（专业课）
生命科学技术学院,生物科学（国家生命科学与技术基地班）,第4学期,3043009901,生物学野外综合实习,2,必修,,,,,,待查教学大纲（专业课）
生命科学技术学院,生物科学（国家生命科学与技术基地班）,第4学期,304300008019,科研素养与创新实践44-6学期,6,必修,,,,,,待查教学大纲（专业课）
生命科学技术学院,生物科学（国家生命科学与技术基地班）,4,,通识课程,,选修类别,,,,,,待查教学大纲（专业课）
生命科学技术学院,生物科学（国家生命科学与技术基地班）,第4学期,304300008014,微生物学综合实验1选修、暑假,1,选修,,,,,,待查教学大纲（专业课）
生命科学技术学院,生物科学（国家生命科学与技术基地班）,第5学期,304300007054,人工智能生物学,1,必修,,,,,,待查教学大纲（专业课）
生命科学技术学院,生物科学（国家生命科学与技术基地班）,第5学期,304300008012,分子生物学综合实验,2,必修,,,,,,待查教学大纲（专业课）
生命科学技术学院,生物科学（国家生命科学与技术基地班）,第5学期,304300008019,科研素养与创新实践44-6学期,6,必修,,,,,,待查教学大纲（专业课）
生命科学技术学院,生物科学（国家生命科学与技术基地班）,第6学期,3043009219,发育生物学,3,必修,,,,,,待查教学大纲（专业课）
生命科学技术学院,生物科学（国家生命科学与技术基地班）,第6学期,304300008019,科研素养与创新实践44-6学期,6,必修,,,,,,待查教学大纲（专业课）
生命科学技术学院,生物科学（国家生命科学与技术基地班）,第7学期,3043009223,科技论文写作,1,必修,,,,,,待查教学大纲（专业课）
生命科学技术学院,生物科学（国家生命科学与技术基地班）,第8学期,3143009104,形势与政策（二）,1,必修,形势与政策（最新版）,教育部组编,每年更新,高等教育出版社,,公共课已匹配
生命科学技术学院,生物科学（国家生命科学与技术基地班）,第8学期,3043009910,毕业论文（设计）6从第6学期开始,6,必修,,,,,,待查教学大纲（专业课）
生命科学技术学院,生物科学（国家生命科学与技术基地班）,第8学期,3143009003,中国近现代史纲要3484261马院OutlineofModernChineseHistory,1,必修,中国近现代史纲要（2023年版）,本书编写组,2023年版,高等教育出版社,,公共课已匹配
生命科学技术学院,生物科学（国家生命科学与技术基地班）,第8学期,314300001006,思想道德与法治3484262马院IdeologyMoralityandRuleofLaw,2,必修,思想道德与法治（2023年版）,本书编写组,2023年版,高等教育出版社,,公共课已匹配
生命科学技术学院,生物科学（国家生命科学与技术基地班）,第8学期,314300001008,BasicTheoryofMaoZedongThought3484083马院,3,必修,,,,,,待查教学大纲（专业课）
生命科学技术学院,生物科学（国家生命科学与技术基地班）,第8学期,314300001009,BasicTheoryofXiJinpingThought3484083马院,3,必修,,,,,,待查教学大纲（专业课）
生命科学技术学院,生物科学（国家生命科学与技术基地班）,第8学期,314300001007,马克思主义基本原理3484264马院BasicKnowledgeofMarxism,4,必修,马克思主义基本原理（2023年版）,本书编写组,2023年版,高等教育出版社,,公共课已匹配
生命科学技术学院,生物科学（国家生命科学与技术基地班）,第8学期,3143009104,形势与政策（一）116161-2马院SituationandPolicyEducation(Ⅰ),2,必修,形势与政策（最新版）,教育部组编,每年更新,高等教育出版社,,公共课已匹配
生命科学技术学院,生物科学（国家生命科学与技术基地班）,8,,体育类课程必修，实行选项制，一、二年级要求每学期修满1,,必修类别,大学体育（教材）,本校编,最新版,校本教材,,公共课已匹配
生命科学技术学院,生物科学（国家生命科学与技术基地班）,8,,体育类课程教学详见《华中农业大学体育教学改革实施方案》。,,必修类别,大学体育（教材）,本校编,最新版,校本教材,,公共课已匹配
生命科学技术学院,生物科学（国家生命科学与技术基地班）,第8学期,307300007045,工程基础116161工学FoundationforEngineering,1,必修,,,,,,待查教学大纲（专业课）
生命科学技术学院,生物科学（国家生命科学与技术基地班）,第8学期,9093009904,军事理论本科232321MilitaryTheory生院,1,必修,军事理论课教程,教育部军委国防动员部,2023版,高等教育出版社,,公共课已匹配
生命科学技术学院,生物科学（国家生命科学与技术基地班）,第8学期,3113009824,写作与沟通116161/2文法WritingandCommunication,2,必修,写作与沟通,马工程/本校编,最新版,高等教育出版社,,公共课已匹配
生命科学技术学院,生物科学（国家生命科学与技术基地班）,第8学期,202300006005,本科PsychologicalDevelopmentand116162生院GuidanceofCollegeStudents,2,必修,,,,,,待查教学大纲（专业课）
生命科学技术学院,生物科学（国家生命科学与技术基地班）,第8学期,9093009774,本科InnovationandEntrepreneurship116161生院FoundationsforUndergraduates,1,必修,,,,,,待查教学大纲（专业课）
生命科学技术学院,生物科学（国家生命科学与技术基地班）,第8学期,310300001018,微积分B（1）464641信息CalculusB(1),1,必修,高等数学（第七版·上/下册）,同济大学数学系,第7版,高等教育出版社,,公共课已匹配
生命科学技术学院,生物科学（国家生命科学与技术基地班）,第8学期,310300001033,微积分B（2）464642信息CalculusB(2),2,必修,高等数学（第七版·上/下册）,同济大学数学系,第7版,高等教育出版社,,公共课已匹配
生命科学技术学院,生物科学（国家生命科学与技术基地班）,第8学期,310300001024,线性代数A348483信息LinearAlgebraA,3,必修,线性代数（第六版）,同济大学数学系,第6版,高等教育出版社,9787040396632,公共课已匹配
生命科学技术学院,生物科学（国家生命科学与技术基地班）,第8学期,310300001022,概率论与数理统计B348484信息ProbabilityandStatisticsB,4,必修,概率论与数理统计（第五版）,盛骤 谢式千,第5版,高等教育出版社,9787040384876,公共课已匹配
生命科学技术学院,生物科学（国家生命科学与技术基地班）,第8学期,310300001028,大学物理学B464643工学CollegePhysicsB,3,必修,物理学（第七版）,马文蔚,第7版,高等教育出版社,,公共课已匹配
生命科学技术学院,生物科学（国家生命科学与技术基地班）,第8学期,310300001031,大学物理学实验130303工学ExperimentsofCollegePhysics,3,必修,物理学（第七版）,马文蔚,第7版,高等教育出版社,,公共课已匹配
生命科学技术学院,生物科学（国家生命科学与技术基地班）,第8学期,310300001007,无机及分析化学A580801化学InorganicandAnalyticalChemistryA,1,必修,无机及分析化学（第五版）,南京大学《无机及分析化学》编写组,第5版,高等教育出版社,,公共课已匹配
生命科学技术学院,生物科学（国家生命科学与技术基地班）,第8学期,310300001010,ExperimentsofInorganicand260601化学,1,必修,,,,,,待查教学大纲（专业课）
生命科学技术学院,生物科学（国家生命科学与技术基地班）,第8学期,310300001001,有机化学A464642化学OrganicChemistryA,2,必修,有机化学（农科类 第三版）,汪小兰,第3版,高等教育出版社,,公共课已匹配
生命科学技术学院,生物科学（国家生命科学与技术基地班）,第8学期,310300001005,有机化学实验B130302化学ExperimentsofOrganicChemistryB,2,必修,有机化学（农科类 第三版）,汪小兰,第3版,高等教育出版社,,公共课已匹配
生命科学技术学院,生物科学（国家生命科学与技术基地班）,第8学期,3043009801,生命科学导论116161生科IntroductiontoLifeSciences,1,必修,,,,,,待查教学大纲（专业课）
生命科学技术学院,生物科学（国家生命科学与技术基地班）,第8学期,317300001008,FundamentalsofArtificial232322信息,2,必修,,,,,,待查教学大纲（专业课）
生命科学技术学院,生物科学（国家生命科学与技术基地班）,第8学期,317300001009,ExperimentsontheFundamentals130302信息,2,必修,,,,,,待查教学大纲（专业课）
生命科学技术学院,生物科学（国家生命科学与技术基地班）,第8学期,304300007054,FoundationsofArtificialIntelligence116165生科,5,必修,,,,,,待查教学大纲（专业课）
生命科学技术学院,生物科学（国家生命科学与技术基地班）,第8学期,3043009101,植物学232322生科Botany,2,必修,,,,,,待查教学大纲（专业课）
生命科学技术学院,生物科学（国家生命科学与技术基地班）,第8学期,304300009022,植物学实验130302生科ExperimentsofBotany,2,必修,,,,,,待查教学大纲（专业课）
生命科学技术学院,生物科学（国家生命科学与技术基地班）,第8学期,308300007016,动物学232322水产Zoology,2,必修,,,,,,待查教学大纲（专业课）
生命科学技术学院,生物科学（国家生命科学与技术基地班）,第8学期,3083009102,动物学实验130302水产ExperimentsofZoology,2,必修,,,,,,待查教学大纲（专业课）
生命科学技术学院,生物科学（国家生命科学与技术基地班）,第8学期,304300007057,微生物学A348484生科MicrobiologyA,4,必修,,,,,,待查教学大纲（专业课）
生命科学技术学院,生物科学（国家生命科学与技术基地班）,第8学期,304300009019,微生物学实验130304生科ExperimentsofMicrobiology,4,必修,,,,,,待查教学大纲（专业课）
生命科学技术学院,生物科学（国家生命科学与技术基地班）,第8学期,304300007001,生物化学A464643生科Biochemistry,3,必修,,,,,,待查教学大纲（专业课）
生命科学技术学院,生物科学（国家生命科学与技术基地班）,第8学期,304300009001,生物化学实验260603生科ExperimentsofBiochemistry,3,必修,,,,,,待查教学大纲（专业课）
生命科学技术学院,生物科学（国家生命科学与技术基地班）,第8学期,3043009227,遗传学A464643生科GeneticsA,3,必修,,,,,,待查教学大纲（专业课）
生命科学技术学院,生物科学（国家生命科学与技术基地班）,第8学期,304300009016,遗传学实验A130303生科ExperimentsofGenetics,3,必修,,,,,,待查教学大纲（专业课）
生命科学技术学院,生物科学（国家生命科学与技术基地班）,第8学期,3043009201,细胞生物学A348484生科CellBiologyA,4,必修,,,,,,待查教学大纲（专业课）
生命科学技术学院,生物科学（国家生命科学与技术基地班）,第8学期,3043009203,细胞生物学实验130304生科ExperimentsofCellBiology,4,必修,,,,,,待查教学大纲（专业课）
生命科学技术学院,生物科学（国家生命科学与技术基地班）,第8学期,304300007058,分子生物学A348484生科MolecularBiology,4,必修,,,,,,待查教学大纲（专业课）
生命科学技术学院,生物科学（国家生命科学与技术基地班）,第8学期,304300007049,合成生物学原理348486生科FundamentalsofSyntheticBiology,6,必修,,,,,,待查教学大纲（专业课）
生命科学技术学院,生物科学（国家生命科学与技术基地班）,第8学期,304300009018,植物显微技术260602生科PlantMicrotechnology,2,必修,,,,,,待查教学大纲（专业课）
生命科学技术学院,生物科学（国家生命科学与技术基地班）,第8学期,3043009212,生物统计232325生科Biostatistics,5,必修,,,,,,待查教学大纲（专业课）
生命科学技术学院,生物科学（国家生命科学与技术基地班）,第8学期,304300007070,演化生物学116164生科EvolutionaryBiology,4,必修,,,,,,待查教学大纲（专业课）
生命科学技术学院,生物科学（国家生命科学与技术基地班）,第8学期,304300007004,生物信息学232325生科Bioinformatics,5,必修,,,,,,待查教学大纲（专业课）
生命科学技术学院,生物科学（国家生命科学与技术基地班）,第8学期,3043009224,群体遗传学导论232325生科PopulationGenetics,5,必修,,,,,,待查教学大纲（专业课）
生命科学技术学院,生物科学（国家生命科学与技术基地班）,第8学期,304300007003,蛋白质与酶工程232325生科ProteinandEnzymeEngineering,5,必修,,,,,,待查教学大纲（专业课）
生命科学技术学院,生物科学（国家生命科学与技术基地班）,第8学期,3043009404,分子细胞生物学348485生科MolecularCellBiology,5,必修,,,,,,待查教学大纲（专业课）
生命科学技术学院,生物科学（国家生命科学与技术基地班）,第8学期,304300007025,植物生理学B232325生科PlantPhysiologyB,5,必修,,,,,,待查教学大纲（专业课）
生命科学技术学院,生物科学（国家生命科学与技术基地班）,第8学期,3043009511,生物物理学232325生科Biophysics,5,必修,,,,,,待查教学大纲（专业课）
生命科学技术学院,生物科学（国家生命科学与技术基地班）,第8学期,3043009219,发育生物学348486生科DevelopmentalBiology,6,必修,,,,,,待查教学大纲（专业课）
生命科学技术学院,生物科学（国家生命科学与技术基地班）,第8学期,3043009402,基因操作原理348486生科PrincipleofGeneManipulation,6,必修,,,,,,待查教学大纲（专业课）
生命科学技术学院,生物科学（国家生命科学与技术基地班）,第8学期,304300007027,现代农业概论116166生科IntroductiontoModernAgriculture,6,必修,,,,,,待查教学大纲（专业课）
生命科学技术学院,生物科学（国家生命科学与技术基地班）,第8学期,304300007005,微生物功能基因组学232326生科FunctionalGenomicsofMicroorganism,6,必修,,,,,,待查教学大纲（专业课）
生命科学技术学院,生物科学（国家生命科学与技术基地班）,第8学期,304300007035,微生物生态学232326生科MicrobiolEcology,6,必修,,,,,,待查教学大纲（专业课）
生命科学技术学院,生物科学（国家生命科学与技术基地班）,第8学期,3043009524,微生物生态学实验130306生科MicrobiolEcologyExperiments,6,必修,,,,,,待查教学大纲（专业课）
生命科学技术学院,生物科学（国家生命科学与技术基地班）,第8学期,3043009407,基因组学232326生科Genomics,6,必修,,,,,,待查教学大纲（专业课）
生命科学技术学院,生物科学（国家生命科学与技术基地班）,第8学期,304300007006,微生物遗传育种232325生科MicrobialGeneticsandBreeding,5,必修,,,,,,待查教学大纲（专业课）
生命科学技术学院,生物科学（国家生命科学与技术基地班）,第8学期,304300009003,MicrobialGenetics130305生科,5,必修,,,,,,待查教学大纲（专业课）
生命科学技术学院,生物科学（国家生命科学与技术基地班）,第8学期,304300007022,微生物技术与产品232325生科MicrobialTechnologyandProducts,5,必修,,,,,,待查教学大纲（专业课）
生命科学技术学院,生物科学（国家生命科学与技术基地班）,第8学期,301300007135,作物栽培学B348485植科CropCultivationScienceB,5,必修,,,,,,待查教学大纲（专业课）
生命科学技术学院,生物科学（国家生命科学与技术基地班）,第8学期,3043009220,作物育种学348485生科CropBreedingScience,5,必修,,,,,,待查教学大纲（专业课）
生命科学技术学院,生物科学（国家生命科学与技术基地班）,第8学期,3043009213,CellCultureand130305生科,5,必修,,,,,,待查教学大纲（专业课）
生命科学技术学院,生物科学（国家生命科学与技术基地班）,第8学期,3043009231,细胞工程A232325生科CellEngineeringA,5,必修,,,,,,待查教学大纲（专业课）
生命科学技术学院,生物科学（国家生命科学与技术基地班）,第8学期,3013009120,植物保护通论B34836126植科GeneralPlantProtectionB,6,必修,,,,,,待查教学大纲（专业课）
生命科学技术学院,生物科学（国家生命科学与技术基地班）,第8学期,3043009417,HumanAnatomyandHistology232324生科,4,必修,,,,,,待查教学大纲（专业课）
生命科学技术学院,生物科学（国家生命科学与技术基地班）,第8学期,3043009418,肿瘤生物学232325生科Oncobiology,5,必修,,,,,,待查教学大纲（专业课）
生命科学技术学院,生物科学（国家生命科学与技术基地班）,第8学期,304300007008,神经生物学232325生科Neurobiology,5,必修,,,,,,待查教学大纲（专业课）
生命科学技术学院,生物科学（国家生命科学与技术基地班）,第8学期,3043009621,免疫学232325生科Immunology,5,必修,,,,,,待查教学大纲（专业课）
生命科学技术学院,生物科学（国家生命科学与技术基地班）,第8学期,304300009010,免疫学实验130305生科ExperimentsofImmunology,5,必修,,,,,,待查教学大纲（专业课）
生命科学技术学院,生物科学（国家生命科学与技术基地班）,第8学期,304300007020,人体病理生理学232325生科HumanPathophysiology,5,必修,,,,,,待查教学大纲（专业课）
生命科学技术学院,生物科学（国家生命科学与技术基地班）,第8学期,304300007044,睡眠学116165生科Hypnosophy,5,必修,,,,,,待查教学大纲（专业课）
生命科学技术学院,生物科学（国家生命科学与技术基地班）,第8学期,304300007019,医学遗传学116166生科MedicalGenetics,6,必修,,,,,,待查教学大纲（专业课）
生命科学技术学院,生物科学（国家生命科学与技术基地班）,第8学期,3043009422,干细胞生物学（全英文）232326生科StemCellBiology,6,必修,,,,,,待查教学大纲（专业课）
生命科学技术学院,生物科学（国家生命科学与技术基地班）,第8学期,9093009905,军事技能本科231必修Militaryskills生院,1,必修,军事训练教程,教育部军委国防动员部,2023版,高等教育出版社,,公共课已匹配
生命科学技术学院,生物科学（国家生命科学与技术基地班）,第8学期,9093009906,本科Innovationand11-7必修生院EntrepreneurshipPractice,7,必修,,,,,,待查教学大纲（专业课）
生命科学技术学院,生物科学（国家生命科学与技术基地班）,第8学期,202300008001,本科ThePracticeofMentalHealth1302必修生院PromotionforUndergraduates,2,必修,,,,,,待查教学大纲（专业课）
生命科学技术学院,生物科学（国家生命科学与技术基地班）,第8学期,3143009105,实践形势与政策（二）1303-8马院必修SituationandPolicyEducation(Ⅱ),8,必修,形势与政策（最新版）,教育部组编,每年更新,高等教育出版社,,公共课已匹配
生命科学技术学院,生物科学（国家生命科学与技术基地班）,第8学期,9093009903,社会实践124团委必修SocialPractice,4,必修,,,,,,待查教学大纲（专业课）
生命科学技术学院,生物科学（国家生命科学与技术基地班）,第8学期,110300008001,志愿服务1301-7团委必修VolunteerService,7,必修,,,,,,待查教学大纲（专业课）
生命科学技术学院,生物科学（国家生命科学与技术基地班）,第8学期,110300008002,美育实践11-7团委必修AestheticPractice,7,必修,,,,,,待查教学大纲（专业课）
生命科学技术学院,生物科学（国家生命科学与技术基地班）,第8学期,304300008015,Comprehensivepracticein244生科必修,4,必修,,,,,,待查教学大纲（专业课）
生命科学技术学院,生物科学（国家生命科学与技术基地班）,第8学期,304300008019,Researchliteracyand4104-6生科必修,6,必修,,,,,,待查教学大纲（专业课）
生命科学技术学院,生物科学（国家生命科学与技术基地班）,第8学期,304300008012,ComprehensiveMolecular26025生科必修,5,必修,,,,,,待查教学大纲（专业课）
生命科学技术学院,生物科学（国家生命科学与技术基地班）,第8学期,304300008016,Project-BasedResearch26024生科选修,4,选修,,,,,,待查教学大纲（专业课）
生命科学技术学院,生物科学（国家生命科学与技术基地班）,第8学期,304300008017,Project-BasedResearch4120105-6生科选修,6,选修,,,,,,待查教学大纲（专业课）
生命科学技术学院,生物科学（国家生命科学与技术基地班）,第8学期,3043009223,ScientificWriting1167生科必修,7,必修,,,,,,待查教学大纲（专业课）
生命科学技术学院,生物科学（国家生命科学与技术基地班）,第8学期,3043009910,毕业论文（设计）6126-8生科必修Thesis,8,必修,,,,,,待查教学大纲（专业课）
生命科学技术学院,生物科学（国家生命科学与技术基地班）,第8学期,304300008013,ComprehensiveBotany1302生科选修,2,选修,,,,,,待查教学大纲（专业课）
生命科学技术学院,生物科学（国家生命科学与技术基地班）,第8学期,304300008014,ComprehensiveExperiments1304生科选修,4,选修,,,,,,待查教学大纲（专业课）
生命科学技术学院,生物科学（国家生命科学与技术基地班）,第8学期,3043009913,ComprehensivePracticeof2604生科选修,4,选修,,,,,,待查教学大纲（专业课）
生命科学技术学院,生物技术（国家生命科学与技术基地班）,第1学期,3043009801,生命科学导论,1,必修,,,,,,待查教学大纲（专业课）
生命科学技术学院,生物技术（国家生命科学与技术基地班）,第1学期,310300001018,微积分B（1）,4,必修,高等数学（第七版·上/下册）,同济大学数学系,第7版,高等教育出版社,,公共课已匹配
生命科学技术学院,生物技术（国家生命科学与技术基地班）,第1学期,310300001007,无机及分析化学A,5,必修,无机及分析化学（第五版）,南京大学《无机及分析化学》编写组,第5版,高等教育出版社,,公共课已匹配
生命科学技术学院,生物技术（国家生命科学与技术基地班）,第1学期,310300001010,无机及分析化学实验A,2,必修,无机及分析化学（第五版）,南京大学《无机及分析化学》编写组,第5版,高等教育出版社,,公共课已匹配
生命科学技术学院,生物技术（国家生命科学与技术基地班）,第1学期,3143009003,中国近现代史纲要,3,必修,中国近现代史纲要（2023年版）,本书编写组,2023年版,高等教育出版社,,公共课已匹配
生命科学技术学院,生物技术（国家生命科学与技术基地班）,1,,外语类课程,,必修类别,新视野大学英语（第三版·读写教程）,郑树棠,第3版,外语教学与研究出版社,,公共课已匹配
生命科学技术学院,生物技术（国家生命科学与技术基地班）,1,,体育类课程,,必修类别,大学体育（教材）,本校编,最新版,校本教材,,公共课已匹配
生命科学技术学院,生物技术（国家生命科学与技术基地班）,第1学期,307300007045,工程基础,1,必修,,,,,,待查教学大纲（专业课）
生命科学技术学院,生物技术（国家生命科学与技术基地班）,第1学期,9093009904,军事理论,2,必修,军事理论课教程,教育部军委国防动员部,2023版,高等教育出版社,,公共课已匹配
生命科学技术学院,生物技术（国家生命科学与技术基地班）,第1学期,9093009905,军事技能,2,必修,军事训练教程,教育部军委国防动员部,2023版,高等教育出版社,,公共课已匹配
生命科学技术学院,生物技术（国家生命科学与技术基地班）,第1学期,9093009774,大学生创新创业基础,1,必修,大学生创新创业基础,本校编,最新版,高等教育出版社,,公共课已匹配
生命科学技术学院,生物技术（国家生命科学与技术基地班）,第1学期,3113009824,写作与沟通11/2学期,2,必修,写作与沟通,马工程/本校编,最新版,高等教育出版社,,公共课已匹配
生命科学技术学院,生物技术（国家生命科学与技术基地班）,第1学期,3143009104,形势与政策（一）11-2学期,2,必修,形势与政策（最新版）,教育部组编,每年更新,高等教育出版社,,公共课已匹配
生命科学技术学院,生物技术（国家生命科学与技术基地班）,第2学期,3043009101,植物学,2,必修,,,,,,待查教学大纲（专业课）
生命科学技术学院,生物技术（国家生命科学与技术基地班）,第2学期,304300009022,植物学实验,1,必修,,,,,,待查教学大纲（专业课）
生命科学技术学院,生物技术（国家生命科学与技术基地班）,第2学期,308300007016,动物学,2,必修,,,,,,待查教学大纲（专业课）
生命科学技术学院,生物技术（国家生命科学与技术基地班）,第2学期,3083009102,动物学实验,1,必修,,,,,,待查教学大纲（专业课）
生命科学技术学院,生物技术（国家生命科学与技术基地班）,第2学期,310300001033,微积分B（2）,4,必修,高等数学（第七版·上/下册）,同济大学数学系,第7版,高等教育出版社,,公共课已匹配
生命科学技术学院,生物技术（国家生命科学与技术基地班）,第2学期,310300001001,有机化学A,4,必修,有机化学（农科类 第三版）,汪小兰,第3版,高等教育出版社,,公共课已匹配
生命科学技术学院,生物技术（国家生命科学与技术基地班）,第2学期,310300001005,有机化学实验B,1,必修,有机化学（农科类 第三版）,汪小兰,第3版,高等教育出版社,,公共课已匹配
生命科学技术学院,生物技术（国家生命科学与技术基地班）,第2学期,314300001006,思想道德与法治,3,必修,思想道德与法治（2023年版）,本书编写组,2023年版,高等教育出版社,,公共课已匹配
生命科学技术学院,生物技术（国家生命科学与技术基地班）,第2学期,317300001008,人工智能应用基础,2,必修,人工智能基础（通识）,大学计算机课程教指委,最新版,高等教育出版社,,公共课已匹配
生命科学技术学院,生物技术（国家生命科学与技术基地班）,第2学期,317300001009,人工智能应用基础实验,1,必修,人工智能基础（通识）,大学计算机课程教指委,最新版,高等教育出版社,,公共课已匹配
生命科学技术学院,生物技术（国家生命科学与技术基地班）,2,,外语类课程,,必修类别,新视野大学英语（第三版·读写教程）,郑树棠,第3版,外语教学与研究出版社,,公共课已匹配
生命科学技术学院,生物技术（国家生命科学与技术基地班）,2,,体育类课程,,必修类别,大学体育（教材）,本校编,最新版,校本教材,,公共课已匹配
生命科学技术学院,生物技术（国家生命科学与技术基地班）,第2学期,202300006005,大学生心理发展与指导,1,必修,大学生心理健康教育,郑日昌,最新版,高等教育出版社,,公共课已匹配
生命科学技术学院,生物技术（国家生命科学与技术基地班）,第2学期,202300008001,大学生心理素质拓展,1,必修,大学生心理健康教育,郑日昌,最新版,高等教育出版社,,公共课已匹配
生命科学技术学院,生物技术（国家生命科学与技术基地班）,第2学期,304300008013,植物学综合实验1选修,1,选修,,,,,,待查教学大纲（专业课）
生命科学技术学院,生物技术（国家生命科学与技术基地班）,第2学期,3113009824,写作与沟通11/2学期,2,必修,写作与沟通,马工程/本校编,最新版,高等教育出版社,,公共课已匹配
生命科学技术学院,生物技术（国家生命科学与技术基地班）,第2学期,3143009104,形势与政策（一）11-2学期,2,必修,形势与政策（最新版）,教育部组编,每年更新,高等教育出版社,,公共课已匹配
生命科学技术学院,生物技术（国家生命科学与技术基地班）,第3学期,314300001008,毛泽东思想和中国特色3社会主义理论体系概论,3,必修,毛泽东思想和中国特色社会主义理论体系概论（2023年版）,本书编写组,2023年版,高等教育出版社,,公共课已匹配
生命科学技术学院,生物技术（国家生命科学与技术基地班）,第3学期,314300001009,习近平新时代中国特色3社会主义思想概论,3,必修,习近平新时代中国特色社会主义思想概论（2023年版）,本书编写组,2023年版,高等教育出版社,,公共课已匹配
生命科学技术学院,生物技术（国家生命科学与技术基地班）,第3学期,3043009227,遗传学A,4,必修,,,,,,待查教学大纲（专业课）
生命科学技术学院,生物技术（国家生命科学与技术基地班）,第3学期,304300009016,遗传学实验A,1,必修,,,,,,待查教学大纲（专业课）
生命科学技术学院,生物技术（国家生命科学与技术基地班）,第3学期,304300007001,生物化学A,4,必修,,,,,,待查教学大纲（专业课）
生命科学技术学院,生物技术（国家生命科学与技术基地班）,第3学期,304300009001,生物化学实验,2,必修,,,,,,待查教学大纲（专业课）
生命科学技术学院,生物技术（国家生命科学与技术基地班）,第3学期,310300001024,线性代数A,3,必修,线性代数（第六版）,同济大学数学系,第6版,高等教育出版社,9787040396632,公共课已匹配
生命科学技术学院,生物技术（国家生命科学与技术基地班）,第3学期,310300001028,大学物理学B,4,必修,物理学（第七版）,马文蔚,第7版,高等教育出版社,9787571720,公共课已匹配
生命科学技术学院,生物技术（国家生命科学与技术基地班）,第3学期,310300001031,大学物理学实验,1,必修,物理学（第七版）,马文蔚,第7版,高等教育出版社,9787571720,公共课已匹配
生命科学技术学院,生物技术（国家生命科学与技术基地班）,3,,外语类课程,,必修类别,新视野大学英语（第三版·读写教程）,郑树棠,第3版,外语教学与研究出版社,,公共课已匹配
生命科学技术学院,生物技术（国家生命科学与技术基地班）,3,,体育类课程,,必修类别,大学体育（教材）,本校编,最新版,校本教材,,公共课已匹配
生命科学技术学院,生物技术（国家生命科学与技术基地班）,第4学期,310300001022,概率论与数理统计B,3,必修,概率论与数理统计（第五版）,盛骤 谢式千,第5版,高等教育出版社,9787040384876,公共课已匹配
生命科学技术学院,生物技术（国家生命科学与技术基地班）,第4学期,304300007057,微生物学A,3,必修,,,,,,待查教学大纲（专业课）
生命科学技术学院,生物技术（国家生命科学与技术基地班）,第4学期,304300009019,微生物学实验,1,必修,,,,,,待查教学大纲（专业课）
生命科学技术学院,生物技术（国家生命科学与技术基地班）,第4学期,3043009201,细胞生物学A,3,必修,,,,,,待查教学大纲（专业课）
生命科学技术学院,生物技术（国家生命科学与技术基地班）,第4学期,3043009203,细胞生物学实验,1,必修,,,,,,待查教学大纲（专业课）
生命科学技术学院,生物技术（国家生命科学与技术基地班）,第4学期,304300007058,分子生物学A,3,必修,,,,,,待查教学大纲（专业课）
生命科学技术学院,生物技术（国家生命科学与技术基地班）,第4学期,304300008019,科研素养和创新实践,4,必修,,,,,,待查教学大纲（专业课）
生命科学技术学院,生物技术（国家生命科学与技术基地班）,第4学期,304300008016,选修：与项目制科研实践（下）项目制科研实践（上）2联合选修,2,选修,,,,,,待查教学大纲（专业课）
生命科学技术学院,生物技术（国家生命科学与技术基地班）,第4学期,314300001007,马克思主义基本原理,3,必修,马克思主义基本原理（2023年版）,本书编写组,2023年版,高等教育出版社,,公共课已匹配
生命科学技术学院,生物技术（国家生命科学与技术基地班）,4,,外语类课程,,必修类别,新视野大学英语（第三版·读写教程）,郑树棠,第3版,外语教学与研究出版社,,公共课已匹配
生命科学技术学院,生物技术（国家生命科学与技术基地班）,4,,体育类课程,,必修类别,大学体育（教材）,本校编,最新版,校本教材,,公共课已匹配
生命科学技术学院,生物技术（国家生命科学与技术基地班）,第4学期,9093009903,社会实践13周，暑假进行,3,必修,,,,,,待查教学大纲（专业课）
生命科学技术学院,生物技术（国家生命科学与技术基地班）,4,,通识课程,,选修类别,,,,,,待查教学大纲（专业课）
生命科学技术学院,生物技术（国家生命科学与技术基地班）,第4学期,304300008014,微生物学综合实验1选修、暑假,1,选修,,,,,,待查教学大纲（专业课）
生命科学技术学院,生物技术（国家生命科学与技术基地班）,第5学期,304300007054,人工智能生物学,1,必修,,,,,,待查教学大纲（专业课）
生命科学技术学院,生物技术（国家生命科学与技术基地班）,第5学期,304300008012,分子生物学综合实验25-,6,必修,,,,,,待查教学大纲（专业课）
生命科学技术学院,生物技术（国家生命科学与技术基地班）,第5学期,304300008019,科研素养和创新实践,4,必修,,,,,,待查教学大纲（专业课）
生命科学技术学院,生物技术（国家生命科学与技术基地班）,第5学期,304300008017,选修：与项目制科研实践（上）项目制科研实践（下）4联合选修,4,选修,,,,,,待查教学大纲（专业课）
生命科学技术学院,生物技术（国家生命科学与技术基地班）,第6学期,304300008015,生物技术专业综合实习,2,必修,,,,,,待查教学大纲（专业课）
生命科学技术学院,生物技术（国家生命科学与技术基地班）,第6学期,304300007049,合成生物学原理,3,必修,,,,,,待查教学大纲（专业课）
生命科学技术学院,生物技术（国家生命科学与技术基地班）,第6学期,304300008019,科研素养和创新实践,4,必修,,,,,,待查教学大纲（专业课）
生命科学技术学院,生物技术（国家生命科学与技术基地班）,第6学期,304300008017,选修：与项目制科研实践（上）项目制科研实践（下）4联合选修,4,选修,,,,,,待查教学大纲（专业课）
生命科学技术学院,生物技术（国家生命科学与技术基地班）,第7学期,3043009223,科技论文写作,1,必修,,,,,,待查教学大纲（专业课）
生命科学技术学院,生物技术（国家生命科学与技术基地班）,第8学期,3143009104,形势与政策（二）,1,必修,形势与政策（最新版）,教育部组编,每年更新,高等教育出版社,,公共课已匹配
生命科学技术学院,生物技术（国家生命科学与技术基地班）,第8学期,3043009910,毕业论文（设计）6从第6学期开始,6,必修,,,,,,待查教学大纲（专业课）
生命科学技术学院,生物技术（国家生命科学与技术基地班）,第8学期,3143009003,中国近现代史纲要3484261马院OutlineofModernChineseHistory,1,必修,中国近现代史纲要（2023年版）,本书编写组,2023年版,高等教育出版社,,公共课已匹配
生命科学技术学院,生物技术（国家生命科学与技术基地班）,第8学期,314300001006,思想道德与法治3484262马院IdeologyMoralityandRuleofLaw,2,必修,思想道德与法治（2023年版）,本书编写组,2023年版,高等教育出版社,,公共课已匹配
生命科学技术学院,生物技术（国家生命科学与技术基地班）,第8学期,314300001008,BasicTheoryofMaoZedong3484083马院,3,必修,,,,,,待查教学大纲（专业课）
生命科学技术学院,生物技术（国家生命科学与技术基地班）,第8学期,314300001009,BasicTheoryofXiJinping3484083马院,3,必修,,,,,,待查教学大纲（专业课）
生命科学技术学院,生物技术（国家生命科学与技术基地班）,第8学期,314300001007,马克思主义基本原理3484264马院BasicKnowledgeofMarxism,4,必修,马克思主义基本原理（2023年版）,本书编写组,2023年版,高等教育出版社,,公共课已匹配
生命科学技术学院,生物技术（国家生命科学与技术基地班）,第8学期,3143009104,形势与政策（一）116161-2马院SituationandPolicyEducation(1),1,必修,形势与政策（最新版）,教育部组编,每年更新,高等教育出版社,,公共课已匹配
生命科学技术学院,生物技术（国家生命科学与技术基地班）,第8学期,314110001001,中国马克思主义与当代232327马院ChineseMarxismandContemporary,7,必修,,,,,,待查教学大纲（专业课）
生命科学技术学院,生物技术（国家生命科学与技术基地班）,第8学期,9093009904,军事理论本科232321MilitaryTheory生院,1,必修,军事理论课教程,教育部军委国防动员部,2023版,高等教育出版社,,公共课已匹配
生命科学技术学院,生物技术（国家生命科学与技术基地班）,第8学期,310300001034,大学数学（1）580801信息GeneralMathematicsⅠ,1,必修,,,,,,待查教学大纲（专业课）
生命科学技术学院,生物技术（国家生命科学与技术基地班）,第8学期,310300001035,大学数学（2）580802信息GeneralMathematicsII,2,必修,,,,,,待查教学大纲（专业课）
生命科学技术学院,生物技术（国家生命科学与技术基地班）,第8学期,310300001028,大学物理B464643工学CollegePhysicsB,3,必修,物理学（第七版）,马文蔚,第7版,高等教育出版社,9787571720,公共课已匹配
生命科学技术学院,生物技术（国家生命科学与技术基地班）,第8学期,310300001031,大学物理实验130303工学CollegePhysicsExperiment,3,必修,物理学（第七版）,马文蔚,第7版,高等教育出版社,9787571720,公共课已匹配
生命科学技术学院,生物技术（国家生命科学与技术基地班）,第8学期,310300007053,高等化学I580801化学AdvancedChemistryI,1,必修,,,,,,待查教学大纲（专业课）
生命科学技术学院,生物技术（国家生命科学与技术基地班）,第8学期,310300009015,高等化学实验I130301化学AdvancedChemistryExperimentI,1,必修,,,,,,待查教学大纲（专业课）
生命科学技术学院,生物技术（国家生命科学与技术基地班）,第8学期,310300007051,高等化学II580802化学AdvancedChemistryII,2,必修,,,,,,待查教学大纲（专业课）
生命科学技术学院,生物技术（国家生命科学与技术基地班）,第8学期,310300009014,高等化学实验II130302化学AdvancedChemistryExperimentII,2,必修,,,,,,待查教学大纲（专业课）
生命科学技术学院,生物技术（国家生命科学与技术基地班）,第8学期,317300001008,FundamentalsofArtificial232322信息,2,必修,,,,,,待查教学大纲（专业课）
生命科学技术学院,生物技术（国家生命科学与技术基地班）,第8学期,317300001009,ExperimentsontheFundamentalsof130302信息,2,必修,,,,,,待查教学大纲（专业课）
生命科学技术学院,生物技术（国家生命科学与技术基地班）,第8学期,304300007054,FoundationsofArtificialIntelligence116165信息,5,必修,,,,,,待查教学大纲（专业课）
生命科学技术学院,生物技术（国家生命科学与技术基地班）,第8学期,3123009081,高阶英语I464641外语AdvancedEnglishⅠ,1,必修,,,,,,待查教学大纲（专业课）
生命科学技术学院,生物技术（国家生命科学与技术基地班）,第8学期,3123009082,高阶英语II464642外语AdvancedEnglishⅡ,2,必修,,,,,,待查教学大纲（专业课）
生命科学技术学院,生物技术（国家生命科学与技术基地班）,第8学期,311300006004,世界文明史专题232324文法WorldCivilizationHistory,4,必修,,,,,,待查教学大纲（专业课）
生命科学技术学院,生物技术（国家生命科学与技术基地班）,第8学期,311300006003,PhilosophicalWisdomand232324文法,4,必修,,,,,,待查教学大纲（专业课）
生命科学技术学院,生物技术（国家生命科学与技术基地班）,第8学期,311300006002,文学与文化232321文法LiteratureandCulture,1,必修,,,,,,待查教学大纲（专业课）
生命科学技术学院,生物技术（国家生命科学与技术基地班）,第8学期,311300006001,艺术与审美232323文法ArtandAesthetics,3,必修,,,,,,待查教学大纲（专业课）
生命科学技术学院,生物技术（国家生命科学与技术基地班）,第8学期,3043009110,基础生物学580802生科BasicBiology,2,必修,,,,,,待查教学大纲（专业课）
生命科学技术学院,生物技术（国家生命科学与技术基地班）,第8学期,304300009011,基础生物学实验260602生科BasicBiologyExperiment,2,必修,,,,,,待查教学大纲（专业课）
生命科学技术学院,生物技术（国家生命科学与技术基地班）,第8学期,3043009227,遗传学A464643生科GeneticsA,3,必修,,,,,,待查教学大纲（专业课）
生命科学技术学院,生物技术（国家生命科学与技术基地班）,第8学期,304300007060,生物化学与分子生物学I580803生科BiochemistryandMolecularBiologyⅠ,3,必修,,,,,,待查教学大纲（专业课）
生命科学技术学院,生物技术（国家生命科学与技术基地班）,第8学期,304300007061,生物化学与分子生物学II464644生科BiochemistryandMolecularBiologyII,4,必修,,,,,,待查教学大纲（专业课）
生命科学技术学院,生物技术（国家生命科学与技术基地班）,第8学期,3043009201,细胞生物学A348484生科CellBiologyA,4,必修,,,,,,待查教学大纲（专业课）
生命科学技术学院,生物技术（国家生命科学与技术基地班）,第8学期,304300009023,项目制综合实验41201203-5生科Project-BasedComprehensiveExperiment,5,必修,,,,,,待查教学大纲（专业课）
生命科学技术学院,生物技术（国家生命科学与技术基地班）,第8学期,3043009801,生命科学导论116161生科IntroductiontoLifeSciences,1,必修,,,,,,待查教学大纲（专业课）
生命科学技术学院,生物技术（国家生命科学与技术基地班）,第8学期,304300007034,生命科学前沿232325生科FrontiersofLifeSciences,5,必修,,,,,,待查教学大纲（专业课）
生命科学技术学院,生物技术（国家生命科学与技术基地班）,第8学期,304300007033,科学素养与学术规范116165生科ScientificLiteracyandAcademicNorms,5,必修,,,,,,待查教学大纲（专业课）
生命科学技术学院,生物技术（国家生命科学与技术基地班）,第8学期,304300007032,英文科技论文写作116165生科WritingScientificPapersinEnglish,5,必修,,,,,,待查教学大纲（专业课）
生命科学技术学院,生物技术（国家生命科学与技术基地班）,第8学期,3043009916,文献研读232325生科LiteratureReading,5,必修,,,,,,待查教学大纲（专业课）
生命科学技术学院,生物技术（国家生命科学与技术基地班）,第8学期,304300007049,合成生物学原理34848春季生科FundamentalsofSyntheticBiology,48,必修,,,,,,待查教学大纲（专业课）
生命科学技术学院,生物技术（国家生命科学与技术基地班）,第8学期,304300007070,演化生物学11616春季生科EvolutionaryBiology,16,必修,,,,,,待查教学大纲（专业课）
生命科学技术学院,生物技术（国家生命科学与技术基地班）,第8学期,3043009402,基因操作原理34848春季生科PrinciplesofGeneManipulation,48,必修,,,,,,待查教学大纲（专业课）
生命科学技术学院,生物技术（国家生命科学与技术基地班）,第8学期,304300007040,表观基因组学23232秋季生科Epigenetics,32,必修,,,,,,待查教学大纲（专业课）
生命科学技术学院,生物技术（国家生命科学与技术基地班）,第8学期,304300007004,生物信息学23232春季生科Bioinformatics,32,必修,,,,,,待查教学大纲（专业课）
生命科学技术学院,生物技术（国家生命科学与技术基地班）,第8学期,3043009212,生物统计23232秋季生科Biostatistics,32,必修,,,,,,待查教学大纲（专业课）
生命科学技术学院,生物技术（国家生命科学与技术基地班）,第8学期,204110004002,生物育种新技术研究23232秋季Newtechnologiesinbiologicalbreeding生院,32,必修,,,,,,待查教学大纲（专业课）
生命科学技术学院,生物技术（国家生命科学与技术基地班）,第8学期,3043009224,群体遗传学23232秋季生科PopulationGenetics,32,必修,,,,,,待查教学大纲（专业课）
生命科学技术学院,生物技术（国家生命科学与技术基地班）,第8学期,304300007016,细胞工程23232秋季生科CellEngineering,32,必修,,,,,,待查教学大纲（专业课）
生命科学技术学院,生物技术（国家生命科学与技术基地班）,第8学期,3043009230,基因工程23232春季生科GeneEngineering,32,必修,,,,,,待查教学大纲（专业课）
生命科学技术学院,生物技术（国家生命科学与技术基地班）,第8学期,304300007031,生物医学科学导论23232春季生科IntroductiontoBiomedicalScience,32,必修,,,,,,待查教学大纲（专业课）
生命科学技术学院,生物技术（国家生命科学与技术基地班）,第8学期,304300007008,神经生物学23232秋季生科Neurobiology,32,必修,,,,,,待查教学大纲（专业课）
生命科学技术学院,生物技术（国家生命科学与技术基地班）,第8学期,304300007030,医学免疫学23232秋季生科MedicalImmunology,32,必修,,,,,,待查教学大纲（专业课）
生命科学技术学院,生物技术（国家生命科学与技术基地班）,第8学期,3043009418,肿瘤生物学23232秋季生科Oncobiology,32,必修,,,,,,待查教学大纲（专业课）
生命科学技术学院,生物技术（国家生命科学与技术基地班）,第8学期,304300007028,营养流行病学23232春季生科NutritionalEpidemiology,32,必修,,,,,,待查教学大纲（专业课）
生命科学技术学院,生物技术（国家生命科学与技术基地班）,第8学期,9093009905,军事技能21Militaryskills,1,必修,军事训练教程,教育部军委国防动员部,2023版,高等教育出版社,,公共课已匹配
生命科学技术学院,生物技术（国家生命科学与技术基地班）,第8学期,3143009105,Situationand13-,8,必修,,,,,,待查教学大纲（专业课）
生命科学技术学院,生物技术（国家生命科学与技术基地班）,第8学期,9093009903,社会实践12SocialPractice,2,必修,,,,,,待查教学大纲（专业课）
生命科学技术学院,生物技术（国家生命科学与技术基地班）,第8学期,304300008003,ScientificResearch41-7得学科竞赛奖励，具体要求参照《狮山英,7,必修,,,,,,待查教学大纲（专业课）
生命科学技术学院,生物技术（国家生命科学与技术基地班）,第1学期,3043009801,生命科学导论1荣誉选修课程,1,选修,,,,,,待查教学大纲（专业课）
生命科学技术学院,生物技术（国家生命科学与技术基地班）,第1学期,310300001034,大学数学（1）,5,必修,,,,,,待查教学大纲（专业课）
生命科学技术学院,生物技术（国家生命科学与技术基地班）,第1学期,310300007053,高等化学I,5,必修,,,,,,待查教学大纲（专业课）
生命科学技术学院,生物技术（国家生命科学与技术基地班）,第1学期,310300009015,高等化学实验I,1,必修,,,,,,待查教学大纲（专业课）
生命科学技术学院,生物技术（国家生命科学与技术基地班）,第1学期,3143009003,中国近现代史纲要,3,必修,中国近现代史纲要（2023年版）,本书编写组,2023年版,高等教育出版社,,公共课已匹配
生命科学技术学院,生物技术（国家生命科学与技术基地班）,第1学期,3123009081,高阶英语I,4,必修,,,,,,待查教学大纲（专业课）
生命科学技术学院,生物技术（国家生命科学与技术基地班）,1,,体育类课程,,必修类别,大学体育（教材）,本校编,最新版,校本教材,,公共课已匹配
生命科学技术学院,生物技术（国家生命科学与技术基地班）,第1学期,9093009904,军事理论,2,必修,军事理论课教程,教育部军委国防动员部,2023版,高等教育出版社,,公共课已匹配
生命科学技术学院,生物技术（国家生命科学与技术基地班）,第1学期,9093009905,军事技能,2,必修,军事训练教程,教育部军委国防动员部,2023版,高等教育出版社,,公共课已匹配
生命科学技术学院,生物技术（国家生命科学与技术基地班）,第1学期,311300006002,文学与文化,2,必修,,,,,,待查教学大纲（专业课）
生命科学技术学院,生物技术（国家生命科学与技术基地班）,第1学期,3143009104,形势与政策（一）,1,必修,形势与政策（最新版）,教育部组编,每年更新,高等教育出版社,,公共课已匹配
生命科学技术学院,生物技术（国家生命科学与技术基地班）,第2学期,310300001035,大学数学（2）,5,必修,,,,,,待查教学大纲（专业课）
生命科学技术学院,生物技术（国家生命科学与技术基地班）,第2学期,310300007051,高等化学II,5,必修,,,,,,待查教学大纲（专业课）
生命科学技术学院,生物技术（国家生命科学与技术基地班）,第2学期,310300009014,高等化学实验II,1,必修,,,,,,待查教学大纲（专业课）
生命科学技术学院,生物技术（国家生命科学与技术基地班）,第2学期,317300001008,人工智能应用基础,2,必修,人工智能基础（通识）,大学计算机课程教指委,最新版,高等教育出版社,9787428708,公共课已匹配
生命科学技术学院,生物技术（国家生命科学与技术基地班）,第2学期,317300001009,人工智能应用基础实验,1,必修,人工智能基础（通识）,大学计算机课程教指委,最新版,高等教育出版社,9787428708,公共课已匹配
生命科学技术学院,生物技术（国家生命科学与技术基地班）,第2学期,3123009082,高阶英语II,4,必修,,,,,,待查教学大纲（专业课）
生命科学技术学院,生物技术（国家生命科学与技术基地班）,第2学期,314300001006,思想道德与法治,3,必修,思想道德与法治（2023年版）,本书编写组,2023年版,高等教育出版社,,公共课已匹配
生命科学技术学院,生物技术（国家生命科学与技术基地班）,2,,体育类课程,,必修类别,大学体育（教材）,本校编,最新版,校本教材,,公共课已匹配
生命科学技术学院,生物技术（国家生命科学与技术基地班）,第2学期,3043009110,基础生物学,5,必修,,,,,,待查教学大纲（专业课）
生命科学技术学院,生物技术（国家生命科学与技术基地班）,第2学期,304300009011,基础生物学实验,2,必修,,,,,,待查教学大纲（专业课）
生命科学技术学院,生物技术（国家生命科学与技术基地班）,第2学期,9093009903,社会实践1暑假进行,1,必修,,,,,,待查教学大纲（专业课）
生命科学技术学院,生物技术（国家生命科学与技术基地班）,第3学期,314300001008,毛泽东思想和中国特色3社会主义理论体系概论,3,必修,毛泽东思想和中国特色社会主义理论体系概论（2023年版）,本书编写组,2023年版,高等教育出版社,9787301299,公共课已匹配
生命科学技术学院,生物技术（国家生命科学与技术基地班）,第3学期,314300001009,习近平新时代中国特色3社会主义思想概论,3,必修,习近平新时代中国特色社会主义思想概论（2023年版）,本书编写组,2023年版,高等教育出版社,,公共课已匹配
生命科学技术学院,生物技术（国家生命科学与技术基地班）,第3学期,3043009227,遗传学A,4,必修,,,,,,待查教学大纲（专业课）
生命科学技术学院,生物技术（国家生命科学与技术基地班）,第3学期,304300007060,生物化学与分子生物学I,5,必修,,,,,,待查教学大纲（专业课）
生命科学技术学院,生物技术（国家生命科学与技术基地班）,第3学期,310300001028,大学物理学B,4,必修,物理学（第七版）,马文蔚,第7版,高等教育出版社,9787571720,公共课已匹配
生命科学技术学院,生物技术（国家生命科学与技术基地班）,第3学期,310300001031,大学物理学实验,1,必修,物理学（第七版）,马文蔚,第7版,高等教育出版社,9787571720,公共课已匹配
生命科学技术学院,生物技术（国家生命科学与技术基地班）,第3学期,311300006001,艺术与审美,2,必修,,,,,,待查教学大纲（专业课）
生命科学技术学院,生物技术（国家生命科学与技术基地班）,3,,体育类课程,,必修类别,大学体育（教材）,本校编,最新版,校本教材,,公共课已匹配
生命科学技术学院,生物技术（国家生命科学与技术基地班）,第4学期,304300007061,生物化学与分子生物学II,4,必修,,,,,,待查教学大纲（专业课）
生命科学技术学院,生物技术（国家生命科学与技术基地班）,第4学期,3043009201,细胞生物学A,3,必修,,,,,,待查教学大纲（专业课）
生命科学技术学院,生物技术（国家生命科学与技术基地班）,第4学期,314300001007,马克思主义基本原理,3,必修,马克思主义基本原理（2023年版）,本书编写组,2023年版,高等教育出版社,,公共课已匹配
生命科学技术学院,生物技术（国家生命科学与技术基地班）,4,,体育类课程,,必修类别,大学体育（教材）,本校编,最新版,校本教材,,公共课已匹配
生命科学技术学院,生物技术（国家生命科学与技术基地班）,第4学期,311300006004,世界文明史专题,2,必修,,,,,,待查教学大纲（专业课）
生命科学技术学院,生物技术（国家生命科学与技术基地班）,第4学期,311300006003,哲学智慧与科学思维,2,必修,,,,,,待查教学大纲（专业课）
生命科学技术学院,生物技术（国家生命科学与技术基地班）,第5学期,304300009023,项目制综合实验,4,必修,,,,,,待查教学大纲（专业课）
生命科学技术学院,生物技术（国家生命科学与技术基地班）,第5学期,304300007054,人工智能生物学,1,必修,,,,,,待查教学大纲（专业课）
生命科学技术学院,生物技术（国家生命科学与技术基地班）,第5学期,304300007033,科学素养与学术规范1荣誉选修课程,1,选修,,,,,,待查教学大纲（专业课）
生命科学技术学院,生物技术（国家生命科学与技术基地班）,第5学期,304300007034,生命科学前沿2荣誉选修课程,2,选修,,,,,,待查教学大纲（专业课）
生命科学技术学院,生物技术（国家生命科学与技术基地班）,第5学期,304300007032,英文科技论文写作1荣誉选修课程,1,选修,,,,,,待查教学大纲（专业课）
生命科学技术学院,生物技术（国家生命科学与技术基地班）,第5学期,3043009916,文献阅读2荣誉选修课程,2,选修,,,,,,待查教学大纲（专业课）
生命科学技术学院,生物技术（国家生命科学与技术基地班）,第7学期,314110001001,中国马克思主义与当代,2,必修,,,,,,待查教学大纲（专业课）
生命科学技术学院,生物技术（国家生命科学与技术基地班）,第7学期,3143009105,形势与政策（二）12-8学期,8,必修,形势与政策（最新版）,教育部组编,每年更新,高等教育出版社,,公共课已匹配
生命科学技术学院,生物技术（国家生命科学与技术基地班）,第7学期,304300008003,科研训练4从第4学期开始,4,必修,,,,,,待查教学大纲（专业课）
园艺林学学院,园艺,第1学期,314300001006,思想道德与法治,3,必修,思想道德与法治（2023年版）,本书编写组,2023年版,高等教育出版社,,公共课已匹配
园艺林学学院,园艺,第1学期,3143009104,形势与政策（一）,1,必修,形势与政策（最新版）,教育部组编,每年更新,高等教育出版社,,公共课已匹配
园艺林学学院,园艺,第1学期,310300001019,微积分C,5,必修,高等数学（第七版·上/下册）,同济大学数学系,第7版,高等教育出版社,9787308798,公共课已匹配
园艺林学学院,园艺,第1学期,310300001002,有机化学B,3,必修,有机化学（农科类 第三版）,汪小兰,第3版,高等教育出版社,,公共课已匹配
园艺林学学院,园艺,第1学期,310300001005,有机化学实验B,1,必修,有机化学（农科类 第三版）,汪小兰,第3版,高等教育出版社,,公共课已匹配
园艺林学学院,园艺,第1学期,9093009905,军事技能,2,必修,军事训练教程,教育部军委国防动员部,2023版,高等教育出版社,,公共课已匹配
园艺林学学院,园艺,第1学期,305300008037,园艺产业实习(1),1,必修,,,,,,待查教学大纲（专业课）
园艺林学学院,园艺,第1学期,317300001008,人工智能应用基础,2,必修,人工智能基础（通识）,大学计算机课程教指委,最新版,高等教育出版社,9787428708,公共课已匹配
园艺林学学院,园艺,第1学期,317300001009,人工智能应用基础实验,1,必修,人工智能基础（通识）,大学计算机课程教指委,最新版,高等教育出版社,9787428708,公共课已匹配
园艺林学学院,园艺,第1学期,202300006005,大学生心理发展与指导,1,必修,大学生心理健康教育,郑日昌,最新版,高等教育出版社,,公共课已匹配
园艺林学学院,园艺,第1学期,202300008001,大学生心理素质拓展,1,必修,大学生心理健康教育,郑日昌,最新版,高等教育出版社,,公共课已匹配
园艺林学学院,园艺,第1学期,3113009824,写作与沟通,1,必修,写作与沟通,马工程/本校编,最新版,高等教育出版社,,公共课已匹配
园艺林学学院,园艺,1,,外语类课程,,必修类别,新视野大学英语（第三版·读写教程）,郑树棠,第3版,外语教学与研究出版社,,公共课已匹配
园艺林学学院,园艺,1,,体育类课程,,必修类别,大学体育（教材）,本校编,最新版,校本教材,,公共课已匹配
园艺林学学院,园艺,第2学期,3143009003,中国近现代史纲要,3,必修,中国近现代史纲要（2023年版）,本书编写组,2023年版,高等教育出版社,,公共课已匹配
园艺林学学院,园艺,第2学期,310300001025,线性代数B,2,必修,线性代数（第六版）,同济大学数学系,第6版,高等教育出版社,9787040396632,公共课已匹配
园艺林学学院,园艺,第2学期,310300001022,概率论与数理统计B,3,必修,概率论与数理统计（第五版）,盛骤 谢式千,第5版,高等教育出版社,9787040384876,公共课已匹配
园艺林学学院,园艺,第2学期,310300001008,无机及分析化学B,4,必修,无机及分析化学（第五版）,南京大学《无机及分析化学》编写组,第5版,高等教育出版社,,公共课已匹配
园艺林学学院,园艺,第2学期,310300001011,无机及分析化学实验B,2,必修,无机及分析化学（第五版）,南京大学《无机及分析化学》编写组,第5版,高等教育出版社,,公共课已匹配
园艺林学学院,园艺,第2学期,3043009101,植物学,2,必修,,,,,,待查教学大纲（专业课）
园艺林学学院,园艺,第2学期,304300009022,植物学实验,1,必修,,,,,,待查教学大纲（专业课）
园艺林学学院,园艺,第2学期,307300007045,工程基础,1,必修,,,,,,待查教学大纲（专业课）
园艺林学学院,园艺,第2学期,9093009904,军事理论,2,必修,军事理论课教程,教育部军委国防动员部,2023版,高等教育出版社,,公共课已匹配
园艺林学学院,园艺,第2学期,9093009774,大学生创新创业基础,1,必修,大学生创新创业基础,本校编,最新版,高等教育出版社,,公共课已匹配
园艺林学学院,园艺,2,,外语类课程,,必修类别,新视野大学英语（第三版·读写教程）,郑树棠,第3版,外语教学与研究出版社,,公共课已匹配
园艺林学学院,园艺,2,,体育类课程,,必修类别,大学体育（教材）,本校编,最新版,校本教材,,公共课已匹配
园艺林学学院,园艺,第3学期,314300001007,马克思主义基本原理,3,必修,马克思主义基本原理（2023年版）,本书编写组,2023年版,高等教育出版社,,公共课已匹配
园艺林学学院,园艺,第3学期,304300007052,微生物学B,3,必修,,,,,,待查教学大纲（专业课）
园艺林学学院,园艺,第3学期,301300007147,遗传学B,3,必修,,,,,,待查教学大纲（专业课）
园艺林学学院,园艺,第3学期,301300009011,遗传学实验C,1,必修,,,,,,待查教学大纲（专业课）
园艺林学学院,园艺,第3学期,301300007144,生物化学B,4,必修,,,,,,待查教学大纲（专业课）
园艺林学学院,园艺,第3学期,301300009009,植物生物化学实验,1,必修,,,,,,待查教学大纲（专业课）
园艺林学学院,园艺,3,,外语类课程,,必修类别,新视野大学英语（第三版·读写教程）,郑树棠,第3版,外语教学与研究出版社,,公共课已匹配
园艺林学学院,园艺,3,,体育类课程,,必修类别,大学体育（教材）,本校编,最新版,校本教材,,公共课已匹配
园艺林学学院,园艺,第4学期,314300001008,毛泽东思想和中国特色3社会主义理论体系概论,3,必修,毛泽东思想和中国特色社会主义理论体系概论（2023年版）,本书编写组,2023年版,高等教育出版社,9787301299,公共课已匹配
园艺林学学院,园艺,第4学期,314300001009,习近平新时代中国特色3社会主义思想概论,3,必修,习近平新时代中国特色社会主义思想概论（2023年版）,本书编写组,2023年版,高等教育出版社,,公共课已匹配
园艺林学学院,园艺,第4学期,3013009233,园艺植物病理学,3,必修,,,,,,待查教学大纲（专业课）
园艺林学学院,园艺,第4学期,3013009104,植物生理学A,3,必修,,,,,,待查教学大纲（专业课）
园艺林学学院,园艺,第4学期,301300009012,植物生理学实验,1,必修,,,,,,待查教学大纲（专业课）
园艺林学学院,园艺,第4学期,305300007091,园艺产品贮藏运销学,4,必修,,,,,,待查教学大纲（专业课）
园艺林学学院,园艺,4,,外语类课程,,必修类别,新视野大学英语（第三版·读写教程）,郑树棠,第3版,外语教学与研究出版社,,公共课已匹配
园艺林学学院,园艺,4,,体育类课程,,必修类别,大学体育（教材）,本校编,最新版,校本教材,,公共课已匹配
园艺林学学院,园艺,第5学期,3053009128,试验设计与统计分析,3,必修,,,,,,待查教学大纲（专业课）
园艺林学学院,园艺,第5学期,305300007088,园艺植物生物技术,4,必修,,,,,,待查教学大纲（专业课）
园艺林学学院,园艺,第5学期,305300007089,园艺植物育种学（总论）,3,必修,,,,,,待查教学大纲（专业课）
园艺林学学院,园艺,第5学期,305300007090,园艺植物栽培学（总论）,3,必修,,,,,,待查教学大纲（专业课）
园艺林学学院,园艺,第5学期,305300008038,园艺产业实习(2),1,必修,,,,,,待查教学大纲（专业课）
园艺林学学院,园艺,第5学期,305300008039,果树田间综合管理教学实习（一）,3,必修,,,,,,待查教学大纲（专业课）
园艺林学学院,园艺,第5学期,305300008040,蔬菜种苗繁育教学实习3基础理论、产业精英方,3,必修,,,,,,待查教学大纲（专业课）
园艺林学学院,园艺,第5学期,305300008041,花卉繁育与栽培教学实习,3,必修,,,,,,待查教学大纲（专业课）
园艺林学学院,园艺,第5学期,305300008047,3周实习芳香植物认知与实践3康养园艺模块实践课,3,必修,,,,,,待查教学大纲（专业课）
园艺林学学院,园艺,第5学期,305300008045,3周实习创新创业综合实习（1）3综合素质模块实践课,3,必修,,,,,,待查教学大纲（专业课）
园艺林学学院,园艺,第6学期,305300008042,果树田间综合管理教学实习（二）,3,必修,,,,,,待查教学大纲（专业课）
园艺林学学院,园艺,第6学期,305300008043,蔬菜田间综合管理教学实习3基础理论、产业精英方,3,必修,,,,,,待查教学大纲（专业课）
园艺林学学院,园艺,第6学期,305300008044,花卉采后流通及应用教学实习,3,必修,,,,,,待查教学大纲（专业课）
园艺林学学院,园艺,第6学期,305300007156,智慧园艺,1,必修,,,,,,待查教学大纲（专业课）
园艺林学学院,园艺,第6学期,305300008048,3周实习康养园艺工作坊实习3康养园艺模块实践课,3,必修,,,,,,待查教学大纲（专业课）
园艺林学学院,园艺,第6学期,305300008046,3周实习创新创业综合实习（2）3综合素质模块实践课,3,必修,,,,,,待查教学大纲（专业课）
园艺林学学院,园艺,第7学期,3143009105,形势与政策（二）,1,必修,形势与政策（最新版）,教育部组编,每年更新,高等教育出版社,,公共课已匹配
园艺林学学院,园艺,第8学期,3053009901,毕业实习,2,必修,,,,,,待查教学大纲（专业课）
园艺林学学院,园艺,第8学期,3053009902,毕业论文,6,必修,,,,,,待查教学大纲（专业课）
园艺林学学院,园艺,第8学期,314300001006,思想道德与法治3484261马院IdeologyMoralityandRuleofLaw,1,必修,思想道德与法治（2023年版）,本书编写组,2023年版,高等教育出版社,,公共课已匹配
园艺林学学院,园艺,第8学期,3143009104,形势与政策（一）116161-2马院SituationandPolicyEducation(I),2,必修,形势与政策（最新版）,教育部组编,每年更新,高等教育出版社,,公共课已匹配
园艺林学学院,园艺,第8学期,3143009003,中国近现代史纲要3484262马院OutlineofModernChineseHistory,2,必修,中国近现代史纲要（2023年版）,本书编写组,2023年版,高等教育出版社,,公共课已匹配
园艺林学学院,园艺,第8学期,314300001007,马克思主义基本原理3484263马院BasicKnowledgeofMarxism,3,必修,马克思主义基本原理（2023年版）,本书编写组,2023年版,高等教育出版社,,公共课已匹配
园艺林学学院,园艺,第8学期,314300001008,BasicTheoryofMaoZedong3484084马院,4,必修,,,,,,待查教学大纲（专业课）
园艺林学学院,园艺,第8学期,314300001009,BasicTheoryofXiJinpingThought3484084马院,4,必修,,,,,,待查教学大纲（专业课）
园艺林学学院,园艺,8,,体育类课程必修，实行选项制，一、二年级要求每学期修满1,,必修类别,大学体育（教材）,本校编,最新版,校本教材,,公共课已匹配
园艺林学学院,园艺,8,,体育类课程教学详见《华中农业大学体育教学改革实施方案》。,,必修类别,大学体育（教材）,本校编,最新版,校本教材,,公共课已匹配
园艺林学学院,园艺,第8学期,307300007045,工程基础116162工学FoundationforEngineering,2,必修,,,,,,待查教学大纲（专业课）
园艺林学学院,园艺,第8学期,9093009904,军事理论本科232322MilitaryTheory生院,2,必修,军事理论课教程,教育部军委国防动员部,2023版,高等教育出版社,,公共课已匹配
园艺林学学院,园艺,第8学期,3113009824,写作与沟通116161/2文法WritingandCommunication,2,必修,写作与沟通,马工程/本校编,最新版,高等教育出版社,,公共课已匹配
园艺林学学院,园艺,第8学期,202300006005,本科PsychologicalDevelopmentand116161生院GuidanceofCollegeStudents,1,必修,,,,,,待查教学大纲（专业课）
园艺林学学院,园艺,第8学期,9093009774,本科InnovationandEntrepreneurship116162生院FoundationsforUndergraduates,2,必修,,,,,,待查教学大纲（专业课）
园艺林学学院,园艺,第8学期,310300001019,微积分C5807281信息CalculusC,1,必修,高等数学（第七版·上/下册）,同济大学数学系,第7版,高等教育出版社,9787308798,公共课已匹配
园艺林学学院,园艺,第8学期,310300001009,无机及分析化学C348481信息InorganicandAnalyticalChemistryC,1,必修,无机及分析化学（第五版）,南京大学《无机及分析化学》编写组,第5版,高等教育出版社,,公共课已匹配
园艺林学学院,园艺,第8学期,310300001012,ExperimentofInorganicand130301信息,1,必修,,,,,,待查教学大纲（专业课）
园艺林学学院,园艺,第8学期,310300001025,线性代数B232322信息LinearAlgebraB,2,必修,线性代数（第六版）,同济大学数学系,第6版,高等教育出版社,9787040396632,公共课已匹配
园艺林学学院,园艺,第8学期,310300001023,概率论232322信息Probability,2,必修,概率论与数理统计（第五版）,盛骤 谢式千,第5版,高等教育出版社,9787040384876,公共课已匹配
园艺林学学院,园艺,第8学期,310300001002,有机化学B348482化学OrganicChemistryB,2,必修,有机化学（农科类 第三版）,汪小兰,第3版,高等教育出版社,,公共课已匹配
园艺林学学院,园艺,第8学期,310300001005,有机化学实验B130302化学ExperimentofOrganicChemistryB,2,必修,有机化学（农科类 第三版）,汪小兰,第3版,高等教育出版社,,公共课已匹配
园艺林学学院,园艺,第8学期,3043009101,植物学232322生科Botany,2,必修,,,,,,待查教学大纲（专业课）
园艺林学学院,园艺,第8学期,304300009022,植物学实验130302生科BotanyExperiments,2,必修,,,,,,待查教学大纲（专业课）
园艺林学学院,园艺,第8学期,315300007246,数字测量学C232323公管DigitalSurveyingC,3,必修,,,,,,待查教学大纲（专业课）
园艺林学学院,园艺,第8学期,315300009036,数字测量学实验130303公管Experimentofdigitalsurveying,3,必修,,,,,,待查教学大纲（专业课）
园艺林学学院,园艺,第8学期,305300007047,ExperimentalDesignand34832165园林,5,必修,,,,,,待查教学大纲（专业课）
园艺林学学院,园艺,第8学期,317300001008,FundamentalsofArtificialIntelligence232321信息,1,必修,,,,,,待查教学大纲（专业课）
园艺林学学院,园艺,第8学期,317300001009,ExperimentsontheFundamentalsOf130301信息,1,必修,,,,,,待查教学大纲（专业课）
园艺林学学院,园艺,第8学期,305300007156,智慧园艺116166园林SmartHorticulture,6,必修,,,,,,待查教学大纲（专业课）
园艺林学学院,园艺,第8学期,305300007124,Fundamentalsof34832163园林,3,必修,,,,,,待查教学大纲（专业课）
园艺林学学院,园艺,第8学期,305300009026,园林设计初步464642园林IntroductiontoLandscapeDesign,2,必修,,,,,,待查教学大纲（专业课）
园艺林学学院,园艺,第8学期,3053009162,园林生态学34836124园林LandscapeArchitectureEcology,4,必修,,,,,,待查教学大纲（专业课）
园艺林学学院,园艺,第8学期,3013009104,植物生理学A348484植科PlantPhysiologyA,4,必修,,,,,,待查教学大纲（专业课）
园艺林学学院,园艺,第8学期,301300009012,植物生理学实验125254植科ExperimentofPlantPhysiology,4,必修,,,,,,待查教学大纲（专业课）
园艺林学学院,园艺,第8学期,305300007130,园林工程（二）232327园林LandscapeEngineering(II),7,必修,,,,,,待查教学大纲（专业课）
园艺林学学院,园艺,第8学期,305300007131,园林工程（一）34828207园林LandscapeEngineering(I),7,必修,,,,,,待查教学大纲（专业课）
园艺林学学院,园艺,第8学期,305300007160,中外园林史348485园林TheWorldGardenHistory,5,必修,,,,,,待查教学大纲（专业课）
园艺林学学院,园艺,第8学期,3053009008,园林树木学232324园林LandscapeDendrology,4,必修,,,,,,待查教学大纲（专业课）
园艺林学学院,园艺,第8学期,305300009027,ExperimentofLandscape132324园林,4,必修,,,,,,待查教学大纲（专业课）
园艺林学学院,园艺,第8学期,305300009028,ExperimentofLandscape124245园林,5,必修,,,,,,待查教学大纲（专业课）
园艺林学学院,园艺,第8学期,305300007125,花卉学（一）1.524245园林Floriculture(I),5,必修,,,,,,待查教学大纲（专业课）
园艺林学学院,园艺,第8学期,305300009029,Experimentand130305园林,5,必修,,,,,,待查教学大纲（专业课）
园艺林学学院,园艺,第8学期,305300007126,花卉学（二）1.524246园林Floriculture(II),6,必修,,,,,,待查教学大纲（专业课）
园艺林学学院,园艺,第8学期,305300009030,Experimentand130306园林,6,必修,,,,,,待查教学大纲（专业课）
园艺林学学院,园艺,第8学期,305300007127,植景设计34824245园林PlantscapeDesign,5,必修,,,,,,待查教学大纲（专业课）
园艺林学学院,园艺,第8学期,305300007128,园林树木栽培学A232325园林CultivationofLandscapeTreesA,5,必修,,,,,,待查教学大纲（专业课）
园艺林学学院,园艺,第8学期,305300009031,ExperimentandFieldtripof1.545455园林,5,必修,,,,,,待查教学大纲（专业课）
园艺林学学院,园艺,第8学期,305300007153,园林植物育种学232324园林LandscapePlantBreeding,4,必修,,,,,,待查教学大纲（专业课）
园艺林学学院,园艺,第8学期,309300009045,ExperimentofLandscape130304园林,4,必修,,,,,,待查教学大纲（专业课）
园艺林学学院,园艺,第8学期,305300007129,园林植物生物技术34832163园林BiotechnologyofLandscapePlants,3,必修,,,,,,待查教学大纲（专业课）
园艺林学学院,园艺,第8学期,305300009021,园林建筑设计348483园林LandscapeArchitecturalDesign,3,必修,,,,,,待查教学大纲（专业课）
园艺林学学院,园艺,第8学期,305300009032,LandscapeArchitecturePlanning&348484园林,4,必修,,,,,,待查教学大纲（专业课）
园艺林学学院,园艺,第8学期,305300007159,Introductionof116161园林,1,必修,,,,,,待查教学大纲（专业课）
园艺林学学院,园艺,第8学期,305300007133,TheoryofUrban-Rural116166园林,6,必修,,,,,,待查教学大纲（专业课）
园艺林学学院,园艺,第8学期,3013009236,园林植物昆虫学34828206植科EntomologyofLandscapePlants,6,必修,,,,,,待查教学大纲（专业课）
园艺林学学院,园艺,第8学期,3013009228,园林植物病理学34828206植科LandscapePlantPathology,6,必修,,,,,,待查教学大纲（专业课）
园艺林学学院,园艺,第8学期,305300009033,Urban-RuralGreenSpace348486园林,6,必修,,,,,,待查教学大纲（专业课）
园艺林学学院,园艺,第8学期,305300007138,TheoryofTerritorial348485园林,5,必修,,,,,,待查教学大纲（专业课）
园艺林学学院,园艺,第8学期,305300008070,Proiect-basedScientific24周4周4园林,4,必修,,,,,,待查教学大纲（专业课）
园艺林学学院,园艺,第8学期,305300008071,Proiect-basedScientific24周4周5园林,5,必修,,,,,,待查教学大纲（专业课）
园艺林学学院,园艺,第8学期,305300008072,Proiect-basedScientific24周4周6园林,6,必修,,,,,,待查教学大纲（专业课）
园艺林学学院,园艺,第8学期,305300007002,插花艺术23216163园林FlowerArrangement,3,必修,,,,,,待查教学大纲（专业课）
园艺林学学院,园艺,第8学期,3053009154,草坪学23220124园林TurfScience,4,必修,,,,,,待查教学大纲（专业课）
园艺林学学院,园艺,第8学期,3013009116,农业气象学3484080.5周3植科AgriculturalMeteorology,3,必修,,,,,,待查教学大纲（专业课）
园艺林学学院,园艺,第8学期,3153009111,工程概预算232327公管ProjectBudget,7,必修,,,,,,待查教学大纲（专业课）
园艺林学学院,园艺,第8学期,306300007007,企业管理348484经管ManagementofEnterprise,4,必修,,,,,,待查教学大纲（专业课）
园艺林学学院,园艺,第8学期,305300007038,盆景学23216164园林Penjing,4,必修,,,,,,待查教学大纲（专业课）
园艺林学学院,园艺,第8学期,305300009040,城市设计348486园林UrbanDesign,6,必修,,,,,,待查教学大纲（专业课）
园艺林学学院,园艺,第8学期,305110006002,ResearchMethodofLandscape232327园林,7,必修,,,,,,待查教学大纲（专业课）
园艺林学学院,园艺,第8学期,305210004010,乡村规划设计（本研）232327园林RuralPlanningandDesign,7,必修,,,,,,待查教学大纲（专业课）
园艺林学学院,园艺,第8学期,305300007024,TerritorialEcological232326园林,6,必修,,,,,,待查教学大纲（专业课）
园艺林学学院,园艺,第8学期,305300007134,AI辅助园林设计232324园林CALAD,4,必修,,,,,,待查教学大纲（专业课）
园艺林学学院,园艺,第8学期,305300007012,AromaTherapyandApplication116166园林,6,必修,,,,,,待查教学大纲（专业课）
园艺林学学院,园艺,第8学期,305300007086,设计素描B23216161园林DesignSketchB,1,必修,,,,,,待查教学大纲（专业课）
园艺林学学院,园艺,第8学期,305300007157,设计色彩B23216162园林DesignColorB,2,必修,,,,,,待查教学大纲（专业课）
园艺林学学院,园艺,第8学期,303300007007,PrincipleofGeographical23220124资环,4,必修,,,,,,待查教学大纲（专业课）
园艺林学学院,园艺,第8学期,305300009041,风景名胜区规划23216166园林ScenicandHistoricAreasPlanning,6,必修,,,,,,待查教学大纲（专业课）
园艺林学学院,园艺,第8学期,305300007158,国家公园与自然保护地116165园林NationalParkandProtectedArea,5,必修,,,,,,待查教学大纲（专业课）
园艺林学学院,园艺,第8学期,305300007052,高级遗传学232325园林AdvancedGenetics,5,必修,,,,,,待查教学大纲（专业课）
园艺林学学院,园艺,第8学期,3053009115,植物基因组学A232326园林PlantGenomicsA,6,必修,,,,,,待查教学大纲（专业课）
园艺林学学院,园艺,第8学期,305300008058,园林国际研修11周6园林InternationalGardenTraining,6,必修,,,,,,待查教学大纲（专业课）
园艺林学学院,园艺,第8学期,9093009905,军事技能本科231Militaryskills生院,1,必修,军事训练教程,教育部军委国防动员部,2023版,高等教育出版社,,公共课已匹配
园艺林学学院,园艺,第8学期,9093009906,实践创新创业实践本科Innovationand11-7生院EntrepreneurshipPractice,7,必修,,,,,,待查教学大纲（专业课）
园艺林学学院,园艺,第8学期,202300008001,本科ThePracticeofMentalHealth1301生院PromotionforUndergraduates,1,必修,,,,,,待查教学大纲（专业课）
园艺林学学院,园艺,第8学期,3143009105,形势与政策（二）1303-8马院SituationandPolicyEducation(II),8,必修,形势与政策（最新版）,教育部组编,每年更新,高等教育出版社,,公共课已匹配
园艺林学学院,园艺,第8学期,9093009903,社会实践实践114团委SocialPractice,4,必修,,,,,,待查教学大纲（专业课）
园艺林学学院,园艺,第8学期,110300008001,志愿服务1301-7团委VolunteerService,7,必修,,,,,,待查教学大纲（专业课）
园艺林学学院,园艺,第8学期,110300008002,美育实践11-7团委AestheticPractice,7,必修,,,,,,待查教学大纲（专业课）
园艺林学学院,园艺,第8学期,3053009944,PracticeofLandscape114园林,4,必修,,,,,,待查教学大纲（专业课）
园艺林学学院,园艺,第8学期,305300008059,园林树木学实习115园林PracticeofLandscapeDendrology,5,必修,,,,,,待查教学大纲（专业课）
园艺林学学院,园艺,第8学期,305300008060,花卉学实践116园林PracticeofFloriculture,6,必修,,,,,,待查教学大纲（专业课）
园艺林学学院,园艺,第8学期,305300008061,PracticeofCultivationof115园林,5,必修,,,,,,待查教学大纲（专业课）
园艺林学学院,园艺,第8学期,305300008062,实践（苗圃）116园林PracticeofCultivationof,6,必修,,,,,,待查教学大纲（专业课）
园艺林学学院,园艺,第8学期,305300008063,园林综合实习（一）（植物方向）226园林LGComprehensivePractice(I),6,必修,,,,,,待查教学大纲（专业课）
园艺林学学院,园艺,第8学期,305300008064,园林综合实习（二）（设计方向）226园林LGComprehensivePractice(II),6,必修,,,,,,待查教学大纲（专业课）
园艺林学学院,园艺,第8学期,3053009907,毕业实习248园林GraduationPractice,8,必修,,,,,,待查教学大纲（专业课）
园艺林学学院,园艺,第8学期,3053009908,毕业论文（设计）6128园林GraduationDissertation（Design）,8,必修,,,,,,待查教学大纲（专业课）
园艺林学学院,园林,第1学期,314300001006,思想道德与法治,3,必修,思想道德与法治（2023年版）,本书编写组,2023年版,高等教育出版社,,公共课已匹配
园艺林学学院,园林,第1学期,3143009104,形势与政策（一）,1,必修,形势与政策（最新版）,教育部组编,每年更新,高等教育出版社,,公共课已匹配
园艺林学学院,园林,第1学期,310300001019,微积分C,5,必修,高等数学（第七版·上/下册）,同济大学数学系,第7版,高等教育出版社,9787308798,公共课已匹配
园艺林学学院,园林,第1学期,310300001009,无机及分析化学C,3,必修,无机及分析化学（第五版）,南京大学《无机及分析化学》编写组,第5版,高等教育出版社,,公共课已匹配
园艺林学学院,园林,第1学期,310300001011,无机及分析化学实验C,1,必修,无机及分析化学（第五版）,南京大学《无机及分析化学》编写组,第5版,高等教育出版社,,公共课已匹配
园艺林学学院,园林,第1学期,317300001008,人工智能应用基础,2,必修,人工智能基础（通识）,大学计算机课程教指委,最新版,高等教育出版社,9787428708,公共课已匹配
园艺林学学院,园林,第1学期,317300001009,人工智能应用基础实验,1,必修,人工智能基础（通识）,大学计算机课程教指委,最新版,高等教育出版社,9787428708,公共课已匹配
园艺林学学院,园林,第1学期,9093009905,军事技能,2,必修,军事训练教程,教育部军委国防动员部,2023版,高等教育出版社,,公共课已匹配
园艺林学学院,园林,第1学期,202300008001,大学生心理素质拓展,1,必修,大学生心理健康教育,郑日昌,最新版,高等教育出版社,,公共课已匹配
园艺林学学院,园林,第1学期,3113009824,写作与沟通,1,必修,写作与沟通,马工程/本校编,最新版,高等教育出版社,,公共课已匹配
园艺林学学院,园林,第1学期,202300006005,大学生心理发展与指导,1,必修,大学生心理健康教育,郑日昌,最新版,高等教育出版社,,公共课已匹配
园艺林学学院,园林,1,,外语类课程,,必修类别,新视野大学英语（第三版·读写教程）,郑树棠,第3版,外语教学与研究出版社,,公共课已匹配
园艺林学学院,园林,1,,体育类课程,,必修类别,大学体育（教材）,本校编,最新版,校本教材,,公共课已匹配
园艺林学学院,园林,第2学期,3143009003,中国近现代史纲要,3,必修,中国近现代史纲要（2023年版）,本书编写组,2023年版,高等教育出版社,,公共课已匹配
园艺林学学院,园林,第2学期,310300001025,线性代数B,2,必修,线性代数（第六版）,同济大学数学系,第6版,高等教育出版社,9787040396632,公共课已匹配
园艺林学学院,园林,第2学期,310300001023,概率论,2,必修,概率论与数理统计（第五版）,盛骤 谢式千,第5版,高等教育出版社,9787040384876,公共课已匹配
园艺林学学院,园林,第2学期,310300001002,有机化学B,3,必修,有机化学（农科类 第三版）,汪小兰,第3版,高等教育出版社,,公共课已匹配
园艺林学学院,园林,第2学期,310300001005,有机化学实验B,1,必修,有机化学（农科类 第三版）,汪小兰,第3版,高等教育出版社,,公共课已匹配
园艺林学学院,园林,第2学期,3043009101,植物学,2,必修,,,,,,待查教学大纲（专业课）
园艺林学学院,园林,第2学期,304300009022,植物学实验,1,必修,,,,,,待查教学大纲（专业课）
园艺林学学院,园林,第2学期,305300009026,园林设计初步,4,必修,,,,,,待查教学大纲（专业课）
园艺林学学院,园林,第2学期,307300007045,工程基础,1,必修,,,,,,待查教学大纲（专业课）
园艺林学学院,园林,第2学期,9093009904,军事理论,2,必修,军事理论课教程,教育部军委国防动员部,2023版,高等教育出版社,,公共课已匹配
园艺林学学院,园林,第2学期,9093009774,大学生创新创业基础,1,必修,大学生创新创业基础,本校编,最新版,高等教育出版社,,公共课已匹配
园艺林学学院,园林,2,,外语类课程,,必修类别,新视野大学英语（第三版·读写教程）,郑树棠,第3版,外语教学与研究出版社,,公共课已匹配
园艺林学学院,园林,2,,体育类课程,,必修类别,大学体育（教材）,本校编,最新版,校本教材,,公共课已匹配
园艺林学学院,园林,第3学期,314300001007,马克思主义基本原理,3,必修,马克思主义基本原理（2023年版）,本书编写组,2023年版,高等教育出版社,,公共课已匹配
园艺林学学院,园林,第3学期,315300007246,数字测量学C,2,必修,,,,,,待查教学大纲（专业课）
园艺林学学院,园林,第3学期,315300009036,数字测量学实验,1,必修,,,,,,待查教学大纲（专业课）
园艺林学学院,园林,第3学期,305300007124,园林艺术原理及设计,3,必修,,,,,,待查教学大纲（专业课）
园艺林学学院,园林,第3学期,305300009021,园林建筑设计3设计方向专业核心课程,3,必修,,,,,,待查教学大纲（专业课）
园艺林学学院,园林,第3学期,305300007129,园林植物生物技术3植物方向专业核心课程,3,必修,,,,,,待查教学大纲（专业课）
园艺林学学院,园林,3,,外语类课程,,必修类别,新视野大学英语（第三版·读写教程）,郑树棠,第3版,外语教学与研究出版社,,公共课已匹配
园艺林学学院,园林,3,,体育类课程,,必修类别,大学体育（教材）,本校编,最新版,校本教材,,公共课已匹配
园艺林学学院,园林,第4学期,314300001008,毛泽东思想和中国特色3社会主义理论体系概论,3,必修,毛泽东思想和中国特色社会主义理论体系概论（2023年版）,本书编写组,2023年版,高等教育出版社,9787301299,公共课已匹配
园艺林学学院,园林,第4学期,314300001009,习近平新时代中国特色3社会主义思想概论,3,必修,习近平新时代中国特色社会主义思想概论（2023年版）,本书编写组,2023年版,高等教育出版社,,公共课已匹配
园艺林学学院,园林,第4学期,3053009162,园林生态学,3,必修,,,,,,待查教学大纲（专业课）
园艺林学学院,园林,第4学期,3053009008,园林树木学,2,必修,,,,,,待查教学大纲（专业课）
园艺林学学院,园林,第4学期,305300009027,园林树木学实验（一）,1,必修,,,,,,待查教学大纲（专业课）
园艺林学学院,园林,第4学期,9093009903,社会实践,1,必修,,,,,,待查教学大纲（专业课）
园艺林学学院,园林,第4学期,3053009944,园林生态学实习,1,必修,,,,,,待查教学大纲（专业课）
园艺林学学院,园林,第4学期,305300007153,园林植物育种学2植物方向专业核心课程,2,必修,,,,,,待查教学大纲（专业课）
园艺林学学院,园林,第4学期,309300009045,园林植物育种学实验1植物方向专业核心课程,1,必修,,,,,,待查教学大纲（专业课）
园艺林学学院,园林,第4学期,3013009104,植物生理学A3植物方向大类平台课程,3,必修,,,,,,待查教学大纲（专业课）
园艺林学学院,园林,第4学期,301300009012,植物生理学实验1植物方向大类平台课程,1,必修,,,,,,待查教学大纲（专业课）
园艺林学学院,园林,第4学期,305300009032,园林设计3设计方向专业核心课程,3,必修,,,,,,待查教学大纲（专业课）
园艺林学学院,园林,4,,外语类课程,,必修类别,新视野大学英语（第三版·读写教程）,郑树棠,第3版,外语教学与研究出版社,,公共课已匹配
园艺林学学院,园林,4,,体育类课程,,必修类别,大学体育（教材）,本校编,最新版,校本教材,,公共课已匹配
园艺林学学院,园林,第5学期,305300008059,园林树木学实习,1,必修,,,,,,待查教学大纲（专业课）
园艺林学学院,园林,第5学期,305300008061,园林树木栽培学A实践（一）,1,必修,,,,,,待查教学大纲（专业课）
园艺林学学院,园林,第5学期,305300007047,试验设计与统计分析B,3,必修,,,,,,待查教学大纲（专业课）
园艺林学学院,园林,第5学期,305300007125,花卉学（一）,1.5,必修,,,,,,待查教学大纲（专业课）
园艺林学学院,园林,第5学期,305300009029,花卉学实验实习（一）,1,必修,,,,,,待查教学大纲（专业课）
园艺林学学院,园林,第5学期,305300009028,园林树木学实验（二）,1,必修,,,,,,待查教学大纲（专业课）
园艺林学学院,园林,第5学期,305300007127,植景设计,3,必修,,,,,,待查教学大纲（专业课）
园艺林学学院,园林,第5学期,305300007128,园林树木栽培学A,2,必修,,,,,,待查教学大纲（专业课）
园艺林学学院,园林,第5学期,305300009031,园林树木栽培学A实验实习,1.5,必修,,,,,,待查教学大纲（专业课）
园艺林学学院,园林,第5学期,305300007160,中外园林史3设计方向大类平台课程,3,必修,,,,,,待查教学大纲（专业课）
园艺林学学院,园林,第6学期,305300008063,园林综合实习（一）（植物方向）,2,必修,,,,,,待查教学大纲（专业课）
园艺林学学院,园林,第6学期,305300008064,园林综合实习（二）（设计方向）,2,必修,,,,,,待查教学大纲（专业课）
园艺林学学院,园林,第6学期,305300008062,园林树木栽培学A实践（二）（苗圃）,1,必修,,,,,,待查教学大纲（专业课）
园艺林学学院,园林,第6学期,305300007126,花卉学（二）,1.5,必修,,,,,,待查教学大纲（专业课）
园艺林学学院,园林,第6学期,305300009030,花卉学实验实习（二）,1,必修,,,,,,待查教学大纲（专业课）
园艺林学学院,园林,第6学期,305300008060,花卉学实践,1,必修,,,,,,待查教学大纲（专业课）
园艺林学学院,园林,第6学期,305300007156,智慧园艺,1,必修,,,,,,待查教学大纲（专业课）
园艺林学学院,园林,第7学期,305300007131,园林工程（一）3设计方向大类平台课程,3,必修,,,,,,待查教学大纲（专业课）
园艺林学学院,园林,第7学期,305300007130,园林工程（二）2植物方向大类平台课程,2,必修,,,,,,待查教学大纲（专业课）
园艺林学学院,园林,第8学期,3143009105,形势与政策（二）,1,必修,形势与政策（最新版）,教育部组编,每年更新,高等教育出版社,,公共课已匹配
园艺林学学院,园林,第8学期,3053009907,毕业实习,2,必修,,,,,,待查教学大纲（专业课）
园艺林学学院,园林,第8学期,3053009908,毕业论文（设计）,6,必修,,,,,,待查教学大纲（专业课）
园艺林学学院,园林,第8学期,314300001006,思想道德与法治3484261马院IdeologyMoralityandRuleofLaw,1,必修,思想道德与法治（2023年版）,本书编写组,2023年版,高等教育出版社,,公共课已匹配
园艺林学学院,园林,第8学期,3143009104,形势与政策（一）116161-2马院SituationandPolicyEducation(I),2,必修,形势与政策（最新版）,教育部组编,每年更新,高等教育出版社,,公共课已匹配
园艺林学学院,园林,第8学期,3143009003,中国近现代史纲要3484262马院OutlineofModernChineseHistory,2,必修,中国近现代史纲要（2023年版）,本书编写组,2023年版,高等教育出版社,,公共课已匹配
园艺林学学院,园林,第8学期,314300001007,马克思主义基本原理3484263马院BasicKnowledgeofMarxism,3,必修,马克思主义基本原理（2023年版）,本书编写组,2023年版,高等教育出版社,,公共课已匹配
园艺林学学院,园林,第8学期,314300001008,BasicTheoryofMaoZedong3484084马院,4,必修,,,,,,待查教学大纲（专业课）
园艺林学学院,园林,第8学期,314300001009,BasicTheoryofXiJinpingThought3484084马院,4,必修,,,,,,待查教学大纲（专业课）
园艺林学学院,园林,8,,体育类课程必修，实行选项制，一、二年级要求每学期修满1,,必修类别,大学体育（教材）,本校编,最新版,校本教材,,公共课已匹配
园艺林学学院,园林,8,,体育类课程教学详见《华中农业大学体育教学改革实施方案》。,,必修类别,大学体育（教材）,本校编,最新版,校本教材,,公共课已匹配
园艺林学学院,园林,第8学期,307300007045,工程基础116162工学FoundationforEngineering,2,必修,,,,,,待查教学大纲（专业课）
园艺林学学院,园林,第8学期,9093009904,军事理论本科232322MilitaryTheory生院,2,必修,军事理论课教程,教育部军委国防动员部,2023版,高等教育出版社,,公共课已匹配
园艺林学学院,园林,第8学期,3113009824,写作与沟通116161/2文法WritingandCommunication,2,必修,写作与沟通,马工程/本校编,最新版,高等教育出版社,,公共课已匹配
园艺林学学院,园林,第8学期,202300006005,本科PsychologicalDevelopmentand116161生院GuidanceofCollegeStudents,1,必修,,,,,,待查教学大纲（专业课）
园艺林学学院,园林,第8学期,9093009774,InnovationandEntrepreneurship116162本科生院FoundationsforUndergraduates,2,必修,,,,,,待查教学大纲（专业课）
园艺林学学院,园林,第8学期,310300001019,微积分C580801信息CalculusC,1,必修,高等数学（第七版·上/下册）,同济大学数学系,第7版,高等教育出版社,9787308798,公共课已匹配
园艺林学学院,园林,第8学期,310300001025,线性代数B232322信息LinearAlgebraB,2,必修,线性代数（第六版）,同济大学数学系,第6版,高等教育出版社,9787040396632,公共课已匹配
园艺林学学院,园林,第8学期,310300001022,概率论与数理统计B348482信息ProbabilityandStatisticsB,2,必修,概率论与数理统计（第五版）,盛骤 谢式千,第5版,高等教育出版社,9787040384876,公共课已匹配
园艺林学学院,园林,第8学期,310300001008,无机及分析化学B464642化学InorganicandAnalyticalChemistryB,2,必修,无机及分析化学（第五版）,南京大学《无机及分析化学》编写组,第5版,高等教育出版社,,公共课已匹配
园艺林学学院,园林,第8学期,310300001011,ExperimentofInorganicand2600602化学,2,必修,,,,,,待查教学大纲（专业课）
园艺林学学院,园林,第8学期,310300001002,有机化学B348481化学OrganicChemistryB,1,必修,有机化学（农科类 第三版）,汪小兰,第3版,高等教育出版社,,公共课已匹配
园艺林学学院,园林,第8学期,310300001005,有机化学实验B130301化学ExperimentofOrganicChemistryB,1,必修,有机化学（农科类 第三版）,汪小兰,第3版,高等教育出版社,,公共课已匹配
园艺林学学院,园林,第8学期,301300007144,生物化学B464643植科BiochemistryB,3,必修,,,,,,待查教学大纲（专业课）
园艺林学学院,园林,第8学期,301300009009,植物生物化学实验125253植科ExperimentofPlantBiochemistry,3,必修,,,,,,待查教学大纲（专业课）
园艺林学学院,园林,第8学期,3043009101,植物学232322生科Botany,2,必修,,,,,,待查教学大纲（专业课）
园艺林学学院,园林,第8学期,304300009022,植物学实验130302生科BotanyExperiments,2,必修,,,,,,待查教学大纲（专业课）
园艺林学学院,园林,第8学期,317300001008,FundamentalsofArtificial232321信息,1,必修,,,,,,待查教学大纲（专业课）
园艺林学学院,园林,第8学期,317300001009,Experimentson130301信息theFundamentalsofArtificial,1,必修,,,,,,待查教学大纲（专业课）
园艺林学学院,园林,第8学期,305300007110,LargeRemoteSensingModel116164园林,4,必修,,,,,,待查教学大纲（专业课）
园艺林学学院,园林,第8学期,3013009104,植物生理学A348484植科PlantPhysiologyA,4,必修,,,,,,待查教学大纲（专业课）
园艺林学学院,园林,第8学期,301300009012,植物生理学实验125254植科ExperimentofPlantPhysiology,4,必修,,,,,,待查教学大纲（专业课）
园艺林学学院,园林,第8学期,305300007049,树木学34824244园林Dendrology,4,必修,,,,,,待查教学大纲（专业课）
园艺林学学院,园林,第8学期,3053009204,森林生态学34836123园林ForestEcology,3,必修,,,,,,待查教学大纲（专业课）
园艺林学学院,园林,第8学期,305300007047,ExperimentalDesignand34832165园林,5,必修,,,,,,待查教学大纲（专业课）
园艺林学学院,园林,第8学期,3053009212,数字林业技术34824246园林TechnologyofDigitalForestry,6,必修,,,,,,待查教学大纲（专业课）
园艺林学学院,园林,第8学期,305300007111,林木育种学46436286园林TreeBreeding,6,必修,,,,,,待查教学大纲（专业课）
园艺林学学院,园林,第8学期,305300007112,森林培育学46436285园林Silviculture,5,必修,,,,,,待查教学大纲（专业课）
园艺林学学院,园林,第8学期,305300007113,森林计测与经理学46440245园林ForestMeasurementandManagement,5,必修,,,,,,待查教学大纲（专业课）
园艺林学学院,园林,第8学期,305300007037,木材学34832165园林WoodScience,5,必修,,,,,,待查教学大纲（专业课）
园艺林学学院,园林,第8学期,301300007157,森林保护学3.556566植科ForestProtection,6,必修,,,,,,待查教学大纲（专业课）
园艺林学学院,园林,第8学期,301300009014,森林保护学实验1.545456植科ForestProtectionExperiment,6,必修,,,,,,待查教学大纲（专业课）
园艺林学学院,园林,第8学期,3173009118,C语言程序设计24024161信息CProgramming,1,必修,,,,,,待查教学大纲（专业课）
园艺林学学院,园林,第8学期,303300007078,土壤学B35540153资环SoilScienceB,3,必修,,,,,,待查教学大纲（专业课）
园艺林学学院,园林,第8学期,301300007147,遗传学B348483植科GeneticsB,3,必修,,,,,,待查教学大纲（专业课）
园艺林学学院,园林,第8学期,301300009011,遗传学实验C120203植科GeneticsLaboratoryPracticeC,3,必修,,,,,,待查教学大纲（专业课）
园艺林学学院,园林,第8学期,3013009116,农业气象学8+0.5348405植科AgriculturalMeteorology周,5,必修,,,,,,待查教学大纲（专业课）
园艺林学学院,园林,第8学期,3033009262,理论水土保持学B232325资环模块WaterandSoilConservationB,5,必修,,,,,,待查教学大纲（专业课）
园艺林学学院,园林,第8学期,303300007031,土壤肥料学B348483资环SoilandFertilizerB,3,必修,,,,,,待查教学大纲（专业课）
园艺林学学院,园林,第8学期,3033009245,植物营养学B232324资环PlantNutritionB,4,必修,,,,,,待查教学大纲（专业课）
园艺林学学院,园林,第8学期,304300007059,分子生物学B232323生科MolecularBiologyB,3,必修,,,,,,待查教学大纲（专业课）
园艺林学学院,园林,第8学期,304300007052,微生物学B34832304生科MicrobiologyB,4,必修,,,,,,待查教学大纲（专业课）
园艺林学学院,园林,第8学期,3053009225,林业科学导论116161园林IntroductionofForestrySciences,1,必修,,,,,,待查教学大纲（专业课）
园艺林学学院,园林,第8学期,315300007246,数字测量学C232323公管DigitalSurveyingC,3,必修,,,,,,待查教学大纲（专业课）
园艺林学学院,园林,第8学期,315300009036,数字测量学实验130303公管应用DigitalSurveyingExperiment,3,必修,,,,,,待查教学大纲（专业课）
园艺林学学院,园林,第8学期,301300007062,实践现代仪器分析模块23216167植科ModernInstrumentalAnalysis,7,必修,,,,,,待查教学大纲（专业课）
园艺林学学院,园林,第8学期,3053009244,LandscapeTreesCultivation23216165园林,5,必修,,,,,,待查教学大纲（专业课）
园艺林学学院,园林,第8学期,305300007114,智慧林业概论116884园林SmartForestry,4,必修,,,,,,待查教学大纲（专业课）
园艺林学学院,园林,第8学期,305300007115,RemoteSensingandGeographical23216164园林,4,必修,,,,,,待查教学大纲（专业课）
园艺林学学院,园林,第8学期,305300007116,UnmannedAerialVehicle116885园林,5,必修,,,,,,待查教学大纲（专业课）
园艺林学学院,园林,第8学期,305300007117,HyperspectralRemoteSensing23216166园林,6,必修,,,,,,待查教学大纲（专业课）
园艺林学学院,园林,第8学期,3053009259,森林防火116166园林ForestFirePrevention,6,必修,,,,,,待查教学大纲（专业课）
园艺林学学院,园林,第8学期,305300007118,自然保护地概论116164园林IntroductionofProtectedAreas,4,必修,,,,,,待查教学大纲（专业课）
园艺林学学院,园林,第8学期,305300007030,LandscapeEcologyand23220125园林,5,必修,,,,,,待查教学大纲（专业课）
园艺林学学院,园林,第8学期,305300007119,森林资源资产评估1.524246园林ForestResourceAssetEvaluation,6,必修,,,,,,待查教学大纲（专业课）
园艺林学学院,园林,第8学期,305300007120,应用林业碳汇116166园林,6,必修,,,,,,待查教学大纲（专业课）
园艺林学学院,园林,第8学期,305300007121,ProtectionandUtilization116166园林,6,必修,,,,,,待查教学大纲（专业课）
园艺林学学院,园林,第8学期,305300007042,森林游憩与森林康养232325园林ForestRecreationandForestHealth,5,必修,,,,,,待查教学大纲（专业课）
园艺林学学院,园林,第8学期,305300007041,ForestMedicinaland116165园林,5,必修,,,,,,待查教学大纲（专业课）
园艺林学学院,园林,第8学期,305300007036,木材加工工艺学232320.5周6园林WoodProcessingTechnology,6,必修,,,,,,待查教学大纲（专业课）
园艺林学学院,园林,第8学期,305300007033,林化产品学116167园林ForestChemicalProducts,7,必修,,,,,,待查教学大纲（专业课）
园艺林学学院,园林,第8学期,3053009151,花卉学B2.5403287园林FloricultureB,7,必修,,,,,,待查教学大纲（专业课）
园艺林学学院,园林,第8学期,305300007122,工厂化育苗原理与技术B23222106园林FactorizedSeedlingB,6,必修,,,,,,待查教学大纲（专业课）
园艺林学学院,园林,第8学期,3053009232,茶文化232327园林TeaCulture,7,必修,,,,,,待查教学大纲（专业课）
园艺林学学院,园林,第8学期,305220002001,专业英语232325园林ForestryAdvancedEnglish,5,必修,,,,,,待查教学大纲（专业课）
园艺林学学院,园林,第8学期,305300007044,EcosystemRestoration232324园林,4,必修,,,,,,待查教学大纲（专业课）
园艺林学学院,园林,第8学期,3053009045,Non-timberProducts232325园林,5,必修,,,,,,待查教学大纲（专业课）
园艺林学学院,园林,第8学期,3053009060,IntroductionofTree232324园林,4,必修,,,,,,待查教学大纲（专业课）
园艺林学学院,园林,第8学期,3053009041,树木分子生物学实验260604园林ExperimentofTreeMolecularBiology,4,必修,,,,,,待查教学大纲（专业课）
园艺林学学院,园林,第8学期,305300007123,表观遗传学前沿232326园林AdvancesinEpigenetics,6,必修,,,,,,待查教学大纲（专业课）
园艺林学学院,园林,第8学期,3053001011,中国林科院科研案例1（校院合作）114145园林ResearchCasesinForestryScience(Ⅰ),5,必修,,,,,,待查教学大纲（专业课）
园艺林学学院,园林,第8学期,305300004001,中国林科院科研案例2（校院合作）114146园林ResearchCasesinForestryScience(Ⅱ),6,必修,,,,,,待查教学大纲（专业课）
园艺林学学院,园林,第8学期,305300009019,VirtualSimulationExperimentin130306园林,6,必修,,,,,,待查教学大纲（专业课）
园艺林学学院,园林,第8学期,3053009044,树木保育生物学232324园林ConservationBiologyofForestTrees,4,必修,,,,,,待查教学大纲（专业课）
园艺林学学院,园林,第8学期,305300007045,生物质能源232326园林Bio-energy,6,必修,,,,,,待查教学大纲（专业课）
园艺林学学院,园林,第8学期,9093009905,军事技能本科231Militaryskills生院,1,必修,军事训练教程,教育部军委国防动员部,2023版,高等教育出版社,,公共课已匹配
园艺林学学院,园林,第8学期,9093009906,实践创新创业实践本科Innovationand11-7生院EntrepreneurshipPractice,7,必修,,,,,,待查教学大纲（专业课）
园艺林学学院,园林,第8学期,20230000800,本科ThePracticeofMentalHealth1301生院PromotionforUndergraduates,1,必修,,,,,,待查教学大纲（专业课）
园艺林学学院,园林,第8学期,3143009105,形势与政策（二）1303-8马院SituationandPolicyEducation(II),8,必修,形势与政策（最新版）,教育部组编,每年更新,高等教育出版社,,公共课已匹配
园艺林学学院,园林,第8学期,9093009903,公共社会实践实践114团委SocialPractice,4,必修,,,,,,待查教学大纲（专业课）
园艺林学学院,园林,第8学期,110300008001,志愿服务1301-7团委VolunteerService,7,必修,,,,,,待查教学大纲（专业课）
园艺林学学院,园林,第8学期,110300008002,美育实践11-7团委AestheticPractice,7,必修,,,,,,待查教学大纲（专业课）
园艺林学学院,园林,第8学期,305300008055,庐山树木与生态课程实习224园林DendrologyandEcologyPractice,4,必修,,,,,,待查教学大纲（专业课）
园艺林学学院,园林,第8学期,305300008056,Forestresourcesinvestigation116园林,6,必修,,,,,,待查教学大纲（专业课）
园艺林学学院,园林,第8学期,305300008057,森林培育学实习236园林专业PracticeofSilviculture,6,必修,,,,,,待查教学大纲（专业课）
园艺林学学院,园林,第8学期,305300008018,林学专业综合实习337园林ForestryComprehensivePractice,7,必修,,,,,,待查教学大纲（专业课）
园艺林学学院,园林,第8学期,3053009916,毕业实习248园林GraduationPractice,8,必修,,,,,,待查教学大纲（专业课）
园艺林学学院,园林,第8学期,3053009917,毕业论文6128园林GraduationThesis,8,必修,,,,,,待查教学大纲（专业课）
园艺林学学院,林学,第1学期,9093009905,军事技能,2,必修,军事训练教程,教育部军委国防动员部,2023版,高等教育出版社,,公共课已匹配
园艺林学学院,林学,第1学期,314300001006,思想道德与法治,3,必修,思想道德与法治（2023年版）,本书编写组,2023年版,高等教育出版社,,公共课已匹配
园艺林学学院,林学,第1学期,3143009104,形势与政策（一）,1,必修,形势与政策（最新版）,教育部组编,每年更新,高等教育出版社,,公共课已匹配
园艺林学学院,林学,第1学期,310300001019,微积分C,5,必修,高等数学（第七版·上/下册）,同济大学数学系,第7版,高等教育出版社,9787308798,公共课已匹配
园艺林学学院,林学,第1学期,310300001002,有机化学B,3,必修,有机化学（农科类 第三版）,汪小兰,第3版,高等教育出版社,,公共课已匹配
园艺林学学院,林学,第1学期,310300001005,有机化学实验B,1,必修,有机化学（农科类 第三版）,汪小兰,第3版,高等教育出版社,,公共课已匹配
园艺林学学院,林学,第1学期,317300001008,人工智能应用基础,2,必修,人工智能基础（通识）,大学计算机课程教指委,最新版,高等教育出版社,9787428708,公共课已匹配
园艺林学学院,林学,第1学期,317300001009,人工智能应用基础实验,1,必修,人工智能基础（通识）,大学计算机课程教指委,最新版,高等教育出版社,9787428708,公共课已匹配
园艺林学学院,林学,第1学期,202300006005,大学生心理发展与指导,1,必修,大学生心理健康教育,郑日昌,最新版,高等教育出版社,,公共课已匹配
园艺林学学院,林学,第1学期,202300008001,大学生心理素质拓展,1,必修,大学生心理健康教育,郑日昌,最新版,高等教育出版社,,公共课已匹配
园艺林学学院,林学,第1学期,3113009824,写作与沟通,1,必修,写作与沟通,马工程/本校编,最新版,高等教育出版社,,公共课已匹配
园艺林学学院,林学,1,,外语类课程,,必修类别,新视野大学英语（第三版·读写教程）,郑树棠,第3版,外语教学与研究出版社,,公共课已匹配
园艺林学学院,林学,1,,体育类课程,,必修类别,大学体育（教材）,本校编,最新版,校本教材,,公共课已匹配
园艺林学学院,林学,第2学期,3143009003,中国近现代史纲要,3,必修,中国近现代史纲要（2023年版）,本书编写组,2023年版,高等教育出版社,,公共课已匹配
园艺林学学院,林学,第2学期,310300001025,线性代数B,2,必修,线性代数（第六版）,同济大学数学系,第6版,高等教育出版社,9787040396632,公共课已匹配
园艺林学学院,林学,第2学期,310300001022,概率论与数理统计B,3,必修,概率论与数理统计（第五版）,盛骤 谢式千,第5版,高等教育出版社,9787040384876,公共课已匹配
园艺林学学院,林学,第2学期,310300001008,无机及分析化学B,4,必修,无机及分析化学（第五版）,南京大学《无机及分析化学》编写组,第5版,高等教育出版社,,公共课已匹配
园艺林学学院,林学,第2学期,310300001011,无机及分析化学实验B,2,必修,无机及分析化学（第五版）,南京大学《无机及分析化学》编写组,第5版,高等教育出版社,,公共课已匹配
园艺林学学院,林学,第2学期,3043009101,植物学,2,必修,,,,,,待查教学大纲（专业课）
园艺林学学院,林学,第2学期,304300009022,植物学实验,1,必修,,,,,,待查教学大纲（专业课）
园艺林学学院,林学,第2学期,307300007045,工程基础,1,必修,,,,,,待查教学大纲（专业课）
园艺林学学院,林学,第2学期,9093009904,军事理论,2,必修,军事理论课教程,教育部军委国防动员部,2023版,高等教育出版社,,公共课已匹配
园艺林学学院,林学,第2学期,9093009774,大学生创新创业基础,1,必修,大学生创新创业基础,本校编,最新版,高等教育出版社,,公共课已匹配
园艺林学学院,林学,2,,外语类课程,,必修类别,新视野大学英语（第三版·读写教程）,郑树棠,第3版,外语教学与研究出版社,,公共课已匹配
园艺林学学院,林学,2,,体育类课程,,必修类别,大学体育（教材）,本校编,最新版,校本教材,,公共课已匹配
园艺林学学院,林学,第3学期,314300001007,马克思主义基本原理,3,必修,马克思主义基本原理（2023年版）,本书编写组,2023年版,高等教育出版社,,公共课已匹配
园艺林学学院,林学,第3学期,301300007144,生物化学B,4,必修,,,,,,待查教学大纲（专业课）
园艺林学学院,林学,第3学期,301300009009,植物生物化学实验,1,必修,,,,,,待查教学大纲（专业课）
园艺林学学院,林学,第3学期,3053009204,森林生态学,3,必修,,,,,,待查教学大纲（专业课）
园艺林学学院,林学,3,,外语类课程,,必修类别,新视野大学英语（第三版·读写教程）,郑树棠,第3版,外语教学与研究出版社,,公共课已匹配
园艺林学学院,林学,3,,体育类课程,,必修类别,大学体育（教材）,本校编,最新版,校本教材,,公共课已匹配
园艺林学学院,林学,第4学期,314300001008,毛泽东思想和中国特色3社会主义理论体系概论,3,必修,毛泽东思想和中国特色社会主义理论体系概论（2023年版）,本书编写组,2023年版,高等教育出版社,9787301299,公共课已匹配
园艺林学学院,林学,第4学期,314300001009,习近平新时代中国特色3社会主义思想概论,3,必修,习近平新时代中国特色社会主义思想概论（2023年版）,本书编写组,2023年版,高等教育出版社,,公共课已匹配
园艺林学学院,林学,第4学期,305300007110,森林资源监测遥感大模型,1,必修,,,,,,待查教学大纲（专业课）
园艺林学学院,林学,第4学期,305300007049,树木学,3,必修,,,,,,待查教学大纲（专业课）
园艺林学学院,林学,第4学期,305300008055,庐山树木与生态课程实习,2,必修,,,,,,待查教学大纲（专业课）
园艺林学学院,林学,第4学期,3013009104,植物生理学,3,必修,,,,,,待查教学大纲（专业课）
园艺林学学院,林学,第4学期,301300009012,植物生理学实验,1,必修,,,,,,待查教学大纲（专业课）
园艺林学学院,林学,第4学期,9093009903,社会实践,1,必修,,,,,,待查教学大纲（专业课）
园艺林学学院,林学,4,,外语类课程,,必修类别,新视野大学英语（第三版·读写教程）,郑树棠,第3版,外语教学与研究出版社,,公共课已匹配
园艺林学学院,林学,4,,体育类课程,,必修类别,大学体育（教材）,本校编,最新版,校本教材,,公共课已匹配
园艺林学学院,林学,第5学期,305300007047,试验设计与统计分析B,3,必修,,,,,,待查教学大纲（专业课）
园艺林学学院,林学,第5学期,305300007112,森林培育学,4,必修,,,,,,待查教学大纲（专业课）
园艺林学学院,林学,第5学期,305300007037,木材学,3,必修,,,,,,待查教学大纲（专业课）
园艺林学学院,林学,第5学期,305300007113,森林计测与经理学,4,必修,,,,,,待查教学大纲（专业课）
园艺林学学院,林学,第6学期,3053009212,数字林业技术,3,必修,,,,,,待查教学大纲（专业课）
园艺林学学院,林学,第6学期,305300008057,森林培育学实习,2,必修,,,,,,待查教学大纲（专业课）
园艺林学学院,林学,第6学期,305300008056,森林资源调查与规划设计实习,1,必修,,,,,,待查教学大纲（专业课）
园艺林学学院,林学,第6学期,305300007111,林木育种学,4,必修,,,,,,待查教学大纲（专业课）
园艺林学学院,林学,第6学期,301300007157,森林保护学,3.5,必修,,,,,,待查教学大纲（专业课）
园艺林学学院,林学,第6学期,301300009014,森林保护学实验,1.5,必修,,,,,,待查教学大纲（专业课）
园艺林学学院,林学,第7学期,305300008018,林学专业综合实习,3,必修,,,,,,待查教学大纲（专业课）
园艺林学学院,林学,第8学期,3053009917,毕业论文（设计）,6,必修,,,,,,待查教学大纲（专业课）
园艺林学学院,林学,第8学期,3053009916,毕业实习,2,必修,,,,,,待查教学大纲（专业课）
园艺林学学院,林学,第8学期,3143009105,形势与政策（二）,1,必修,形势与政策（最新版）,教育部组编,每年更新,高等教育出版社,,公共课已匹配
园艺林学学院,林学,第8学期,314300001006,思想道德与法治3484261马院IdeologyMoralityandRuleofLaw,1,必修,思想道德与法治（2023年版）,本书编写组,2023年版,高等教育出版社,,公共课已匹配
园艺林学学院,林学,第8学期,3143009003,中国近现代史纲要3484262马院OutlineofModernChineseHistory,2,必修,中国近现代史纲要（2023年版）,本书编写组,2023年版,高等教育出版社,,公共课已匹配
园艺林学学院,林学,第8学期,314300001008,BasicTheoryofMaoZedong3484084马院,4,必修,,,,,,待查教学大纲（专业课）
园艺林学学院,林学,第8学期,314300001009,BasicTheoryofXiJinpingThought3484084马院,4,必修,,,,,,待查教学大纲（专业课）
园艺林学学院,林学,第8学期,314300001007,马克思主义基本原理3484263马院BasicKnowledgeofMarxism,3,必修,马克思主义基本原理（2023年版）,本书编写组,2023年版,高等教育出版社,,公共课已匹配
园艺林学学院,林学,第8学期,3143009104,形势与政策（一）116161-2马院SituationandPolicyEducation(I),2,必修,形势与政策（最新版）,教育部组编,每年更新,高等教育出版社,,公共课已匹配
园艺林学学院,林学,8,,体育类课程必修，实行选项制，一、二年级要求每学期修满1,,必修类别,大学体育（教材）,本校编,最新版,校本教材,,公共课已匹配
园艺林学学院,林学,8,,体育类课程教学详见《华中农业大学体育教学改革实施方案》。,,必修类别,大学体育（教材）,本校编,最新版,校本教材,,公共课已匹配
园艺林学学院,林学,第8学期,307300007045,工程基础116162工学FoundationforEngineering,2,必修,,,,,,待查教学大纲（专业课）
园艺林学学院,林学,第8学期,9093009904,军事理论本科232322MilitaryTheory生院,2,必修,军事理论课教程,教育部军委国防动员部,2023版,高等教育出版社,,公共课已匹配
园艺林学学院,林学,第8学期,3113009824,写作与沟通116161/2文法WritingandCommunication,2,必修,写作与沟通,马工程/本校编,最新版,高等教育出版社,,公共课已匹配
园艺林学学院,林学,第8学期,202300006005,本科PsychologicalDevelopmentand116161生院GuidanceofCollegeStudents,1,必修,,,,,,待查教学大纲（专业课）
园艺林学学院,林学,第8学期,9093009774,本科InnovationandEntrepreneurship116162生院FoundationsforUndergraduates,2,必修,,,,,,待查教学大纲（专业课）
园艺林学学院,林学,第8学期,310300001019,微积分C580801信息CalculusC,1,必修,高等数学（第七版·上/下册）,同济大学数学系,第7版,高等教育出版社,9787308798,公共课已匹配
园艺林学学院,林学,第8学期,310300001025,线性代数B232322信息LinearAlgebraB,2,必修,线性代数（第六版）,同济大学数学系,第6版,高等教育出版社,9787040396632,公共课已匹配
园艺林学学院,林学,第8学期,310300001022,Probabilityand348482信息,2,必修,,,,,,待查教学大纲（专业课）
园艺林学学院,林学,第8学期,310300001008,无机及分析化学B464642化学InorganicandAnalyticalChemistryB,2,必修,无机及分析化学（第五版）,南京大学《无机及分析化学》编写组,第5版,高等教育出版社,,公共课已匹配
园艺林学学院,林学,第8学期,310300001011,ExperimentofInorganicand260602化学,2,必修,,,,,,待查教学大纲（专业课）
园艺林学学院,林学,第8学期,310300001002,有机化学B348481化学OrganicChemistryB,1,必修,有机化学（农科类 第三版）,汪小兰,第3版,高等教育出版社,,公共课已匹配
园艺林学学院,林学,第8学期,310300001005,有机化学实验B130301化学ExperimentofOrganicChemistryB,1,必修,有机化学（农科类 第三版）,汪小兰,第3版,高等教育出版社,,公共课已匹配
园艺林学学院,林学,第8学期,3043009101,植物学232322生科Botany,2,必修,,,,,,待查教学大纲（专业课）
园艺林学学院,林学,第8学期,3013009104,植物生理学A348484植科PlantPhysiologyA,4,必修,,,,,,待查教学大纲（专业课）
园艺林学学院,林学,第8学期,301300009012,植物生理学实验125254植科ExperimentofPlantPhysiology,4,必修,,,,,,待查教学大纲（专业课）
园艺林学学院,林学,第8学期,317300001008,FundamentalsofArtificial232321信息,1,必修,,,,,,待查教学大纲（专业课）
园艺林学学院,林学,第8学期,317300001009,ExperimentsontheFundamentals130301信息,1,必修,,,,,,待查教学大纲（专业课）
园艺林学学院,林学,第8学期,305300007156,智慧园艺116166园林SmartHorticulture,6,必修,,,,,,待查教学大纲（专业课）
园艺林学学院,林学,第8学期,301300007147,遗传学B348483植科GeneticsB,3,必修,,,,,,待查教学大纲（专业课）
园艺林学学院,林学,第8学期,301300009011,遗传学实验C120203植科GeneticsLaboratoryPracticeC,3,必修,,,,,,待查教学大纲（专业课）
园艺林学学院,林学,第8学期,301300007144,生物化学B464643植科BiochemistryB,3,必修,,,,,,待查教学大纲（专业课）
园艺林学学院,林学,第8学期,301300009009,植物生物化学实验125253植科ExperimentofPlantBiochemistry,3,必修,,,,,,待查教学大纲（专业课）
园艺林学学院,林学,第8学期,305300007047,ExperimentalDesignand34832165园林,5,必修,,,,,,待查教学大纲（专业课）
园艺林学学院,林学,第8学期,305300007095,茶文化与茶艺348484园林TeaCultureandTeaArt,4,必修,,,,,,待查教学大纲（专业课）
园艺林学学院,林学,第8学期,1305300007096,茶树育种学32+3321周5园林TeaPlantBreeding周,5,必修,,,,,,待查教学大纲（专业课）
园艺林学学院,林学,第8学期,1305300007097,茶树栽培学48+4481周5园林TeaPlantCultivation周,5,必修,,,,,,待查教学大纲（专业课）
园艺林学学院,林学,第8学期,305300007098,茶叶生物化学34832165园林TeaBiochemistry,5,必修,,,,,,待查教学大纲（专业课）
园艺林学学院,林学,第8学期,2305300007099,茶叶加工学48+5482周6园林TeaProcessing周,6,必修,,,,,,待查教学大纲（专业课）
园艺林学学院,林学,第8学期,305300007100,茶叶审评与检验46424407园林TeaTasteandTest,7,必修,,,,,,待查教学大纲（专业课）
园艺林学学院,林学,第8学期,1305300007101,茶业创业基础与经营管理48+TeaBusinessStartup4481周7园林周andManagement,7,必修,,,,,,待查教学大纲（专业课）
园艺林学学院,林学,第8学期,305300009024,Thebasicexperimental130301园林,1,必修,,,,,,待查教学大纲（专业课）
园艺林学学院,林学,第8学期,304300009022,植物学实验130302生科BotanyExperiments,2,必修,,,,,,待查教学大纲（专业课）
园艺林学学院,林学,第8学期,3013009380,茶树昆虫与害虫防治学34832164植科TeaPlantInsectandPestControl,4,必修,,,,,,待查教学大纲（专业课）
园艺林学学院,林学,第8学期,301300007007,茶树病害与防治学23220124植科TeaPlantDiseaseandControl,4,必修,,,,,,待查教学大纲（专业课）
园艺林学学院,林学,第8学期,1305300007102,茶叶深加工与综合利用32+IntensiveProcessingand3321周6园林周GeneralUtilizationofTea,6,必修,,,,,,待查教学大纲（专业课）
园艺林学学院,林学,第8学期,3053009238,ProcessingandExploitation1.524246园林,6,必修,,,,,,待查教学大纲（专业课）
园艺林学学院,林学,第8学期,3053009239,茶树生物技术2.54030104园林TeaPlantBiotechnology,4,必修,,,,,,待查教学大纲（专业课）
园艺林学学院,林学,第8学期,305300007103,茶树组学基础2322665园林Milti-OmicsofTeaPlant,5,必修,,,,,,待查教学大纲（专业课）
园艺林学学院,林学,第8学期,3053009237,茶叶营养与功能232324园林TeaNutritionandFunction,4,必修,,,,,,待查教学大纲（专业课）
园艺林学学院,林学,第8学期,3053009241,茶叶清洁化生产2.540406园林TeaCleaningProduction,6,必修,,,,,,待查教学大纲（专业课）
园艺林学学院,林学,第8学期,307300007037,TeaProcessingMachinery2322486工学,6,必修,,,,,,待查教学大纲（专业课）
园艺林学学院,林学,第8学期,304300007052,微生物学B34828203生科MicrobiologyB,3,必修,,,,,,待查教学大纲（专业课）
园艺林学学院,林学,第8学期,3053009255,茶叶微生物产品学232327园林MicrobialTeaProducts,7,必修,,,,,,待查教学大纲（专业课）
园艺林学学院,林学,第8学期,303300007031,土壤肥料学B348483资环SoilandFertilizerB,3,必修,,,,,,待查教学大纲（专业课）
园艺林学学院,林学,第8学期,305300007002,插花艺术23216164园林FlowerDecoration,4,必修,,,,,,待查教学大纲（专业课）
园艺林学学院,林学,第8学期,3013009116,农业气象学48+34080.5周5植科AgriculturalMeteorology0.5周,0.5,必修,,,,,,待查教学大纲（专业课）
园艺林学学院,林学,第8学期,3093009103,食品工程原理B2.5405食科PrinciplesofFoodEngineeringB,5,必修,,,,,,待查教学大纲（专业课）
园艺林学学院,林学,第8学期,3093009167,饮料工艺学2326食科BeverageTechnology,6,必修,,,,,,待查教学大纲（专业课）
园艺林学学院,林学,第8学期,3093009133,食品工艺学C2.540407食科FoodProcessingTechnologyC,7,必修,,,,,,待查教学大纲（专业课）
园艺林学学院,林学,第8学期,9093009905,军事技能本科231Militaryskills生院,1,必修,军事训练教程,教育部军委国防动员部,2023版,高等教育出版社,,公共课已匹配
园艺林学学院,林学,第8学期,9093009906,本科Innovationand11-7生院EntrepreneurshipPractice,7,必修,,,,,,待查教学大纲（专业课）
园艺林学学院,林学,第8学期,202300008001,本科ThePracticeofMentalHealth1301生院PromotionforUndergraduates,1,必修,,,,,,待查教学大纲（专业课）
园艺林学学院,林学,第8学期,3143009105,形势与政策（二）实践1303-8马院SituationandPolicyEducation(II),8,必修,形势与政策（最新版）,教育部组编,每年更新,高等教育出版社,,公共课已匹配
园艺林学学院,林学,第8学期,9093009903,社会实践114团委SocialPractice,4,必修,,,,,,待查教学大纲（专业课）
园艺林学学院,林学,第8学期,110300008001,志愿服务1301-7团委VolunteerService,7,必修,,,,,,待查教学大纲（专业课）
园艺林学学院,林学,第8学期,110300008002,美育实践11-7团委AestheticPractice,7,必修,,,,,,待查教学大纲（专业课）
园艺林学学院,林学,第8学期,3053009922,毕业实习248园林GraduationPractice,8,必修,,,,,,待查教学大纲（专业课）
园艺林学学院,林学,第8学期,3053009946,茶艺学实习开学前224园林TeaArtPractice1周进行,1,必修,,,,,,待查教学大纲（专业课）
园艺林学学院,林学,第8学期,305300008049,茶叶产业实习（一）0.50.5周2园林TeaComprehensivePractice(I),2,必修,,,,,,待查教学大纲（专业课）
园艺林学学院,林学,第8学期,305300008050,专业茶叶产业实习（二）2.52.5周6园林实践TeaComprehensivePractice(II),6,必修,,,,,,待查教学大纲（专业课）
园艺林学学院,林学,第8学期,305300008026,茶文化实践116园林TeaCulturePractice,6,必修,,,,,,待查教学大纲（专业课）
园艺林学学院,林学,第8学期,3053009926,茶学创业实践336园林暑期进行TeaPioneeringPractice,6,必修,,,,,,待查教学大纲（专业课）
园艺林学学院,林学,第8学期,3053009924,毕业论文,8,必修,,,,,,待查教学大纲（专业课）
园艺林学学院,茶学,第1学期,314300001006,思想道德与法治,3,必修,思想道德与法治（2023年版）,本书编写组,2023年版,高等教育出版社,,公共课已匹配
园艺林学学院,茶学,第1学期,310300001019,微积分C,5,必修,高等数学（第七版·上/下册）,同济大学数学系,第7版,高等教育出版社,9787308798,公共课已匹配
园艺林学学院,茶学,第1学期,310300001002,有机化学B,3,必修,有机化学（农科类 第三版）,汪小兰,第3版,高等教育出版社,,公共课已匹配
园艺林学学院,茶学,第1学期,310300001005,有机化学实验B,1,必修,有机化学（农科类 第三版）,汪小兰,第3版,高等教育出版社,,公共课已匹配
园艺林学学院,茶学,第1学期,317300001008,人工智能应用基础,2,必修,人工智能基础（通识）,大学计算机课程教指委,最新版,高等教育出版社,9787428708,公共课已匹配
园艺林学学院,茶学,第1学期,317300001009,人工智能应用基础实验,1,必修,人工智能基础（通识）,大学计算机课程教指委,最新版,高等教育出版社,9787428708,公共课已匹配
园艺林学学院,茶学,第1学期,9093009905,军事技能23周,3,必修,军事训练教程,教育部军委国防动员部,2023版,高等教育出版社,,公共课已匹配
园艺林学学院,茶学,第1学期,3143009104,形势与政策（一）,1,必修,形势与政策（最新版）,教育部组编,每年更新,高等教育出版社,,公共课已匹配
园艺林学学院,茶学,第1学期,202300008001,大学生心理素质拓展,1,必修,大学生心理健康教育,郑日昌,最新版,高等教育出版社,,公共课已匹配
园艺林学学院,茶学,第1学期,202300006005,大学生心理发展与指导,1,必修,大学生心理健康教育,郑日昌,最新版,高等教育出版社,,公共课已匹配
园艺林学学院,茶学,第1学期,3113009824,写作与沟通,1,必修,写作与沟通,马工程/本校编,最新版,高等教育出版社,,公共课已匹配
园艺林学学院,茶学,1,,外语类课程,,必修类别,新视野大学英语（第三版·读写教程）,郑树棠,第3版,外语教学与研究出版社,,公共课已匹配
园艺林学学院,茶学,1,,体育类课程,,必修类别,大学体育（教材）,本校编,最新版,校本教材,,公共课已匹配
园艺林学学院,茶学,第2学期,3143009003,中国近现代史纲要,3,必修,中国近现代史纲要（2023年版）,本书编写组,2023年版,高等教育出版社,,公共课已匹配
园艺林学学院,茶学,第2学期,310300001022,概率论与数理统计B,3,必修,概率论与数理统计（第五版）,盛骤 谢式千,第5版,高等教育出版社,9787040384876,公共课已匹配
园艺林学学院,茶学,第2学期,310300001025,线性代数B,2,必修,线性代数（第六版）,同济大学数学系,第6版,高等教育出版社,9787040396632,公共课已匹配
园艺林学学院,茶学,第2学期,310300001008,无机及分析化学B,4,必修,无机及分析化学（第五版）,南京大学《无机及分析化学》编写组,第5版,高等教育出版社,,公共课已匹配
园艺林学学院,茶学,第2学期,310300001011,无机及分析化学实验B,2,必修,无机及分析化学（第五版）,南京大学《无机及分析化学》编写组,第5版,高等教育出版社,,公共课已匹配
园艺林学学院,茶学,第2学期,3043009101,植物学,2,必修,,,,,,待查教学大纲（专业课）
园艺林学学院,茶学,第2学期,305300008049,茶叶产业实习（一）0.50.5周,0.5,必修,,,,,,待查教学大纲（专业课）
园艺林学学院,茶学,第2学期,9093009774,大学生创新创业基础,1,必修,大学生创新创业基础,本校编,最新版,高等教育出版社,,公共课已匹配
园艺林学学院,茶学,第2学期,307300007045,工程基础,1,必修,,,,,,待查教学大纲（专业课）
园艺林学学院,茶学,第2学期,9093009904,军事理论,2,必修,军事理论课教程,教育部军委国防动员部,2023版,高等教育出版社,,公共课已匹配
园艺林学学院,茶学,2,,外语类课程,,必修类别,新视野大学英语（第三版·读写教程）,郑树棠,第3版,外语教学与研究出版社,,公共课已匹配
园艺林学学院,茶学,2,,体育类课程,,必修类别,大学体育（教材）,本校编,最新版,校本教材,,公共课已匹配
园艺林学学院,茶学,第3学期,314300001007,马克思主义基本原理,3,必修,马克思主义基本原理（2023年版）,本书编写组,2023年版,高等教育出版社,,公共课已匹配
园艺林学学院,茶学,第3学期,301300007147,遗传学B,3,必修,,,,,,待查教学大纲（专业课）
园艺林学学院,茶学,第3学期,301300009011,遗传学实验C,1,必修,,,,,,待查教学大纲（专业课）
园艺林学学院,茶学,第3学期,301300007144,生物化学B,4,必修,,,,,,待查教学大纲（专业课）
园艺林学学院,茶学,第3学期,301300009009,植物生物化学实验,1,必修,,,,,,待查教学大纲（专业课）
园艺林学学院,茶学,3,,外语类课程,,必修类别,新视野大学英语（第三版·读写教程）,郑树棠,第3版,外语教学与研究出版社,,公共课已匹配
园艺林学学院,茶学,3,,体育类课程,,必修类别,大学体育（教材）,本校编,最新版,校本教材,,公共课已匹配
园艺林学学院,茶学,第4学期,314300001008,毛泽东思想和中国特色3社会主义理论体系概论,3,必修,毛泽东思想和中国特色社会主义理论体系概论（2023年版）,本书编写组,2023年版,高等教育出版社,9787301299,公共课已匹配
园艺林学学院,茶学,第4学期,314300001009,习近平新时代中国特色3社会主义思想概论,3,必修,习近平新时代中国特色社会主义思想概论（2023年版）,本书编写组,2023年版,高等教育出版社,,公共课已匹配
园艺林学学院,茶学,第4学期,3013009104,植物生理学A,3,必修,,,,,,待查教学大纲（专业课）
园艺林学学院,茶学,第4学期,301300009012,植物生理学实验,1,必修,,,,,,待查教学大纲（专业课）
园艺林学学院,茶学,第4学期,305300007095,茶文化与茶艺,3,必修,,,,,,待查教学大纲（专业课）
园艺林学学院,茶学,第4学期,9093009903,社会实践12周，暑期进行,2,必修,,,,,,待查教学大纲（专业课）
园艺林学学院,茶学,第4学期,3053009946,茶艺学实习22周,2,必修,,,,,,待查教学大纲（专业课）
园艺林学学院,茶学,4,,外语类课程,,必修类别,新视野大学英语（第三版·读写教程）,郑树棠,第3版,外语教学与研究出版社,,公共课已匹配
园艺林学学院,茶学,4,,体育类课程,,必修类别,大学体育（教材）,本校编,最新版,校本教材,,公共课已匹配
园艺林学学院,茶学,第5学期,305300007096,茶树育种学,3,必修,,,,,,待查教学大纲（专业课）
园艺林学学院,茶学,第5学期,305300007097,茶树栽培学,4,必修,,,,,,待查教学大纲（专业课）
园艺林学学院,茶学,第5学期,305300007098,茶叶生物化学,3,必修,,,,,,待查教学大纲（专业课）
园艺林学学院,茶学,第5学期,305300007047,试验设计与统计分析B,3,必修,,,,,,待查教学大纲（专业课）
园艺林学学院,茶学,第6学期,305300007099,茶叶加工学,5,必修,,,,,,待查教学大纲（专业课）
园艺林学学院,茶学,第6学期,305300007156,智慧园艺,1,必修,,,,,,待查教学大纲（专业课）
园艺林学学院,茶学,第6学期,305300008050,茶叶产业实习（二）2.52.5周,2.5,必修,,,,,,待查教学大纲（专业课）
园艺林学学院,茶学,第6学期,305300008026,茶文化实践11周,1,必修,,,,,,待查教学大纲（专业课）
园艺林学学院,茶学,第6学期,3053009926,茶学创业实践33周，暑期进行,3,必修,,,,,,待查教学大纲（专业课）
园艺林学学院,茶学,第7学期,305300007100,茶叶审评与检验,4,必修,,,,,,待查教学大纲（专业课）
园艺林学学院,茶学,第7学期,305300007101,茶业创业基础与经营管理,4,必修,,,,,,待查教学大纲（专业课）
园艺林学学院,茶学,第8学期,3053009924,毕业论文612周,12,必修,,,,,,待查教学大纲（专业课）
园艺林学学院,茶学,第8学期,3053009922,毕业实习24周,4,必修,,,,,,待查教学大纲（专业课）
园艺林学学院,茶学,第8学期,3143009105,形势与政策（二）,1,必修,形势与政策（最新版）,教育部组编,每年更新,高等教育出版社,,公共课已匹配
园艺林学学院,茶学,第8学期,314300001006,思想道德与法治3484261马院IdeologyMoralityandRuleofLaw,1,必修,思想道德与法治（2023年版）,本书编写组,2023年版,高等教育出版社,,公共课已匹配
园艺林学学院,茶学,第8学期,3143009003,中国近现代史纲要3484262马院OutlineofModernChineseHistory,2,必修,中国近现代史纲要（2023年版）,本书编写组,2023年版,高等教育出版社,,公共课已匹配
园艺林学学院,茶学,第8学期,314300001007,马克思主义基本原理3484263马院BasicKnowledgeofMarxism,3,必修,马克思主义基本原理（2023年版）,本书编写组,2023年版,高等教育出版社,,公共课已匹配
园艺林学学院,茶学,第8学期,314300001008,BasicTheoryofMaoZedong3484084马院,4,必修,,,,,,待查教学大纲（专业课）
园艺林学学院,茶学,第8学期,314300001009,BasicTheoryofXiJinpingThought3484084马院,4,必修,,,,,,待查教学大纲（专业课）
园艺林学学院,茶学,第8学期,3143009104,形势与政策（一）116161-2马院SituationandPolicyEducation(I),2,必修,形势与政策（最新版）,教育部组编,每年更新,高等教育出版社,,公共课已匹配
园艺林学学院,茶学,8,,体育类课程必修，实行选项制，一、二年级要求每学期修满1,,必修类别,大学体育（教材）,本校编,最新版,校本教材,,公共课已匹配
园艺林学学院,茶学,8,,体育类课程教学详见《华中农业大学体育教学改革实施方案》。,,必修类别,大学体育（教材）,本校编,最新版,校本教材,,公共课已匹配
园艺林学学院,茶学,第8学期,307300007045,工程基础116162工学FoundationforEngineering,2,必修,,,,,,待查教学大纲（专业课）
园艺林学学院,茶学,第8学期,9093009904,军事理论本科232322MilitaryTheory生院,2,必修,军事理论课教程,教育部军委国防动员部,2023版,高等教育出版社,,公共课已匹配
园艺林学学院,茶学,第8学期,3113009824,写作与沟通116161/2文法WritingandCommunication,2,必修,写作与沟通,马工程/本校编,最新版,高等教育出版社,,公共课已匹配
园艺林学学院,茶学,第8学期,202300006005,本科PsychologicalDevelopmentandGuidance116161生院ofCollegeStudents,1,必修,,,,,,待查教学大纲（专业课）
园艺林学学院,茶学,第8学期,9093009774,本科InnovationandEntrepreneurship116162生院FoundationsforUndergraduates,2,必修,,,,,,待查教学大纲（专业课）
园艺林学学院,茶学,第8学期,310300001019,微积分C580801信息CalculusC,1,必修,高等数学（第七版·上/下册）,同济大学数学系,第7版,高等教育出版社,9787308798,公共课已匹配
园艺林学学院,茶学,第8学期,310300001025,线性代数B232322信息LinearAlgebraB,2,必修,线性代数（第六版）,同济大学数学系,第6版,高等教育出版社,9787040396632,公共课已匹配
园艺林学学院,茶学,第8学期,310300001022,Probabilityand348482信息,2,必修,,,,,,待查教学大纲（专业课）
园艺林学学院,茶学,第8学期,310300001029,大学物理学C232324工学CollegePhysicsC,4,必修,物理学（第七版）,马文蔚,第7版,高等教育出版社,9787571720,公共课已匹配
园艺林学学院,茶学,第8学期,310300001031,大学物理学实验130304工学CollegePhysicsExperiment,4,必修,物理学（第七版）,马文蔚,第7版,高等教育出版社,9787571720,公共课已匹配
园艺林学学院,茶学,第8学期,310300001008,无机及分析化学B464642化学InorganicandAnalyticalChemistryB,2,必修,无机及分析化学（第五版）,南京大学《无机及分析化学》编写组,第5版,高等教育出版社,,公共课已匹配
园艺林学学院,茶学,第8学期,310300001011,ExperimentofInorganicand260602化学,2,必修,,,,,,待查教学大纲（专业课）
园艺林学学院,茶学,第8学期,310300001002,有机化学B348481化学OrganicChemistryB,1,必修,有机化学（农科类 第三版）,汪小兰,第3版,高等教育出版社,,公共课已匹配
园艺林学学院,茶学,第8学期,310300001005,有机化学实验B130301化学ExperimentofOrganicChemistryB,1,必修,有机化学（农科类 第三版）,汪小兰,第3版,高等教育出版社,,公共课已匹配
园艺林学学院,茶学,第8学期,3043009101,植物学232322生科Botany,2,必修,,,,,,待查教学大纲（专业课）
园艺林学学院,茶学,第8学期,304300009022,植物学实验130302生科BotanyExperiment,2,必修,,,,,,待查教学大纲（专业课）
园艺林学学院,茶学,第8学期,317300001008,FundamentalsofArtificialIntelligence232321信息,1,必修,,,,,,待查教学大纲（专业课）
园艺林学学院,茶学,第8学期,317300001009,ExperimentsontheFundamentalsof130301信息,1,必修,,,,,,待查教学大纲（专业课）
园艺林学学院,茶学,第8学期,305300007156,智慧园艺116166园林SmartHorticulture,6,必修,,,,,,待查教学大纲（专业课）
园艺林学学院,茶学,第8学期,301300007147,遗传学B348483植科GeneticsB,3,必修,,,,,,待查教学大纲（专业课）
园艺林学学院,茶学,第8学期,301300009011,遗传学实验C120203植科GeneticsLaboratoryPracticeC,3,必修,,,,,,待查教学大纲（专业课）
园艺林学学院,茶学,第8学期,301300007144,生物化学B464643植科BiochemistryB,3,必修,,,,,,待查教学大纲（专业课）
园艺林学学院,茶学,第8学期,301300009009,植物生物化学实验125253植科ExperimentofPlantBiochemistry,3,必修,,,,,,待查教学大纲（专业课）
园艺林学学院,茶学,第8学期,3013009104,植物生理学A348484植科PlantPhysiologyA,4,必修,,,,,,待查教学大纲（专业课）
园艺林学学院,茶学,第8学期,301300009012,植物生理学实验125254植科ExperimentofPlantPhysiology,4,必修,,,,,,待查教学大纲（专业课）
园艺林学学院,茶学,第8学期,3013009233,园艺植物病理学34828206植科HorticulturalPathology,6,必修,,,,,,待查教学大纲（专业课）
园艺林学学院,茶学,第8学期,3053009128,ExperimentalDesignand348485园林,5,必修,,,,,,待查教学大纲（专业课）
园艺林学学院,茶学,第8学期,305300007104,ProtectedFacilitiesforHorticulture2322664园林,4,必修,,,,,,待查教学大纲（专业课）
园艺林学学院,茶学,第8学期,305300007105,ProtectedFacilitiesforHorticulture2322665园林,5,必修,,,,,,待查教学大纲（专业课）
园艺林学学院,茶学,第8学期,305300007106,CropCultivation2.54832165园林,5,必修,,,,,,待查教学大纲（专业课）
园艺林学学院,茶学,第8学期,305300007107,CropCultivation2.54832166园林,6,必修,,,,,,待查教学大纲（专业课）
园艺林学学院,茶学,第8学期,3053009141,CropBreedingfor34836125园林,5,必修,,,,,,待查教学大纲（专业课）
园艺林学学院,茶学,第8学期,305300007108,工厂化育苗原理与技术A34832166园林FactorizedSeedlingA,6,必修,,,,,,待查教学大纲（专业课）
园艺林学学院,茶学,第8学期,305300007162,设施园艺导论116162园林IntroductiontoProtectedHorticulture,2,必修,,,,,,待查教学大纲（专业课）
园艺林学学院,茶学,第8学期,305300009024,BasicExperimentalTechnology130301园林,1,必修,,,,,,待查教学大纲（专业课）
园艺林学学院,茶学,第8学期,304300007052,微生物学B34828203生科MicrobiologyB,3,必修,,,,,,待查教学大纲（专业课）
园艺林学学院,茶学,第8学期,3013009116,农业气象学3484085植科AgriculturalMeteorology,5,必修,,,,,,待查教学大纲（专业课）
园艺林学学院,茶学,第8学期,3013009244,园艺植物昆虫学34828206植科HorticulturalEntomology,6,必修,,,,,,待查教学大纲（专业课）
园艺林学学院,茶学,第8学期,3053009130,QualityAnalysisof23212205园林,5,必修,,,,,,待查教学大纲（专业课）
园艺林学学院,茶学,第8学期,3053009111,Biotechnologyof2322485园林,5,必修,,,,,,待查教学大纲（专业课）
园艺林学学院,茶学,第8学期,3053009131,CultivationandProcessing23220124园林,4,必修,,,,,,待查教学大纲（专业课）
园艺林学学院,茶学,第8学期,305300007091,Storage-Transportationand46440244园林,4,必修,,,,,,待查教学大纲（专业课）
园艺林学学院,茶学,第8学期,305300007065,植物生物学概论园林（国232326Introductoryplantbiology际课程）,6,必修,,,,,,待查教学大纲（专业课）
园艺林学学院,茶学,第8学期,304300007059,分子生物学B232327生科MolecularBiologyB,7,必修,,,,,,待查教学大纲（专业课）
园艺林学学院,茶学,第8学期,305300007083,Introductiontodevelopmental232325园林,5,必修,,,,,,待查教学大纲（专业课）
园艺林学学院,茶学,第8学期,305300007162,设施园艺导论116162园林IntroductiontoProtectedHorticulture,2,必修,,,,,,待查教学大纲（专业课）
园艺林学学院,茶学,第8学期,307300007038,园艺机械2322484工学HorticulturalMachinery,4,必修,,,,,,待查教学大纲（专业课）
园艺林学学院,茶学,第8学期,307300007050,MechanicalEngineering348484工学,4,必修,,,,,,待查教学大纲（专业课）
园艺林学学院,茶学,第8学期,315300007246,数字测量学C232323公管DigitalSurveyingC,3,必修,,,,,,待查教学大纲（专业课）
园艺林学学院,茶学,第8学期,315300009036,数字测量学实验130303公管Experimentofdigitalsurveying,3,必修,,,,,,待查教学大纲（专业课）
园艺林学学院,茶学,第8学期,3053009201,计算机辅助设计2.540404园林Computeraideddesign(CAD),4,必修,,,,,,待查教学大纲（专业课）
园艺林学学院,茶学,第8学期,3053009127,生物信息学23216165园林Bioinformatics,5,必修,,,,,,待查教学大纲（专业课）
园艺林学学院,茶学,第8学期,303300007016,工程项目管理232327资环ProjectManagement,7,必修,,,,,,待查教学大纲（专业课）
园艺林学学院,茶学,第8学期,3013009376,精准作物表型组2322486植科PreciseCropPhenomics,6,必修,,,,,,待查教学大纲（专业课）
园艺林学学院,茶学,第8学期,3033009258,精准农业232327资环PrecisionAgriculture,7,必修,,,,,,待查教学大纲（专业课）
园艺林学学院,茶学,第8学期,307300007041,电工技术B2322485工学ElectrotechnicsB,5,必修,,,,,,待查教学大纲（专业课）
园艺林学学院,茶学,第8学期,317300007037,ArtificialNeuralNetworkand2322485信息,5,必修,,,,,,待查教学大纲（专业课）
园艺林学学院,茶学,第8学期,3013009399,植物大数据技术232325植科PlantBigData,5,必修,,,,,,待查教学大纲（专业课）
园艺林学学院,茶学,第8学期,307300007034,农业物联网232327工学AgriculturalInternetofthings,7,必修,,,,,,待查教学大纲（专业课）
园艺林学学院,茶学,第8学期,305300008070,Project-basedScientific24周4周4园林,4,必修,,,,,,待查教学大纲（专业课）
园艺林学学院,茶学,第8学期,305300008071,Project-basedScientific24周4周5园林,5,必修,,,,,,待查教学大纲（专业课）
园艺林学学院,茶学,第8学期,305300008072,Project-basedScientific24周4周6园林,6,必修,,,,,,待查教学大纲（专业课）
园艺林学学院,茶学,第8学期,9093009905,军事技能本科231Militaryskills生院,1,必修,军事训练教程,教育部军委国防动员部,2023版,高等教育出版社,,公共课已匹配
园艺林学学院,茶学,第8学期,9093009906,本科Innovationand11-7生院EntrepreneurshipPractice,7,必修,,,,,,待查教学大纲（专业课）
园艺林学学院,茶学,第8学期,202300008001,本科ThePracticeofMentalHealth1301生院PromotionforUndergraduates,1,必修,,,,,,待查教学大纲（专业课）
园艺林学学院,茶学,第8学期,3143009105,实践形势与政策（二）1303-8马院SituationandPolicyEducation(Ⅱ),8,必修,形势与政策（最新版）,教育部组编,每年更新,高等教育出版社,,公共课已匹配
园艺林学学院,茶学,第8学期,9093009903,社会实践114团委SocialPractice,4,必修,,,,,,待查教学大纲（专业课）
园艺林学学院,茶学,第8学期,110300008001,志愿服务1301-7团委VolunteerService,7,必修,,,,,,待查教学大纲（专业课）
园艺林学学院,茶学,第8学期,110300008002,美育实践11-7团委AestheticPractice,7,必修,,,,,,待查教学大纲（专业课）
园艺林学学院,茶学,第8学期,305300008051,SubjectPractice（Engineering114园林ConstructionandMaintenanceof,4,必修,,,,,,待查教学大纲（专业课）
园艺林学学院,茶学,第8学期,305300008052,SubjectPractice（Engineering115园林Constructionand,5,必修,,,,,,待查教学大纲（专业课）
园艺林学学院,茶学,第8学期,305300008053,专业SubjectPractice（CropBreeding335园林实践andCultivationfor,5,必修,,,,,,待查教学大纲（专业课）
园艺林学学院,茶学,第8学期,305300008054,SubjectPractice（CropCultivation336园林,6,必修,,,,,,待查教学大纲（专业课）
园艺林学学院,茶学,第8学期,3053009915,毕业实习248园林GraduationPractice,8,必修,,,,,,待查教学大纲（专业课）
园艺林学学院,茶学,第8学期,3053009918,毕业论文6128园林Thesis,8,必修,,,,,,待查教学大纲（专业课）
园艺林学学院,设施农业科学与工程,第1学期,314300001006,思想道德与法治,3,必修,思想道德与法治（2023年版）,本书编写组,2023年版,高等教育出版社,,公共课已匹配
园艺林学学院,设施农业科学与工程,第1学期,317300001008,人工智能应用基础,2,必修,人工智能基础（通识）,大学计算机课程教指委,最新版,高等教育出版社,9787428708,公共课已匹配
园艺林学学院,设施农业科学与工程,第1学期,317300001009,人工智能应用基础实验,1,必修,人工智能基础（通识）,大学计算机课程教指委,最新版,高等教育出版社,9787428708,公共课已匹配
园艺林学学院,设施农业科学与工程,第1学期,310300001019,微积分C,5,必修,高等数学（第七版·上/下册）,同济大学数学系,第7版,高等教育出版社,9787308798,公共课已匹配
园艺林学学院,设施农业科学与工程,第1学期,310300001002,有机化学B,3,必修,有机化学（农科类 第三版）,汪小兰,第3版,高等教育出版社,,公共课已匹配
园艺林学学院,设施农业科学与工程,第1学期,310300001005,有机化学实验B,1,必修,有机化学（农科类 第三版）,汪小兰,第3版,高等教育出版社,,公共课已匹配
园艺林学学院,设施农业科学与工程,第1学期,9093009905,军事技能23周,3,必修,军事训练教程,教育部军委国防动员部,2023版,高等教育出版社,,公共课已匹配
园艺林学学院,设施农业科学与工程,第1学期,3143009104,形势与政策（一）,1,必修,形势与政策（最新版）,教育部组编,每年更新,高等教育出版社,,公共课已匹配
园艺林学学院,设施农业科学与工程,第1学期,202300006005,大学生心理发展与指导,1,必修,大学生心理健康教育,郑日昌,最新版,高等教育出版社,,公共课已匹配
园艺林学学院,设施农业科学与工程,第1学期,202300008001,大学生心理素质拓展,1,必修,大学生心理健康教育,郑日昌,最新版,高等教育出版社,,公共课已匹配
园艺林学学院,设施农业科学与工程,第1学期,3113009824,写作与沟通,1,必修,写作与沟通,马工程/本校编,最新版,高等教育出版社,,公共课已匹配
园艺林学学院,设施农业科学与工程,1,,外语类课程,,必修类别,新视野大学英语（第三版·读写教程）,郑树棠,第3版,外语教学与研究出版社,,公共课已匹配
园艺林学学院,设施农业科学与工程,1,,体育类课程,,必修类别,大学体育（教材）,本校编,最新版,校本教材,,公共课已匹配
园艺林学学院,设施农业科学与工程,第2学期,3143009003,中国近现代史纲要,3,必修,中国近现代史纲要（2023年版）,本书编写组,2023年版,高等教育出版社,,公共课已匹配
园艺林学学院,设施农业科学与工程,第2学期,310300001025,线性代数B,2,必修,线性代数（第六版）,同济大学数学系,第6版,高等教育出版社,9787040396632,公共课已匹配
园艺林学学院,设施农业科学与工程,第2学期,310300001022,概率论与数理统计B,3,必修,概率论与数理统计（第五版）,盛骤 谢式千,第5版,高等教育出版社,9787040384876,公共课已匹配
园艺林学学院,设施农业科学与工程,第2学期,3043009101,植物学,2,必修,,,,,,待查教学大纲（专业课）
园艺林学学院,设施农业科学与工程,第2学期,304300009022,植物学实验,1,必修,,,,,,待查教学大纲（专业课）
园艺林学学院,设施农业科学与工程,第2学期,310300001008,无机及分析化学B,4,必修,无机及分析化学（第五版）,南京大学《无机及分析化学》编写组,第5版,高等教育出版社,,公共课已匹配
园艺林学学院,设施农业科学与工程,第2学期,310300001011,无机及分析化学实验B,2,必修,无机及分析化学（第五版）,南京大学《无机及分析化学》编写组,第5版,高等教育出版社,,公共课已匹配
园艺林学学院,设施农业科学与工程,第2学期,307300007045,工程基础,1,必修,,,,,,待查教学大纲（专业课）
园艺林学学院,设施农业科学与工程,第2学期,9093009774,大学生创新创业基础,1,必修,大学生创新创业基础,本校编,最新版,高等教育出版社,,公共课已匹配
园艺林学学院,设施农业科学与工程,第2学期,9093009904,军事理论,2,必修,军事理论课教程,教育部军委国防动员部,2023版,高等教育出版社,,公共课已匹配
园艺林学学院,设施农业科学与工程,2,,体育类课程,,必修类别,大学体育（教材）,本校编,最新版,校本教材,,公共课已匹配
园艺林学学院,设施农业科学与工程,2,,外语类课程,,必修类别,新视野大学英语（第三版·读写教程）,郑树棠,第3版,外语教学与研究出版社,,公共课已匹配
园艺林学学院,设施农业科学与工程,第3学期,314300001007,马克思主义基本原理,3,必修,马克思主义基本原理（2023年版）,本书编写组,2023年版,高等教育出版社,,公共课已匹配
园艺林学学院,设施农业科学与工程,第3学期,301300007144,生物化学B,4,必修,,,,,,待查教学大纲（专业课）
园艺林学学院,设施农业科学与工程,第3学期,301300009009,植物生物化学实验,1,必修,,,,,,待查教学大纲（专业课）
园艺林学学院,设施农业科学与工程,第3学期,301300007147,遗传学B,3,必修,,,,,,待查教学大纲（专业课）
园艺林学学院,设施农业科学与工程,第3学期,301300009011,遗传学实验C,1,必修,,,,,,待查教学大纲（专业课）
园艺林学学院,设施农业科学与工程,3,,体育类课程,,必修类别,大学体育（教材）,本校编,最新版,校本教材,,公共课已匹配
园艺林学学院,设施农业科学与工程,3,,外语类课程,,必修类别,新视野大学英语（第三版·读写教程）,郑树棠,第3版,外语教学与研究出版社,,公共课已匹配
园艺林学学院,设施农业科学与工程,3,,通识课程,,选修类别,,,,,,待查教学大纲（专业课）
园艺林学学院,设施农业科学与工程,第4学期,314300001008,毛泽东思想和中国特色3社会主义理论体系概论,3,必修,毛泽东思想和中国特色社会主义理论体系概论（2023年版）,本书编写组,2023年版,高等教育出版社,9787301299,公共课已匹配
园艺林学学院,设施农业科学与工程,第4学期,314300001009,习近平新时代中国特色3社会主义思想概论,3,必修,习近平新时代中国特色社会主义思想概论（2023年版）,本书编写组,2023年版,高等教育出版社,,公共课已匹配
园艺林学学院,设施农业科学与工程,第4学期,3013009104,植物生理学A,3,必修,,,,,,待查教学大纲（专业课）
园艺林学学院,设施农业科学与工程,第4学期,301300009012,植物生理学实验,1,必修,,,,,,待查教学大纲（专业课）
园艺林学学院,设施农业科学与工程,第4学期,310300001029,大学物理学C,2,必修,物理学（第七版）,马文蔚,第7版,高等教育出版社,9787571720,公共课已匹配
园艺林学学院,设施农业科学与工程,第4学期,310300001031,大学物理学实验,1,必修,物理学（第七版）,马文蔚,第7版,高等教育出版社,9787571720,公共课已匹配
园艺林学学院,设施农业科学与工程,第4学期,305300007104,园艺设施与环境工程（一）,2,必修,,,,,,待查教学大纲（专业课）
园艺林学学院,设施农业科学与工程,第4学期,305300008051,温室施工与维护实习（一）11周实习,1,必修,,,,,,待查教学大纲（专业课）
园艺林学学院,设施农业科学与工程,第4学期,9093009903,社会实践12周，暑假进行,2,必修,,,,,,待查教学大纲（专业课）
园艺林学学院,设施农业科学与工程,4,,体育类课程,,必修类别,大学体育（教材）,本校编,最新版,校本教材,,公共课已匹配
园艺林学学院,设施农业科学与工程,4,,外语类课程,,必修类别,新视野大学英语（第三版·读写教程）,郑树棠,第3版,外语教学与研究出版社,,公共课已匹配
园艺林学学院,设施农业科学与工程,第5学期,305300007105,园艺设施与环境工程（二）,2,必修,,,,,,待查教学大纲（专业课）
园艺林学学院,设施农业科学与工程,第5学期,3053009141,设施作物育种学,3,必修,,,,,,待查教学大纲（专业课）
园艺林学学院,设施农业科学与工程,第5学期,305300007106,设施作物栽培学（一）2.516学时实验,16,必修,,,,,,待查教学大纲（专业课）
园艺林学学院,设施农业科学与工程,第5学期,3053009128,试验设计与统计分析,3,必修,,,,,,待查教学大纲（专业课）
园艺林学学院,设施农业科学与工程,第5学期,305300008053,3周实习设施栽培和育种综合实习3（开学前安排1周）,1,必修,,,,,,待查教学大纲（专业课）
园艺林学学院,设施农业科学与工程,第5学期,305300008052,温室施工与维护实习（二）11周实习,1,必修,,,,,,待查教学大纲（专业课）
园艺林学学院,设施农业科学与工程,5,,通识课程,,选修类别,,,,,,待查教学大纲（专业课）
园艺林学学院,设施农业科学与工程,第6学期,305300007107,设施作物栽培学（二）2.516学时实验,16,必修,,,,,,待查教学大纲（专业课）
园艺林学学院,设施农业科学与工程,第6学期,305300007156,智慧园艺,1,必修,,,,,,待查教学大纲（专业课）
园艺林学学院,设施农业科学与工程,第6学期,3013009233,园艺植物病理学30.5周实习,0.5,必修,,,,,,待查教学大纲（专业课）
园艺林学学院,设施农业科学与工程,第6学期,305300007108,工厂化育苗原理与技术A316学时实验,16,必修,,,,,,待查教学大纲（专业课）
园艺林学学院,设施农业科学与工程,第6学期,305300008054,设施专业综合实习33周实习,3,必修,,,,,,待查教学大纲（专业课）
园艺林学学院,设施农业科学与工程,6,,通识课程,,选修类别,,,,,,待查教学大纲（专业课）
园艺林学学院,设施农业科学与工程,第7学期,3143009105,形势与政策（二）,1,必修,形势与政策（最新版）,教育部组编,每年更新,高等教育出版社,,公共课已匹配
园艺林学学院,设施农业科学与工程,第8学期,3053009915,毕业实习24周,4,必修,,,,,,待查教学大纲（专业课）
园艺林学学院,设施农业科学与工程,第8学期,3053009918,毕业论文612周,12,必修,,,,,,待查教学大纲（专业课）
园艺林学学院,设施农业科学与工程,第8学期,314300001006,思想道德与法治3484261马院IdeologyMoralityandRuleofLaw,1,必修,思想道德与法治（2023年版）,本书编写组,2023年版,高等教育出版社,,公共课已匹配
园艺林学学院,设施农业科学与工程,第8学期,3143009003,中国近现代史纲要3484262马院OutlineofModernChineseHistory,2,必修,中国近现代史纲要（2023年版）,本书编写组,2023年版,高等教育出版社,,公共课已匹配
园艺林学学院,设施农业科学与工程,第8学期,314300001007,马克思主义基本原理3484263马院BasicKnowledgeofMarxism,3,必修,马克思主义基本原理（2023年版）,本书编写组,2023年版,高等教育出版社,,公共课已匹配
园艺林学学院,设施农业科学与工程,第8学期,314300001008,BasicTheoryofMaoZedong3484084马院,4,必修,,,,,,待查教学大纲（专业课）
园艺林学学院,设施农业科学与工程,第8学期,314300001009,BasicTheoryofXiJinping3484084马院,4,必修,,,,,,待查教学大纲（专业课）
园艺林学学院,设施农业科学与工程,第8学期,3143009104,形势与政策（一）116161马院SituationandPolicyEducation（I）,1,必修,形势与政策（最新版）,教育部组编,每年更新,高等教育出版社,,公共课已匹配
园艺林学学院,设施农业科学与工程,8,,体育类课程必修，实行选项制，一、二年级要求每学期修满1,,必修类别,大学体育（教材）,本校编,最新版,校本教材,,公共课已匹配
园艺林学学院,设施农业科学与工程,8,,体育类课程教学详见《华中农业大学体育教学改革实施方案》。,,必修类别,大学体育（教材）,本校编,最新版,校本教材,,公共课已匹配
园艺林学学院,设施农业科学与工程,第8学期,307300007045,工程基础116162工学FoundationforEngineering,2,必修,,,,,,待查教学大纲（专业课）
园艺林学学院,设施农业科学与工程,第8学期,9093009904,军事理论本科232322MilitaryTheory生院,2,必修,军事理论课教程,教育部军委国防动员部,2023版,高等教育出版社,,公共课已匹配
园艺林学学院,设施农业科学与工程,第8学期,3053009024,中国画23216162园林TraditionalChinesePainting,2,必修,,,,,,待查教学大纲（专业课）
园艺林学学院,设施农业科学与工程,第8学期,3113009824,写作与沟通116161园林WritingandCommunication,1,必修,写作与沟通,马工程/本校编,最新版,高等教育出版社,,公共课已匹配
园艺林学学院,设施农业科学与工程,第8学期,202300006005,本科PsychologicalDevelopmentand116161生院GuidanceofCollegeStudents,1,必修,,,,,,待查教学大纲（专业课）
园艺林学学院,设施农业科学与工程,第8学期,9093009774,本科InnovationandEntrepreneurship116162生院FoundationsforUndergraduates,2,必修,,,,,,待查教学大纲（专业课）
园艺林学学院,设施农业科学与工程,第8学期,310300001019,微积分C580801信息CalculusC,1,必修,高等数学（第七版·上/下册）,同济大学数学系,第7版,高等教育出版社,9787308798,公共课已匹配
园艺林学学院,设施农业科学与工程,第8学期,317300001008,FundamentalsofArtificial232321信息,1,必修,,,,,,待查教学大纲（专业课）
园艺林学学院,设施农业科学与工程,第8学期,317300001009,ExperimentsontheFundamentalsOf130301信息,1,必修,,,,,,待查教学大纲（专业课）
园艺林学学院,设施农业科学与工程,第8学期,305300007135,TheApplicationof116164园林,4,必修,,,,,,待查教学大纲（专业课）
园艺林学学院,设施农业科学与工程,第8学期,305300007084,风景园林基础3484441园林IntroductiontoLandscapeArchitecture,1,必修,,,,,,待查教学大纲（专业课）
园艺林学学院,设施农业科学与工程,第8学期,305300007136,设计初步464642园林FundamentalsofDesign,2,必修,,,,,,待查教学大纲（专业课）
园艺林学学院,设施农业科学与工程,第8学期,305300007137,生态学基础34836122园林FundamentalsofEcology,2,必修,,,,,,待查教学大纲（专业课）
园艺林学学院,设施农业科学与工程,第8学期,305300009034,建筑设计464643园林ArchitecturalDesign,3,必修,,,,,,待查教学大纲（专业课）
园艺林学学院,设施农业科学与工程,第8学期,305300007138,国土空间规划原理348483园林TheoryofTerritorialSpatialPlanning,3,必修,,,,,,待查教学大纲（专业课）
园艺林学学院,设施农业科学与工程,第8学期,3053009275,风景园林艺术原理348483园林TheoryofLandscapeArchitecture,3,必修,,,,,,待查教学大纲（专业课）
园艺林学学院,设施农业科学与工程,第8学期,305300007132,TheWorldLandscapeand348484园林,4,必修,,,,,,待查教学大纲（专业课）
园艺林学学院,设施农业科学与工程,第8学期,305300009035,LandscapeArchitecture580804园林,4,必修,,,,,,待查教学大纲（专业课）
园艺林学学院,设施农业科学与工程,第8学期,305300009036,植景规划设计34816325园林PlantscapePlanningandDesign,5,必修,,,,,,待查教学大纲（专业课）
园艺林学学院,设施农业科学与工程,第8学期,305300009037,城乡绿地规划46416485园林Urban-RuralGreenSpacePlanning,5,必修,,,,,,待查教学大纲（专业课）
园艺林学学院,设施农业科学与工程,第8学期,305300007139,风景园林工程34828206园林LandscapeArchitecturalEngineering,6,必修,,,,,,待查教学大纲（专业课）
园艺林学学院,设施农业科学与工程,第8学期,305300007140,设计素描A46432321园林DesignSketchA,1,必修,,,,,,待查教学大纲（专业课）
园艺林学学院,设施农业科学与工程,第8学期,305300007141,钢笔风景速写23216161园林PenandInkDrawing,1,必修,,,,,,待查教学大纲（专业课）
园艺林学学院,设施农业科学与工程,第8学期,305300007142,山水美学116161园林ShanShuiAesthetics美育,1,必修,,,,,,待查教学大纲（专业课）
园艺林学学院,设施农业科学与工程,第8学期,305300007143,与设计色彩A美术46432322园林DesignColorA,2,必修,,,,,,待查教学大纲（专业课）
园艺林学学院,设施农业科学与工程,第8学期,305300007144,综合媒介表现34824242园林IntegratedMediaPerformance,2,必修,,,,,,待查教学大纲（专业课）
园艺林学学院,设施农业科学与工程,第8学期,305300007145,AppreciationofModernand116165园林,5,必修,,,,,,待查教学大纲（专业课）
园艺林学学院,设施农业科学与工程,第8学期,305300007161,风景园林树木学1.524242园林LandscapeDendrology,2,必修,,,,,,待查教学大纲（专业课）
园艺林学学院,设施农业科学与工程,第8学期,301300007006,气象学232323植科Meteorology,3,必修,,,,,,待查教学大纲（专业课）
园艺林学学院,设施农业科学与工程,第8学期,305300007146,CultivationandManagementof2.54020204园林,4,必修,,,,,,待查教学大纲（专业课）
园艺林学学院,设施农业科学与工程,第8学期,303300007047,自然地理学232324资环PhysicalGeography,4,必修,,,,,,待查教学大纲（专业课）
园艺林学学院,设施农业科学与工程,第8学期,305300007152,花卉学与2.54024165园林Floriculture植物,5,必修,,,,,,待查教学大纲（专业课）
园艺林学学院,设施农业科学与工程,第8学期,305300007147,LandscapeEcological232325园林,5,必修,,,,,,待查教学大纲（专业课）
园艺林学学院,设施农业科学与工程,第8学期,305300007024,TerritorialEcological232326园林,6,必修,,,,,,待查教学大纲（专业课）
园艺林学学院,设施农业科学与工程,第8学期,305210004018,（本研）116167园林FrontiersinRegionalLandscape,7,必修,,,,,,待查教学大纲（专业课）
园艺林学学院,设施农业科学与工程,第8学期,305300007014,CaseStudyonLandscape23216163园林,3,必修,,,,,,待查教学大纲（专业课）
园艺林学学院,设施农业科学与工程,第8学期,305220003008,StudioWorkofLandscape232325园林,5,必修,,,,,,待查教学大纲（专业课）
园艺林学学院,设施农业科学与工程,第8学期,305300009038,微花园营造232326园林GardenConstruction,6,必修,,,,,,待查教学大纲（专业课）
园艺林学学院,设施农业科学与工程,第8学期,305300009039,古典园林设计232326园林ChineseClassicalGardenDesign,6,必修,,,,,,待查教学大纲（专业课）
园艺林学学院,设施农业科学与工程,第8学期,305300009040,城市设计348486园林UrbanDesign,6,必修,,,,,,待查教学大纲（专业课）
园艺林学学院,设施农业科学与工程,第8学期,305300007158,国家公园与自然保护地规划116165园林NationalParkandProtectedArea,5,必修,,,,,,待查教学大纲（专业课）
园艺林学学院,设施农业科学与工程,第8学期,305300009041,设计风景名胜区规划23216166园林ScenicandHistoricAreasPlanning,6,必修,,,,,,待查教学大纲（专业课）
园艺林学学院,设施农业科学与工程,第8学期,305300009042,海外优秀风景园林作品调研232326园林OverseasOutstandingLAFieldWork,6,必修,,,,,,待查教学大纲（专业课）
园艺林学学院,设施农业科学与工程,第8学期,305300007155,公园游憩规划232327园林ParkandRecreationPlanning,7,必修,,,,,,待查教学大纲（专业课）
园艺林学学院,设施农业科学与工程,第8学期,305210004010,乡村规划设计（本研）232327园林RuralPlanningandDesign,7,必修,,,,,,待查教学大纲（专业课）
园艺林学学院,设施农业科学与工程,第8学期,305300009043,风景建筑设计232327园林LandscapeArchitecturalDesign,7,必修,,,,,,待查教学大纲（专业课）
园艺林学学院,设施农业科学与工程,第8学期,305110006002,ResearchMethodofLandscape116167园林,7,必修,,,,,,待查教学大纲（专业课）
园艺林学学院,设施农业科学与工程,第8学期,305300007005,城市建设史232323园林HistoryofUrbanDevelopment,3,必修,,,,,,待查教学大纲（专业课）
园艺林学学院,设施农业科学与工程,第8学期,305300007008,ChineseTraditional116165园林,5,必修,,,,,,待查教学大纲（专业课）
园艺林学学院,设施农业科学与工程,第8学期,305300007148,与HistoryofAncient232326园林,6,必修,,,,,,待查教学大纲（专业课）
园艺林学学院,设施农业科学与工程,第8学期,305300007149,中国园林文化116166园林ChineseGardenCulture,6,必修,,,,,,待查教学大纲（专业课）
园艺林学学院,设施农业科学与工程,第8学期,305300007150,IntroductiontoMordenand116167园林,7,必修,,,,,,待查教学大纲（专业课）
园艺林学学院,设施农业科学与工程,第8学期,305300007154,LandscapeArchitectureProfessional232324园林,4,必修,,,,,,待查教学大纲（专业课）
园艺林学学院,设施农业科学与工程,第8学期,306300007019,人力资源管理348484经管HumanResourcesManagement,4,必修,,,,,,待查教学大纲（专业课）
园艺林学学院,设施农业科学与工程,第8学期,306300007007,工程企业管理与348484经管ManagementofEnterprise管理,4,必修,,,,,,待查教学大纲（专业课）
园艺林学学院,设施农业科学与工程,第8学期,303300007016,工程项目管理232325资环ProjectManagement,5,必修,,,,,,待查教学大纲（专业课）
园艺林学学院,设施农业科学与工程,第8学期,305300007151,LandscapeArchitectureOperations116167园林,7,必修,,,,,,待查教学大纲（专业课）
园艺林学学院,设施农业科学与工程,第8学期,9093009905,军事技能本科231Militaryskills生院,1,必修,军事训练教程,教育部军委国防动员部,2023版,高等教育出版社,,公共课已匹配
园艺林学学院,设施农业科学与工程,第8学期,9093009906,本科Innovationand11-7生院EntrepreneurshipPractice,7,必修,,,,,,待查教学大纲（专业课）
园艺林学学院,设施农业科学与工程,第8学期,202300008001,本科ThePracticeofMentalHealth1301生院PromotionforUndergraduates,1,必修,,,,,,待查教学大纲（专业课）
园艺林学学院,设施农业科学与工程,第8学期,3143009105,形势与政策（二）实践1303-8马院SituationandPolicyEducation(2),2,必修,形势与政策（最新版）,教育部组编,每年更新,高等教育出版社,,公共课已匹配
园艺林学学院,设施农业科学与工程,第8学期,9093009903,社会实践114团委SocialPractice,4,必修,,,,,,待查教学大纲（专业课）
园艺林学学院,设施农业科学与工程,第8学期,110300008001,志愿服务1301-7团委VolunteerService,7,必修,,,,,,待查教学大纲（专业课）
园艺林学学院,设施农业科学与工程,第8学期,110300008002,美育实践11-7团委AestheticPractice,7,必修,,,,,,待查教学大纲（专业课）
园艺林学学院,设施农业科学与工程,第8学期,305300008065,LandscapeArchitecturePlant212园林,2,必修,,,,,,待查教学大纲（专业课）
园艺林学学院,设施农业科学与工程,第8学期,305300008066,LandscapeArchitectureSpace213园林,3,必修,,,,,,待查教学大纲（专业课）
园艺林学学院,设施农业科学与工程,第8学期,305300008067,风景园林综合实习第4学期224园林LAFieldWork五一前两周,4,必修,,,,,,待查教学大纲（专业课）
园艺林学学院,设施农业科学与工程,第8学期,305300008068,风景园林专题调研第5学期225园林LAFieldResearch十一后两周,5,必修,,,,,,待查教学大纲（专业课）
园艺林学学院,设施农业科学与工程,第8学期,305300008069,毕业实习248园林GraduationPractice专业,8,必修,,,,,,待查教学大纲（专业课）
园艺林学学院,设施农业科学与工程,第8学期,3053009928,实践毕业设计6128园林GraduationProject,8,必修,,,,,,待查教学大纲（专业课）
园艺林学学院,风景园林,第1学期,314300001006,思想道德与法治,3,必修,思想道德与法治（2023年版）,本书编写组,2023年版,高等教育出版社,,公共课已匹配
园艺林学学院,风景园林,第1学期,310300001019,微积分C,5,必修,高等数学（第七版·上/下册）,同济大学数学系,第7版,高等教育出版社,9787308798,公共课已匹配
园艺林学学院,风景园林,第1学期,317300001008,人工智能应用基础,2,必修,人工智能基础（通识）,大学计算机课程教指委,最新版,高等教育出版社,9787428708,公共课已匹配
园艺林学学院,风景园林,第1学期,317300001009,人工智能应用基础实验,1,必修,人工智能基础（通识）,大学计算机课程教指委,最新版,高等教育出版社,9787428708,公共课已匹配
园艺林学学院,风景园林,第1学期,305300007084,风景园林基础,3,必修,,,,,,待查教学大纲（专业课）
园艺林学学院,风景园林,第1学期,3143009104,形势与政策（一）,1,必修,形势与政策（最新版）,教育部组编,每年更新,高等教育出版社,,公共课已匹配
园艺林学学院,风景园林,第1学期,9093009905,军事技能23周,3,必修,军事训练教程,教育部军委国防动员部,2023版,高等教育出版社,,公共课已匹配
园艺林学学院,风景园林,第1学期,202300008001,大学生心理素质拓展,1,必修,大学生心理健康教育,郑日昌,最新版,高等教育出版社,,公共课已匹配
园艺林学学院,风景园林,第1学期,202300006005,大学生心理发展与指导,1,必修,大学生心理健康教育,郑日昌,最新版,高等教育出版社,,公共课已匹配
园艺林学学院,风景园林,第1学期,3113009824,写作与沟通,1,必修,写作与沟通,马工程/本校编,最新版,高等教育出版社,,公共课已匹配
园艺林学学院,风景园林,1,,外语类课程,,必修类别,新视野大学英语（第三版·读写教程）,郑树棠,第3版,外语教学与研究出版社,,公共课已匹配
园艺林学学院,风景园林,1,,体育类课程,,必修类别,大学体育（教材）,本校编,最新版,校本教材,,公共课已匹配
园艺林学学院,风景园林,2,,外语类课程,,必修类别,新视野大学英语（第三版·读写教程）,郑树棠,第3版,外语教学与研究出版社,,公共课已匹配
园艺林学学院,风景园林,2,,体育类课程,,必修类别,大学体育（教材）,本校编,最新版,校本教材,,公共课已匹配
园艺林学学院,风景园林,第2学期,3143009003,中国近现代史纲要,3,必修,中国近现代史纲要（2023年版）,本书编写组,2023年版,高等教育出版社,,公共课已匹配
园艺林学学院,风景园林,第2学期,305300007136,设计初步,4,必修,,,,,,待查教学大纲（专业课）
园艺林学学院,风景园林,第2学期,305300007137,生态学基础,3,必修,,,,,,待查教学大纲（专业课）
园艺林学学院,风景园林,第2学期,3053009024,中国画,2,必修,,,,,,待查教学大纲（专业课）
园艺林学学院,风景园林,第2学期,305300008065,风景园林植物认知21周,1,必修,,,,,,待查教学大纲（专业课）
园艺林学学院,风景园林,第2学期,307300007045,工程基础,1,必修,,,,,,待查教学大纲（专业课）
园艺林学学院,风景园林,第2学期,9093009904,军事理论,2,必修,军事理论课教程,教育部军委国防动员部,2023版,高等教育出版社,,公共课已匹配
园艺林学学院,风景园林,第2学期,9093009774,大学生创新创业基础,1,必修,大学生创新创业基础,本校编,最新版,高等教育出版社,,公共课已匹配
园艺林学学院,风景园林,第3学期,314300001007,马克思主义基本原理,3,必修,马克思主义基本原理（2023年版）,本书编写组,2023年版,高等教育出版社,,公共课已匹配
园艺林学学院,风景园林,第3学期,3053009275,风景园林艺术原理,3,必修,,,,,,待查教学大纲（专业课）
园艺林学学院,风景园林,第3学期,305300009034,建筑设计,4,必修,,,,,,待查教学大纲（专业课）
园艺林学学院,风景园林,第3学期,305300008066,风景园林空间认知21周（集中）,1,必修,,,,,,待查教学大纲（专业课）
园艺林学学院,风景园林,第3学期,305300007138,国土空间规划原理,3,必修,,,,,,待查教学大纲（专业课）
园艺林学学院,风景园林,3,,外语类课程,,必修类别,新视野大学英语（第三版·读写教程）,郑树棠,第3版,外语教学与研究出版社,,公共课已匹配
园艺林学学院,风景园林,3,,体育类课程,,必修类别,大学体育（教材）,本校编,最新版,校本教材,,公共课已匹配
园艺林学学院,风景园林,第4学期,314300001008,毛泽东思想和中国特色3社会主义理论体系概论,3,必修,毛泽东思想和中国特色社会主义理论体系概论（2023年版）,本书编写组,2023年版,高等教育出版社,9787301299,公共课已匹配
园艺林学学院,风景园林,第4学期,314300001009,习近平新时代中国特色3社会主义思想概论,3,必修,习近平新时代中国特色社会主义思想概论（2023年版）,本书编写组,2023年版,高等教育出版社,,公共课已匹配
园艺林学学院,风景园林,第4学期,305300007135,风景园林人工智能技术应用,1,必修,,,,,,待查教学大纲（专业课）
园艺林学学院,风景园林,第4学期,305300009035,风景园林规划设计,5,必修,,,,,,待查教学大纲（专业课）
园艺林学学院,风景园林,第4学期,305300007132,中外风景园林史,3,必修,,,,,,待查教学大纲（专业课）
园艺林学学院,风景园林,第4学期,305300008067,风景园林综合实习22周（五一前两周）,2,必修,,,,,,待查教学大纲（专业课）
园艺林学学院,风景园林,第4学期,9093009903,社会实践12周，暑期进行,2,必修,,,,,,待查教学大纲（专业课）
园艺林学学院,风景园林,4,,外语类课程,,必修类别,新视野大学英语（第三版·读写教程）,郑树棠,第3版,外语教学与研究出版社,,公共课已匹配
园艺林学学院,风景园林,4,,体育类课程,,必修类别,大学体育（教材）,本校编,最新版,校本教材,,公共课已匹配
园艺林学学院,风景园林,第5学期,305300009037,城乡绿地规划,4,必修,,,,,,待查教学大纲（专业课）
园艺林学学院,风景园林,第5学期,305300009036,植景规划设计,3,必修,,,,,,待查教学大纲（专业课）
园艺林学学院,风景园林,第5学期,305300008068,风景园林专题调研22周（十一后两周),2,必修,,,,,,待查教学大纲（专业课）
园艺林学学院,风景园林,第6学期,305300007139,风景园林工程,3,必修,,,,,,待查教学大纲（专业课）
园艺林学学院,风景园林,第6学期,305300009038,微花园营造,2,必修,,,,,,待查教学大纲（专业课）
园艺林学学院,风景园林,第7学期,3143009105,形势与政策（二）,1,必修,形势与政策（最新版）,教育部组编,每年更新,高等教育出版社,,公共课已匹配
园艺林学学院,风景园林,第8学期,305300008069,毕业实习24周,4,必修,,,,,,待查教学大纲（专业课）
园艺林学学院,风景园林,第8学期,3053009928,毕业设计612周,12,必修,,,,,,待查教学大纲（专业课）
经济管理学院,农林经济管理,第1学期,314300001006,思想道德与法治,3,必修,思想道德与法治（2023年版）,本书编写组,2023年版,高等教育出版社,,公共课已匹配
经济管理学院,农林经济管理,第1学期,307300007045,工程基础,1,必修,,,,,,待查教学大纲（专业课）
经济管理学院,农林经济管理,第1学期,9093009904,军事理论,2,必修,军事理论课教程,教育部军委国防动员部,2023版,高等教育出版社,,公共课已匹配
经济管理学院,农林经济管理,第1学期,9093009774,大学生创新创业基础,1,必修,大学生创新创业基础,本校编,最新版,高等教育出版社,,公共课已匹配
经济管理学院,农林经济管理,第1学期,317300001017,微积分B（1）,4,必修,高等数学（第七版·上/下册）,同济大学数学系,第7版,高等教育出版社,9787308798,公共课已匹配
经济管理学院,农林经济管理,第1学期,317300001008,人工智能应用基础,2,必修,人工智能基础（通识）,大学计算机课程教指委,最新版,高等教育出版社,9787428708,公共课已匹配
经济管理学院,农林经济管理,第1学期,317300001009,人工智能应用基础实验,1,必修,人工智能基础（通识）,大学计算机课程教指委,最新版,高等教育出版社,9787428708,公共课已匹配
经济管理学院,农林经济管理,第1学期,202300008001,大学生心理素质拓展,1,必修,大学生心理健康教育,郑日昌,最新版,高等教育出版社,,公共课已匹配
经济管理学院,农林经济管理,第1学期,9093009905,军事技能,2,必修,军事训练教程,教育部军委国防动员部,2023版,高等教育出版社,,公共课已匹配
经济管理学院,农林经济管理,第1学期,306300007136,微观经济学,4,必修,,,,,,待查教学大纲（专业课）
经济管理学院,农林经济管理,1,,外语类课程,,必修类别,新视野大学英语（第三版·读写教程）,郑树棠,第3版,外语教学与研究出版社,,公共课已匹配
经济管理学院,农林经济管理,1,,体育类课程,,必修类别,大学体育（教材）,本校编,最新版,校本教材,,公共课已匹配
经济管理学院,农林经济管理,第2学期,3143009003,中国近现代史纲要,3,必修,中国近现代史纲要（2023年版）,本书编写组,2023年版,高等教育出版社,,公共课已匹配
经济管理学院,农林经济管理,第2学期,202300006005,大学生心理发展与指导,1,必修,大学生心理健康教育,郑日昌,最新版,高等教育出版社,,公共课已匹配
经济管理学院,农林经济管理,第2学期,317300001018,微积分B（2）,4,必修,高等数学（第七版·上/下册）,同济大学数学系,第7版,高等教育出版社,9787308798,公共课已匹配
经济管理学院,农林经济管理,第2学期,317400001004,线性代数与线性规划,4,必修,线性代数（第六版）,同济大学数学系,第6版,高等教育出版社,9787040396632,公共课已匹配
经济管理学院,农林经济管理,第2学期,306300007133,经济思想史,2,必修,,,,,,待查教学大纲（专业课）
经济管理学院,农林经济管理,第2学期,3113009824,写作与沟通,1,必修,写作与沟通,马工程/本校编,最新版,高等教育出版社,,公共课已匹配
经济管理学院,农林经济管理,第2学期,306300007139,宏观经济学,4,必修,,,,,,待查教学大纲（专业课）
经济管理学院,农林经济管理,第2学期,3143009104,形势与政策（一）,1,必修,形势与政策（最新版）,教育部组编,每年更新,高等教育出版社,,公共课已匹配
经济管理学院,农林经济管理,2,,外语类课程,,必修类别,新视野大学英语（第三版·读写教程）,郑树棠,第3版,外语教学与研究出版社,,公共课已匹配
经济管理学院,农林经济管理,2,,体育类课程,,必修类别,大学体育（教材）,本校编,最新版,校本教材,,公共课已匹配
经济管理学院,农林经济管理,第3学期,314300001007,马克思主义基本原理,3,必修,马克思主义基本原理（2023年版）,本书编写组,2023年版,高等教育出版社,,公共课已匹配
经济管理学院,农林经济管理,第3学期,317300001015,概率论,2,必修,概率论与数理统计（第五版）,盛骤 谢式千,第5版,高等教育出版社,9787040384876,公共课已匹配
经济管理学院,农林经济管理,第3学期,306300007132,统计学,4,必修,,,,,,待查教学大纲（专业课）
经济管理学院,农林经济管理,第3学期,306300007137,管理学,3,必修,,,,,,待查教学大纲（专业课）
经济管理学院,农林经济管理,第3学期,3013009703,农学概论,2,必修,,,,,,待查教学大纲（专业课）
经济管理学院,农林经济管理,3,,外语类课程,,必修类别,新视野大学英语（第三版·读写教程）,郑树棠,第3版,外语教学与研究出版社,,公共课已匹配
经济管理学院,农林经济管理,3,,体育类课程,,必修类别,大学体育（教材）,本校编,最新版,校本教材,,公共课已匹配
经济管理学院,农林经济管理,第4学期,314300001008,3社会主义理论体系概论,3,必修,,,,,,待查教学大纲（专业课）
经济管理学院,农林经济管理,第4学期,314300001009,3社会主义思想概论,3,必修,,,,,,待查教学大纲（专业课）
经济管理学院,农林经济管理,第4学期,306300007134,会计学,3,必修,,,,,,待查教学大纲（专业课）
经济管理学院,农林经济管理,第4学期,306300007004,计量经济学,3,必修,,,,,,待查教学大纲（专业课）
经济管理学院,农林经济管理,第4学期,306300007125,农业经济学,3,必修,,,,,,待查教学大纲（专业课）
经济管理学院,农林经济管理,第4学期,3063009167,农业经济学案例分析,1,必修,,,,,,待查教学大纲（专业课）
经济管理学院,农林经济管理,第4学期,306300007022,农业企业经营管理学,2,必修,,,,,,待查教学大纲（专业课）
经济管理学院,农林经济管理,第4学期,306300008018,农业企业经营管理学虚拟仿真项目,1,必修,,,,,,待查教学大纲（专业课）
经济管理学院,农林经济管理,第4学期,9093009903,社会实践,1,必修,,,,,,待查教学大纲（专业课）
经济管理学院,农林经济管理,第4学期,306300007216,1前沿文献阅读,1,必修,,,,,,待查教学大纲（专业课）
经济管理学院,农林经济管理,4,,外语类课程,,必修类别,新视野大学英语（第三版·读写教程）,郑树棠,第3版,外语教学与研究出版社,,公共课已匹配
经济管理学院,农林经济管理,4,,体育类课程,,必修类别,大学体育（教材）,本校编,最新版,校本教材,,公共课已匹配
经济管理学院,农林经济管理,第5学期,3063009512,商业数据挖掘,2,必修,,,,,,待查教学大纲（专业课）
经济管理学院,农林经济管理,第5学期,306300007135,政治经济学,3,必修,,,,,,待查教学大纲（专业课）
经济管理学院,农林经济管理,第5学期,306300007138,经济学研究方法,5,必修,,,,,,待查教学大纲（专业课）
经济管理学院,农林经济管理,第5学期,306300007024,农产品营销学,3,必修,,,,,,待查教学大纲（专业课）
经济管理学院,农林经济管理,第5学期,306300007141,农业资源与环境经济学,3,必修,,,,,,待查教学大纲（专业课）
经济管理学院,农林经济管理,第6学期,306300007147,管理思想史,2,必修,,,,,,待查教学大纲（专业课）
经济管理学院,农林经济管理,第6学期,3063009494,发展经济学,3,必修,,,,,,待查教学大纲（专业课）
经济管理学院,农林经济管理,第6学期,306300008018,农林经济管理专业教学实习,2,必修,,,,,,待查教学大纲（专业课）
经济管理学院,农林经济管理,第7学期,3063009902,毕业实习,2,必修,,,,,,待查教学大纲（专业课）
经济管理学院,农林经济管理,第8学期,3063009919,毕业论文（设计）,6,必修,,,,,,待查教学大纲（专业课）
经济管理学院,农林经济管理,第8学期,3143009105,形势与政策（二）,1,必修,形势与政策（最新版）,教育部组编,每年更新,高等教育出版社,,公共课已匹配
经济管理学院,农林经济管理,第8学期,3143009003,3484262马院OutlineofModernChineseHistory,2,必修,,,,,,待查教学大纲（专业课）
经济管理学院,农林经济管理,第8学期,314300001006,3484261马院IdeologyMoralityandRuleofLaw,1,必修,,,,,,待查教学大纲（专业课）
经济管理学院,农林经济管理,第8学期,314300001008,BasicTheoryofMaoZedongThought3484084马院,4,必修,,,,,,待查教学大纲（专业课）
经济管理学院,农林经济管理,第8学期,314300001009,BasicTheoryofXiJinpingThought3484084马院,4,必修,,,,,,待查教学大纲（专业课）
经济管理学院,农林经济管理,第8学期,314300001007,3484263马院BasicKnowledgeofMarxism,3,必修,,,,,,待查教学大纲（专业课）
经济管理学院,农林经济管理,第8学期,3143009104,116161-2马院SituationandPolicyEducation（Ⅰ）,2,必修,,,,,,待查教学大纲（专业课）
经济管理学院,农林经济管理,8,,体育类课程必修，实行选项制，一、二年级要求每学期修满1,,必修类别,大学体育（教材）,本校编,最新版,校本教材,,公共课已匹配
经济管理学院,农林经济管理,8,,体育类课程教学详见《华中农业大学体育教学改革实施方案》。,,必修类别,大学体育（教材）,本校编,最新版,校本教材,,公共课已匹配
经济管理学院,农林经济管理,第8学期,307300007045,116161工学FoundationforEngineering,1,必修,,,,,,待查教学大纲（专业课）
经济管理学院,农林经济管理,第8学期,9093009904,232321MilitaryTheory生院,1,必修,,,,,,待查教学大纲（专业课）
经济管理学院,农林经济管理,第8学期,9093009774,InnovationandEntrepreneurship116161生院,1,必修,,,,,,待查教学大纲（专业课）
经济管理学院,农林经济管理,第8学期,3113009824,116161/2文法WritingandCommunication,2,必修,,,,,,待查教学大纲（专业课）
经济管理学院,农林经济管理,第8学期,202300006005,PsychologicalDevelopmentand116162生院,2,必修,,,,,,待查教学大纲（专业课）
经济管理学院,农林经济管理,第8学期,3013009703,232323植科IntroductiontoAgronomy,3,必修,,,,,,待查教学大纲（专业课）
经济管理学院,农林经济管理,第8学期,317300001017,微积分B（1）464641信息CalculusB（1）,1,必修,高等数学（第七版·上/下册）,同济大学数学系,第7版,高等教育出版社,9787308798,公共课已匹配
经济管理学院,农林经济管理,第8学期,317300001018,微积分B（2）464642信息CalculusB（2）,2,必修,高等数学（第七版·上/下册）,同济大学数学系,第7版,高等教育出版社,9787308798,公共课已匹配
经济管理学院,农林经济管理,第8学期,317400001004,464642信息LinearAlgebraandProgramming,2,必修,,,,,,待查教学大纲（专业课）
经济管理学院,农林经济管理,第8学期,317300001015,232323信息Probability,3,必修,,,,,,待查教学大纲（专业课）
经济管理学院,农林经济管理,第8学期,306300007132,464643经管StatisticsTheory,3,必修,,,,,,待查教学大纲（专业课）
经济管理学院,农林经济管理,第8学期,317300001008,FundamentalsofArtificial232321信息,1,必修,,,,,,待查教学大纲（专业课）
经济管理学院,农林经济管理,第8学期,317300001009,ExperimentsontheFundamentalsof130301信息,1,必修,,,,,,待查教学大纲（专业课）
经济管理学院,农林经济管理,第8学期,3063009512,232326经管BusinessDataMining,6,必修,,,,,,待查教学大纲（专业课）
经济管理学院,农林经济管理,第8学期,306300007147,232326经管HistoryofManagementThought,6,必修,,,,,,待查教学大纲（专业课）
经济管理学院,农林经济管理,第8学期,306300007133,232322经管HistoryofEconomicThought,2,必修,,,,,,待查教学大纲（专业课）
经济管理学院,农林经济管理,第8学期,306300007134,348484经管Accounting,4,必修,,,,,,待查教学大纲（专业课）
经济管理学院,农林经济管理,第8学期,306300007136,464641经管Microeconomics,1,必修,,,,,,待查教学大纲（专业课）
经济管理学院,农林经济管理,第8学期,306300007137,348483经管PrinciplesofManagement,3,必修,,,,,,待查教学大纲（专业课）
经济管理学院,农林经济管理,第8学期,306300007004,348484经管Econometrics,4,必修,,,,,,待查教学大纲（专业课）
经济管理学院,农林经济管理,第8学期,306300007138,58060205经管ResearchMethodsinEconomics,5,必修,,,,,,待查教学大纲（专业课）
经济管理学院,农林经济管理,第8学期,306300007139,464642经管Macroeconomics,2,必修,,,,,,待查教学大纲（专业课）
经济管理学院,农林经济管理,第8学期,306300007047,34848经管PublicFinance投资学理论,4,必修,,,,,,待查教学大纲（专业课）
经济管理学院,农林经济管理,第8学期,306300007149,5经管InvestmentsTheory投资学实训,32,必修,,,,,,待查教学大纲（专业课）
经济管理学院,农林经济管理,第8学期,306300008023,5经管InvestmentsPractice期货市场理论,30,必修,,,,,,待查教学大纲（专业课）
经济管理学院,农林经济管理,第8学期,306300007150,经管FuturesMarketTheory期货市场实训,5,必修,,,,,,待查教学大纲（专业课）
经济管理学院,农林经济管理,第8学期,306300008026,经管PracticeofFuturesMarket政治经济学,5,必修,,,,,,待查教学大纲（专业课）
经济管理学院,农林经济管理,第8学期,306300007135,348485经管PoliticalEconomics,5,必修,,,,,,待查教学大纲（专业课）
经济管理学院,农林经济管理,第8学期,306300007046,34848经管IndustryEconomics行为及实验经济学,6,必修,,,,,,待查教学大纲（专业课）
经济管理学院,农林经济管理,第8学期,306300007148,BehavioralandExperimental6经管,6,必修,,,,,,待查教学大纲（专业课）
经济管理学院,农林经济管理,第8学期,306300008022,EconomicsTheoryand23232行为及实验经济学实训PracticeBehavioralandExperimental6经管,6,必修,,,,,,待查教学大纲（专业课）
经济管理学院,农林经济管理,第8学期,3063009176,348484经管TheoriesofInternationalTrade,4,必修,,,,,,待查教学大纲（专业课）
经济管理学院,农林经济管理,第8学期,306300007039,348484经管PublicEconomics,4,必修,,,,,,待查教学大纲（专业课）
经济管理学院,农林经济管理,第8学期,3063009106,232324经管StockEconomics,4,必修,,,,,,待查教学大纲（专业课）
经济管理学院,农林经济管理,第8学期,306300007125,348484经管AgriculturalEconomics,4,必修,,,,,,待查教学大纲（专业课）
经济管理学院,农林经济管理,第8学期,3063009540,348485经管Finance,5,必修,,,,,,待查教学大纲（专业课）
经济管理学院,农林经济管理,第8学期,306300007052,348486经管SelectedReadingonCapital,6,必修,,,,,,待查教学大纲（专业课）
经济管理学院,农林经济管理,第8学期,306300007053,348484经管ContemporaryChina’sEconomy,4,必修,,,,,,待查教学大纲（专业课）
经济管理学院,农林经济管理,第8学期,306300007054,348485经管EconomicHistory,5,必修,,,,,,待查教学大纲（专业课）
经济管理学院,农林经济管理,第8学期,306300007034,5经管PracticeofInternationalTrade国际贸易实务实训,32,必修,,,,,,待查教学大纲（专业课）
经济管理学院,农林经济管理,第8学期,306300008025,5经管PracticeofInternationalTrade保险学原理,60,必修,,,,,,待查教学大纲（专业课）
经济管理学院,农林经济管理,第8学期,3063009172,232325经管PrinciplesofInsurance,5,必修,,,,,,待查教学大纲（专业课）
经济管理学院,农林经济管理,第8学期,3063009494,348485经管EconomicsofDevelopment,5,必修,,,,,,待查教学大纲（专业课）
经济管理学院,农林经济管理,第8学期,3063009174,348485经管TradeEconomics,5,必修,,,,,,待查教学大纲（专业课）
经济管理学院,农林经济管理,第8学期,306300007101,348485经管InternationalFinance,5,必修,,,,,,待查教学大纲（专业课）
经济管理学院,农林经济管理,第8学期,3063009186,232326经管InternationalSettlement,6,必修,,,,,,待查教学大纲（专业课）
经济管理学院,农林经济管理,第8学期,3063009189,232326经管NewInstitutionalEconomics,6,必修,,,,,,待查教学大纲（专业课）
经济管理学院,农林经济管理,第8学期,3063009477,232326经管RegionalEconomics,6,必修,,,,,,待查教学大纲（专业课）
经济管理学院,农林经济管理,第8学期,306300007063,232324经管AcademicSkills,4,必修,,,,,,待查教学大纲（专业课）
经济管理学院,农林经济管理,第8学期,317300007094,2.54832164信息MathematicalModelingandExperiment,4,必修,,,,,,待查教学大纲（专业课）
经济管理学院,农林经济管理,第8学期,3173009067,232325信息IntroductiontoArtificialIntelligence,5,必修,,,,,,待查教学大纲（专业课）
经济管理学院,农林经济管理,第8学期,3063009495,348485经管AgriculturalStatistics,5,必修,,,,,,待查教学大纲（专业课）
经济管理学院,农林经济管理,第8学期,306300007027,232325经管ComputationalEconomics,5,必修,,,,,,待查教学大纲（专业课）
经济管理学院,农林经济管理,第8学期,3063009474,STATA应用220206经管STATAApplication,6,必修,,,,,,待查教学大纲（专业课）
经济管理学院,农林经济管理,第8学期,3063009475,STATA应用实验130306经管STATAApplication,6,必修,,,,,,待查教学大纲（专业课）
经济管理学院,农林经济管理,第8学期,306300007056,StatisticalMethodsand232326经管,6,必修,,,,,,待查教学大纲（专业课）
经济管理学院,农林经济管理,第8学期,306300007106,市场调查与预测Its232325经管MarketResearchandForecasting,5,必修,,,,,,待查教学大纲（专业课）
经济管理学院,农林经济管理,第8学期,306300007019,348484经管HumanResourceManagement,4,必修,,,,,,待查教学大纲（专业课）
经济管理学院,农林经济管理,第8学期,306300007142,232325经管LogisticsandSupplyChainManagement,5,必修,,,,,,待查教学大纲（专业课）
经济管理学院,农林经济管理,第8学期,3063009116,财务管理B348486经管FinanceManagement,6,必修,,,,,,待查教学大纲（专业课）
经济管理学院,农林经济管理,第8学期,306300007012,348486经管StrategicManagement,6,必修,,,,,,待查教学大纲（专业课）
经济管理学院,农林经济管理,第8学期,3063009209,232327经管QualityManagement,7,必修,,,,,,待查教学大纲（专业课）
经济管理学院,农林经济管理,第8学期,3063009370,348487经管OrganizationalBehavior,7,必修,,,,,,待查教学大纲（专业课）
经济管理学院,农林经济管理,第8学期,306300007005,348487经管Marketing,7,必修,,,,,,待查教学大纲（专业课）
经济管理学院,农林经济管理,第8学期,3063009527,464644经管IntermediateMicroeconomics,4,必修,,,,,,待查教学大纲（专业课）
经济管理学院,农林经济管理,第8学期,306300007008,348485经管IntermediateMacroeconomics,5,必修,,,,,,待查教学大纲（专业课）
经济管理学院,农林经济管理,第8学期,3063009542,232325经管GameTheory,5,必修,,,,,,待查教学大纲（专业课）
经济管理学院,农林经济管理,第8学期,310300007005,24424205信息TimeSerialAnalysis,5,必修,,,,,,待查教学大纲（专业课）
经济管理学院,农林经济管理,第8学期,315300007010,2322486公管SpatialInformationSystem,6,必修,,,,,,待查教学大纲（专业课）
经济管理学院,农林经济管理,第8学期,3013009391,ResearchProgressof232327植科,7,必修,,,,,,待查教学大纲（专业课）
经济管理学院,农林经济管理,第8学期,3063009161,232325经管ProjectAppraisal,5,必修,,,,,,待查教学大纲（专业课）
经济管理学院,农林经济管理,第8学期,306300007103,232325经管ScienceandArtofLeadership,5,必修,,,,,,待查教学大纲（专业课）
经济管理学院,农林经济管理,第8学期,306300007041,348486经管ElectronicCommerce,6,必修,,,,,,待查教学大纲（专业课）
经济管理学院,农林经济管理,第8学期,3063009191,EconomicActivityAnalysis232326经管,6,必修,,,,,,待查教学大纲（专业课）
经济管理学院,农林经济管理,第8学期,3063009190,232326经管CommercialNegotiation,6,必修,,,,,,待查教学大纲（专业课）
经济管理学院,农林经济管理,第8学期,3063009368,348486经管OperationManagement,6,必修,,,,,,待查教学大纲（专业课）
经济管理学院,农林经济管理,第8学期,3063009446,232327经管Cross-CultureManagement,7,必修,,,,,,待查教学大纲（专业课）
经济管理学院,农林经济管理,第8学期,306300007007,348487经管EnterpriseManagement,7,必修,,,,,,待查教学大纲（专业课）
经济管理学院,农林经济管理,第8学期,9093009905,231Militaryskills生院,1,必修,,,,,,待查教学大纲（专业课）
经济管理学院,农林经济管理,第8学期,9093009906,Innovationand11-7生院,7,必修,,,,,,待查教学大纲（专业课）
经济管理学院,农林经济管理,第8学期,202300008001,ThePracticeofMentalHealth1301生院,1,必修,,,,,,待查教学大纲（专业课）
经济管理学院,农林经济管理,第8学期,3143009105,实践SituationandPolicy1303-8马院,8,必修,,,,,,待查教学大纲（专业课）
经济管理学院,农林经济管理,第8学期,9093009903,114团委SocialPractice,4,必修,,,,,,待查教学大纲（专业课）
经济管理学院,农林经济管理,第8学期,110300008001,1301-7团委VolunteerService,7,必修,,,,,,待查教学大纲（专业课）
经济管理学院,农林经济管理,第8学期,110300008002,11-7团委AestheticPractice,7,必修,,,,,,待查教学大纲（专业课）
经济管理学院,农林经济管理,第8学期,306300008024,246经管SubjectPracticeofEconomics,6,必修,,,,,,待查教学大纲（专业课）
经济管理学院,农林经济管理,第8学期,306300007098,126经管,6,必修,,,,,,待查教学大纲（专业课）
经济管理学院,农林经济管理,第8学期,3063009902,247-8经管GraduationPractice,8,必修,,,,,,待查教学大纲（专业课）
经济管理学院,农林经济管理,第8学期,3063009919,6127-8经管GraduationThesis,8,必修,,,,,,待查教学大纲（专业课）
经济管理学院,经济学,第1学期,314300001006,思想道德与法治,3,必修,思想道德与法治（2023年版）,本书编写组,2023年版,高等教育出版社,,公共课已匹配
经济管理学院,经济学,第1学期,307300007045,工程基础,1,必修,,,,,,待查教学大纲（专业课）
经济管理学院,经济学,第1学期,9093009904,军事理论,2,必修,军事理论课教程,教育部军委国防动员部,2023版,高等教育出版社,,公共课已匹配
经济管理学院,经济学,第1学期,9093009774,大学生创新创业基础,1,必修,大学生创新创业基础,本校编,最新版,高等教育出版社,,公共课已匹配
经济管理学院,经济学,第1学期,317300001017,微积分B（1）,4,必修,高等数学（第七版·上/下册）,同济大学数学系,第7版,高等教育出版社,9787308798,公共课已匹配
经济管理学院,经济学,第1学期,317300001008,人工智能应用基础,2,必修,人工智能基础（通识）,大学计算机课程教指委,最新版,高等教育出版社,9787428708,公共课已匹配
经济管理学院,经济学,第1学期,317300001009,人工智能应用基础实验,1,必修,人工智能基础（通识）,大学计算机课程教指委,最新版,高等教育出版社,9787428708,公共课已匹配
经济管理学院,经济学,第1学期,202300008001,大学生心理素质拓展,1,必修,大学生心理健康教育,郑日昌,最新版,高等教育出版社,,公共课已匹配
经济管理学院,经济学,第1学期,9093009905,军事技能,2,必修,军事训练教程,教育部军委国防动员部,2023版,高等教育出版社,,公共课已匹配
经济管理学院,经济学,第1学期,306300007136,微观经济学,4,必修,,,,,,待查教学大纲（专业课）
经济管理学院,经济学,1,,外语类课程,,必修类别,新视野大学英语（第三版·读写教程）,郑树棠,第3版,外语教学与研究出版社,,公共课已匹配
经济管理学院,经济学,1,,体育类课程,,必修类别,大学体育（教材）,本校编,最新版,校本教材,,公共课已匹配
经济管理学院,经济学,第2学期,3143009003,中国近现代史纲要,3,必修,中国近现代史纲要（2023年版）,本书编写组,2023年版,高等教育出版社,,公共课已匹配
经济管理学院,经济学,第2学期,202300006005,大学生心理发展与指导,1,必修,大学生心理健康教育,郑日昌,最新版,高等教育出版社,,公共课已匹配
经济管理学院,经济学,第2学期,317300001018,微积分B（2）,4,必修,高等数学（第七版·上/下册）,同济大学数学系,第7版,高等教育出版社,9787308798,公共课已匹配
经济管理学院,经济学,第2学期,317400001004,线性代数与线性规划,4,必修,线性代数（第六版）,同济大学数学系,第6版,高等教育出版社,9787040396632,公共课已匹配
经济管理学院,经济学,第2学期,306300007133,经济思想史,2,必修,,,,,,待查教学大纲（专业课）
经济管理学院,经济学,第2学期,3113009824,写作与沟通,1,必修,写作与沟通,马工程/本校编,最新版,高等教育出版社,,公共课已匹配
经济管理学院,经济学,第2学期,306300007139,宏观经济学,4,必修,,,,,,待查教学大纲（专业课）
经济管理学院,经济学,第2学期,3143009104,形势与政策（一）,1,必修,形势与政策（最新版）,教育部组编,每年更新,高等教育出版社,,公共课已匹配
经济管理学院,经济学,2,,外语类课程,,必修类别,新视野大学英语（第三版·读写教程）,郑树棠,第3版,外语教学与研究出版社,,公共课已匹配
经济管理学院,经济学,2,,体育类课程,,必修类别,大学体育（教材）,本校编,最新版,校本教材,,公共课已匹配
经济管理学院,经济学,第3学期,314300001007,马克思主义基本原理,3,必修,马克思主义基本原理（2023年版）,本书编写组,2023年版,高等教育出版社,,公共课已匹配
经济管理学院,经济学,第3学期,317300001015,概率论,2,必修,概率论与数理统计（第五版）,盛骤 谢式千,第5版,高等教育出版社,9787040384876,公共课已匹配
经济管理学院,经济学,第3学期,306300007132,统计学,4,必修,,,,,,待查教学大纲（专业课）
经济管理学院,经济学,第3学期,306300007137,管理学,3,必修,,,,,,待查教学大纲（专业课）
经济管理学院,经济学,第3学期,3013009703,农学概论,2,必修,,,,,,待查教学大纲（专业课）
经济管理学院,经济学,3,,外语类课程,,必修类别,新视野大学英语（第三版·读写教程）,郑树棠,第3版,外语教学与研究出版社,,公共课已匹配
经济管理学院,经济学,3,,体育类课程,,必修类别,大学体育（教材）,本校编,最新版,校本教材,,公共课已匹配
经济管理学院,经济学,第4学期,314300001008,3社会主义理论体系概论,3,必修,,,,,,待查教学大纲（专业课）
经济管理学院,经济学,第4学期,314300001009,3社会主义思想概论,3,必修,,,,,,待查教学大纲（专业课）
经济管理学院,经济学,第4学期,306300007004,计量经济学,4,必修,,,,,,待查教学大纲（专业课）
经济管理学院,经济学,第4学期,9093009903,社会实践,1,必修,,,,,,待查教学大纲（专业课）
经济管理学院,经济学,第4学期,306300007002,会计学,3,必修,,,,,,待查教学大纲（专业课）
经济管理学院,经济学,第4学期,306300007047,财政学,3,必修,,,,,,待查教学大纲（专业课）
经济管理学院,经济学,4,,外语类课程,,必修类别,新视野大学英语（第三版·读写教程）,郑树棠,第3版,外语教学与研究出版社,,公共课已匹配
经济管理学院,经济学,4,,体育类课程,,必修类别,大学体育（教材）,本校编,最新版,校本教材,,公共课已匹配
经济管理学院,经济学,第5学期,306300007135,政治经济学,3,必修,,,,,,待查教学大纲（专业课）
经济管理学院,经济学,第5学期,306300007138,经济学研究方法,5,必修,,,,,,待查教学大纲（专业课）
经济管理学院,经济学,第5学期,306300007149,投资学理论,2,必修,,,,,,待查教学大纲（专业课）
经济管理学院,经济学,第5学期,306300008023,投资学实训,1,必修,,,,,,待查教学大纲（专业课）
经济管理学院,经济学,第5学期,306300007150,期货市场理论,2,必修,,,,,,待查教学大纲（专业课）
经济管理学院,经济学,第5学期,306300008026,期货市场实训,1,必修,,,,,,待查教学大纲（专业课）
经济管理学院,经济学,5,,通识课程,,选修类别,,,,,,待查教学大纲（专业课）
经济管理学院,经济学,第6学期,306300007098,专业文献阅读,1,必修,,,,,,待查教学大纲（专业课）
经济管理学院,经济学,第6学期,306300008024,经济学专业教学实习,2,必修,,,,,,待查教学大纲（专业课）
经济管理学院,经济学,第6学期,306300007046,产业经济学,3,必修,,,,,,待查教学大纲（专业课）
经济管理学院,经济学,第6学期,3063009512,商业数据挖掘,2,必修,,,,,,待查教学大纲（专业课）
经济管理学院,经济学,第6学期,306300007148,行为及实验经济学,2,必修,,,,,,待查教学大纲（专业课）
经济管理学院,经济学,第6学期,306300008022,行为及实验经济学实训,1,必修,,,,,,待查教学大纲（专业课）
经济管理学院,经济学,第6学期,306300007147,管理思想史,2,必修,,,,,,待查教学大纲（专业课）
经济管理学院,经济学,第7学期,3063009902,毕业实习,2,必修,,,,,,待查教学大纲（专业课）
经济管理学院,经济学,第8学期,3063009919,毕业论文（设计）,6,必修,,,,,,待查教学大纲（专业课）
经济管理学院,经济学,第8学期,3143009105,形势与政策（二）,1,必修,形势与政策（最新版）,教育部组编,每年更新,高等教育出版社,,公共课已匹配
经济管理学院,经济学,第8学期,3143009003,3484262马院OutlineofModernChineseHistory,2,必修,,,,,,待查教学大纲（专业课）
经济管理学院,经济学,第8学期,314300001006,3484261马院IdeologyMoralityandRuleofLaw,1,必修,,,,,,待查教学大纲（专业课）
经济管理学院,经济学,第8学期,314300001008,BasicTheoryofMaoZedong3484084马院,4,必修,,,,,,待查教学大纲（专业课）
经济管理学院,经济学,第8学期,314300001009,BasicTheoryofXiJinpingThought3484084马院,4,必修,,,,,,待查教学大纲（专业课）
经济管理学院,经济学,第8学期,314300001007,3484263马院BasicKnowledgeofMarxism,3,必修,,,,,,待查教学大纲（专业课）
经济管理学院,经济学,第8学期,3143009104,116161-2马院SituationandPolicyEducation（Ⅰ）,2,必修,,,,,,待查教学大纲（专业课）
经济管理学院,经济学,8,,体育类课程必修，实行选项制，一、二年级要求每学期修满1,,必修类别,大学体育（教材）,本校编,最新版,校本教材,,公共课已匹配
经济管理学院,经济学,8,,体育类课程教学详见《华中农业大学体育教学改革实施方案》。,,必修类别,大学体育（教材）,本校编,最新版,校本教材,,公共课已匹配
经济管理学院,经济学,第8学期,307300007045,116161工学FoundationforEngineering,1,必修,,,,,,待查教学大纲（专业课）
经济管理学院,经济学,第8学期,9093009904,232321MilitaryTheory生院,1,必修,,,,,,待查教学大纲（专业课）
经济管理学院,经济学,第8学期,9093009774,InnovationandEntrepreneurship116161生院,1,必修,,,,,,待查教学大纲（专业课）
经济管理学院,经济学,第8学期,3113009824,116161/2文法WritingandCommunication,2,必修,,,,,,待查教学大纲（专业课）
经济管理学院,经济学,第8学期,202300006005,PsychologicalDevelopmentand116162生院,2,必修,,,,,,待查教学大纲（专业课）
经济管理学院,经济学,第8学期,3013009703,232323植科IntroductiontoAgronomy,3,必修,,,,,,待查教学大纲（专业课）
经济管理学院,经济学,第8学期,317300001017,微积分B（1）464641信息CalculusB（1）,1,必修,高等数学（第七版·上/下册）,同济大学数学系,第7版,高等教育出版社,,公共课已匹配
经济管理学院,经济学,第8学期,317300001018,微积分B（2）464642信息CalculusB（2）,2,必修,高等数学（第七版·上/下册）,同济大学数学系,第7版,高等教育出版社,,公共课已匹配
经济管理学院,经济学,第8学期,317400001004,464642信息LinearAlgebraandProgramming,2,必修,,,,,,待查教学大纲（专业课）
经济管理学院,经济学,第8学期,317300001015,232323信息Probability,3,必修,,,,,,待查教学大纲（专业课）
经济管理学院,经济学,第8学期,306300007132,464643经管StatisticsTheory,3,必修,,,,,,待查教学大纲（专业课）
经济管理学院,经济学,第8学期,317300001008,FundamentalsofArtificial232321信息,1,必修,,,,,,待查教学大纲（专业课）
经济管理学院,经济学,第8学期,317300001009,ExperimentsontheFundamentalsof130301信息,1,必修,,,,,,待查教学大纲（专业课）
经济管理学院,经济学,第8学期,3063009512,232326经管BusinessDataMining,6,必修,,,,,,待查教学大纲（专业课）
经济管理学院,经济学,第8学期,306300007147,232326经管HistoryofManagementThought,6,必修,,,,,,待查教学大纲（专业课）
经济管理学院,经济学,第8学期,306300007133,232322经管HistoryofEconomicThought,2,必修,,,,,,待查教学大纲（专业课）
经济管理学院,经济学,第8学期,306300007134,348484经管Accounting,4,必修,,,,,,待查教学大纲（专业课）
经济管理学院,经济学,第8学期,306300007136,464641经管Microeconomics,1,必修,,,,,,待查教学大纲（专业课）
经济管理学院,经济学,第8学期,306300007137,348483经管PrinciplesofManagement,3,必修,,,,,,待查教学大纲（专业课）
经济管理学院,经济学,第8学期,306300007004,348484经管Econometrics,4,必修,,,,,,待查教学大纲（专业课）
经济管理学院,经济学,第8学期,306300007138,58060205经管ResearchMethodsinEconomics,5,必修,,,,,,待查教学大纲（专业课）
经济管理学院,经济学,第8学期,306300007139,464642经管Macroeconomics,2,必修,,,,,,待查教学大纲（专业课）
经济管理学院,经济学,第8学期,306300007107,348484经管TheoriesofInternationalTrade,4,必修,,,,,,待查教学大纲（专业课）
经济管理学院,经济学,第8学期,306300007034,232324经管TheoryofOptionTrade,4,必修,,,,,,待查教学大纲（专业课）
经济管理学院,经济学,第8学期,306300008025,260604经管PracticeofOptionTrade,4,必修,,,,,,待查教学大纲（专业课）
经济管理学院,经济学,第8学期,306300007135,348485经管PoliticalEconomics,5,必修,,,,,,待查教学大纲（专业课）
经济管理学院,经济学,第8学期,3063009540,348485经管Finance,5,必修,,,,,,待查教学大纲（专业课）
经济管理学院,经济学,第8学期,306300007101,348485经管InternationalFinance,5,必修,,,,,,待查教学大纲（专业课）
经济管理学院,经济学,第8学期,306300007150,232325经管FuturesMarketTheory,5,必修,,,,,,待查教学大纲（专业课）
经济管理学院,经济学,第8学期,306300008026,130305经管PracticeofFuturesMarket,5,必修,,,,,,待查教学大纲（专业课）
经济管理学院,经济学,第8学期,306300007039,348484经管PublicEconomics,4,必修,,,,,,待查教学大纲（专业课）
经济管理学院,经济学,第8学期,306300007046,348485经管IndustryEconomics,5,必修,,,,,,待查教学大纲（专业课）
经济管理学院,经济学,第8学期,3063009106,232324经管StockEconomics,4,必修,,,,,,待查教学大纲（专业课）
经济管理学院,经济学,第8学期,306300007125,348484经管AgriculturalEconomics,4,必修,,,,,,待查教学大纲（专业课）
经济管理学院,经济学,第8学期,306300007052,348486经管SelectedReadingonCapital,6,必修,,,,,,待查教学大纲（专业课）
经济管理学院,经济学,第8学期,306300007053,348484经管ContemporaryChina’sEconomy,4,必修,,,,,,待查教学大纲（专业课）
经济管理学院,经济学,第8学期,306300007115,232325经管DigitalEconomy,5,必修,,,,,,待查教学大纲（专业课）
经济管理学院,经济学,第8学期,3063009172,232325经管PrinciplesofInsurance,5,必修,,,,,,待查教学大纲（专业课）
经济管理学院,经济学,第8学期,3063009494,348485经管EconomicsofDevelopment,5,必修,,,,,,待查教学大纲（专业课）
经济管理学院,经济学,第8学期,3063009174,348485经管TradeEconomics,5,必修,,,,,,待查教学大纲（专业课）
经济管理学院,经济学,第8学期,3063009186,232326经管InternationalSettlement,6,必修,,,,,,待查教学大纲（专业课）
经济管理学院,经济学,第8学期,3063009189,232326经管NewInstitutionalEconomics,6,必修,,,,,,待查教学大纲（专业课）
经济管理学院,经济学,第8学期,3063009477,232326经管RegionalEconomics,6,必修,,,,,,待查教学大纲（专业课）
经济管理学院,经济学,第8学期,306300007047,348484经管PublicFinance,4,必修,,,,,,待查教学大纲（专业课）
经济管理学院,经济学,第8学期,3063009179,232325经管InternationalInvestments,5,必修,,,,,,待查教学大纲（专业课）
经济管理学院,经济学,第8学期,306300008023,130305经管InvestmentsPractice,5,必修,,,,,,待查教学大纲（专业课）
经济管理学院,经济学,第8学期,306300007148,BehavioralandExperimental232326经管,6,必修,,,,,,待查教学大纲（专业课）
经济管理学院,经济学,第8学期,306300008022,BehavioralandExperimental260606经管,6,必修,,,,,,待查教学大纲（专业课）
经济管理学院,经济学,第8学期,3173009067,232325信息IntroductiontoArtificialIntelligence,5,必修,,,,,,待查教学大纲（专业课）
经济管理学院,经济学,第8学期,306300007155,MachineLearningandEconomic348484经管,4,必修,,,,,,待查教学大纲（专业课）
经济管理学院,经济学,第8学期,317300007005,47254184信息DataStructureandAlgorithms,4,必修,,,,,,待查教学大纲（专业课）
经济管理学院,经济学,第8学期,317300007094,2.54832164信息MathematicalModelingandExperiment,4,必修,,,,,,待查教学大纲（专业课）
经济管理学院,经济学,第8学期,3063009495,348485经管AgriculturalStatistics,5,必修,,,,,,待查教学大纲（专业课）
经济管理学院,经济学,第8学期,306300007063,232324经管AcademicSkills,4,必修,,,,,,待查教学大纲（专业课）
经济管理学院,经济学,第8学期,306300007027,232325经管ComputationalEconomics,5,必修,,,,,,待查教学大纲（专业课）
经济管理学院,经济学,第8学期,3063009474,STATA应用220206经管STATAApplication,6,必修,,,,,,待查教学大纲（专业课）
经济管理学院,经济学,第8学期,3063009475,STATA应用实验130306经管STATAApplication,6,必修,,,,,,待查教学大纲（专业课）
经济管理学院,经济学,第8学期,306300007056,StatisticalMethodsand232326经管,6,必修,,,,,,待查教学大纲（专业课）
经济管理学院,经济学,第8学期,306300007106,232325经管MarketResearchandForecasting,5,必修,,,,,,待查教学大纲（专业课）
经济管理学院,经济学,第8学期,306300007019,348484经管HumanResourceManagement,4,必修,,,,,,待查教学大纲（专业课）
经济管理学院,经济学,第8学期,306300007142,232325经管LogisticsandSupplyChainManagement,5,必修,,,,,,待查教学大纲（专业课）
经济管理学院,经济学,第8学期,3063009116,财务管理B348486经管FinanceManagement,6,必修,,,,,,待查教学大纲（专业课）
经济管理学院,经济学,第8学期,306300007012,348486经管StrategicManagement,6,必修,,,,,,待查教学大纲（专业课）
经济管理学院,经济学,第8学期,3063009209,232327经管QualityManagement,7,必修,,,,,,待查教学大纲（专业课）
经济管理学院,经济学,第8学期,3063009370,348487经管OrganizationalBehavior,7,必修,,,,,,待查教学大纲（专业课）
经济管理学院,经济学,第8学期,306300007005,348487经管Marketing,7,必修,,,,,,待查教学大纲（专业课）
经济管理学院,经济学,第8学期,3063009527,464644经管IntermediateMicroeconomics,4,必修,,,,,,待查教学大纲（专业课）
经济管理学院,经济学,第8学期,306300007008,348485经管IntermediateMacroeconomics,5,必修,,,,,,待查教学大纲（专业课）
经济管理学院,经济学,第8学期,3063009542,232325经管GameTheory,5,必修,,,,,,待查教学大纲（专业课）
经济管理学院,经济学,第8学期,310300007005,24424205信息TimeSerialAnalysis,5,必修,,,,,,待查教学大纲（专业课）
经济管理学院,经济学,第8学期,315300007010,2322486公管SpatialInformationSystem,6,必修,,,,,,待查教学大纲（专业课）
经济管理学院,经济学,第8学期,3013009391,ResearchProgressof232327植科,7,必修,,,,,,待查教学大纲（专业课）
经济管理学院,经济学,第8学期,3063009161,232325经管ProjectAppraisal,5,必修,,,,,,待查教学大纲（专业课）
经济管理学院,经济学,第8学期,306300007103,232325经管ScienceandArtofLeadership,5,必修,,,,,,待查教学大纲（专业课）
经济管理学院,经济学,第8学期,306300007041,348486经管ElectronicCommerce,6,必修,,,,,,待查教学大纲（专业课）
经济管理学院,经济学,第8学期,3063009191,EconomicActivityAnalysis232326经管,6,必修,,,,,,待查教学大纲（专业课）
经济管理学院,经济学,第8学期,3063009190,232326经管CommercialNegotiation,6,必修,,,,,,待查教学大纲（专业课）
经济管理学院,经济学,第8学期,3063009368,348486经管OperationManagement,6,必修,,,,,,待查教学大纲（专业课）
经济管理学院,经济学,第8学期,3063009446,232327经管Cross-CultureManagement,7,必修,,,,,,待查教学大纲（专业课）
经济管理学院,经济学,第8学期,306300007007,348487经管EnterpriseManagement,7,必修,,,,,,待查教学大纲（专业课）
经济管理学院,经济学,第8学期,9093009905,231Militaryskills生院,1,必修,,,,,,待查教学大纲（专业课）
经济管理学院,经济学,第8学期,9093009906,Innovationand11-7生院,7,必修,,,,,,待查教学大纲（专业课）
经济管理学院,经济学,第8学期,202300008001,ThePracticeofMentalHealth1301生院,1,必修,,,,,,待查教学大纲（专业课）
经济管理学院,经济学,第8学期,3143009105,303-8马院SituationandPolicyEducation（Ⅱ）,1,必修,,,,,,待查教学大纲（专业课）
经济管理学院,经济学,第8学期,9093009903,114团委SocialPractice,4,必修,,,,,,待查教学大纲（专业课）
经济管理学院,经济学,第8学期,110300008001,1301-7团委VolunteerService,7,必修,,,,,,待查教学大纲（专业课）
经济管理学院,经济学,第8学期,110300008002,11-7团委AestheticPractice,7,必修,,,,,,待查教学大纲（专业课）
经济管理学院,经济学,第8学期,306300007098,126经管Literaturereading,6,必修,,,,,,待查教学大纲（专业课）
经济管理学院,经济学,第8学期,306300008027,SubjectPracticeofInternational246经管,6,必修,,,,,,待查教学大纲（专业课）
经济管理学院,经济学,第8学期,3063009902,247-8经管GraduationPractice,8,必修,,,,,,待查教学大纲（专业课）
经济管理学院,经济学,第8学期,3063009919,6127-8经管GraduationThesis,8,必修,,,,,,待查教学大纲（专业课）
经济管理学院,国际经济与贸易,第1学期,314300001006,思想道德与法治,3,必修,思想道德与法治（2023年版）,本书编写组,2023年版,高等教育出版社,,公共课已匹配
经济管理学院,国际经济与贸易,第1学期,307300007045,工程基础,1,必修,,,,,,待查教学大纲（专业课）
经济管理学院,国际经济与贸易,第1学期,9093009904,军事理论,2,必修,军事理论课教程,教育部军委国防动员部,2023版,高等教育出版社,,公共课已匹配
经济管理学院,国际经济与贸易,第1学期,9093009774,大学生创新创业基础,1,必修,大学生创新创业基础,本校编,最新版,高等教育出版社,,公共课已匹配
经济管理学院,国际经济与贸易,第1学期,317300001017,微积分B（1）,4,必修,高等数学（第七版·上/下册）,同济大学数学系,第7版,高等教育出版社,,公共课已匹配
经济管理学院,国际经济与贸易,第1学期,317300001008,人工智能应用基础,2,必修,人工智能基础（通识）,大学计算机课程教指委,最新版,高等教育出版社,,公共课已匹配
经济管理学院,国际经济与贸易,第1学期,317300001009,人工智能应用基础实验,1,必修,人工智能基础（通识）,大学计算机课程教指委,最新版,高等教育出版社,,公共课已匹配
经济管理学院,国际经济与贸易,第1学期,202300008001,大学生心理素质拓展,1,必修,大学生心理健康教育,郑日昌,最新版,高等教育出版社,,公共课已匹配
经济管理学院,国际经济与贸易,第1学期,9093009905,军事技能,2,必修,军事训练教程,教育部军委国防动员部,2023版,高等教育出版社,,公共课已匹配
经济管理学院,国际经济与贸易,第1学期,306300007136,微观经济学,4,必修,,,,,,待查教学大纲（专业课）
经济管理学院,国际经济与贸易,1,,外语类课程,,必修类别,新视野大学英语（第三版·读写教程）,郑树棠,第3版,外语教学与研究出版社,,公共课已匹配
经济管理学院,国际经济与贸易,1,,体育类课程,,必修类别,大学体育（教材）,本校编,最新版,校本教材,,公共课已匹配
经济管理学院,国际经济与贸易,第2学期,3143009003,中国近现代史纲要,3,必修,中国近现代史纲要（2023年版）,本书编写组,2023年版,高等教育出版社,,公共课已匹配
经济管理学院,国际经济与贸易,第2学期,202300006005,大学生心理发展与指导,1,必修,大学生心理健康教育,郑日昌,最新版,高等教育出版社,,公共课已匹配
经济管理学院,国际经济与贸易,第2学期,317300001018,微积分B（2）,4,必修,高等数学（第七版·上/下册）,同济大学数学系,第7版,高等教育出版社,,公共课已匹配
经济管理学院,国际经济与贸易,第2学期,317400001004,线性代数与线性规划,4,必修,线性代数（第六版）,同济大学数学系,第6版,高等教育出版社,9787040396632,公共课已匹配
经济管理学院,国际经济与贸易,第2学期,306300007133,经济思想史,2,必修,,,,,,待查教学大纲（专业课）
经济管理学院,国际经济与贸易,第2学期,3113009824,写作与沟通,1,必修,写作与沟通,马工程/本校编,最新版,高等教育出版社,,公共课已匹配
经济管理学院,国际经济与贸易,第2学期,306300007139,宏观经济学,4,必修,,,,,,待查教学大纲（专业课）
经济管理学院,国际经济与贸易,第2学期,3143009104,形势与政策（一）,1,必修,形势与政策（最新版）,教育部组编,每年更新,高等教育出版社,,公共课已匹配
经济管理学院,国际经济与贸易,2,,外语类课程,,必修类别,新视野大学英语（第三版·读写教程）,郑树棠,第3版,外语教学与研究出版社,,公共课已匹配
经济管理学院,国际经济与贸易,2,,体育类课程,,必修类别,大学体育（教材）,本校编,最新版,校本教材,,公共课已匹配
经济管理学院,国际经济与贸易,第3学期,314300001007,马克思主义基本原理,3,必修,马克思主义基本原理（2023年版）,本书编写组,2023年版,高等教育出版社,,公共课已匹配
经济管理学院,国际经济与贸易,第3学期,317300001015,概率论,2,必修,概率论与数理统计（第五版）,盛骤 谢式千,第5版,高等教育出版社,9787040384876,公共课已匹配
经济管理学院,国际经济与贸易,第3学期,306300007132,统计学,4,必修,,,,,,待查教学大纲（专业课）
经济管理学院,国际经济与贸易,第3学期,306300007137,管理学,3,必修,,,,,,待查教学大纲（专业课）
经济管理学院,国际经济与贸易,第3学期,3013009703,农学概论,2,必修,,,,,,待查教学大纲（专业课）
经济管理学院,国际经济与贸易,3,,外语类课程,,必修类别,新视野大学英语（第三版·读写教程）,郑树棠,第3版,外语教学与研究出版社,,公共课已匹配
经济管理学院,国际经济与贸易,3,,体育类课程,,必修类别,大学体育（教材）,本校编,最新版,校本教材,,公共课已匹配
经济管理学院,国际经济与贸易,第4学期,314300001008,3社会主义理论体系概论,3,必修,,,,,,待查教学大纲（专业课）
经济管理学院,国际经济与贸易,第4学期,314300001009,3社会主义思想概论,3,必修,,,,,,待查教学大纲（专业课）
经济管理学院,国际经济与贸易,第4学期,306300007004,计量经济学,3,必修,,,,,,待查教学大纲（专业课）
经济管理学院,国际经济与贸易,第4学期,9093009903,社会实践,1,必修,,,,,,待查教学大纲（专业课）
经济管理学院,国际经济与贸易,第4学期,306300007134,会计学,3,必修,,,,,,待查教学大纲（专业课）
经济管理学院,国际经济与贸易,第4学期,306300007107,国际贸易学,3,必修,,,,,,待查教学大纲（专业课）
经济管理学院,国际经济与贸易,第4学期,306300007034,国际贸易实务,2,必修,,,,,,待查教学大纲（专业课）
经济管理学院,国际经济与贸易,第4学期,306300008025,国际贸易实务实训,2,必修,,,,,,待查教学大纲（专业课）
经济管理学院,国际经济与贸易,4,,外语类课程,,必修类别,新视野大学英语（第三版·读写教程）,郑树棠,第3版,外语教学与研究出版社,,公共课已匹配
经济管理学院,国际经济与贸易,4,,体育类课程,,必修类别,大学体育（教材）,本校编,最新版,校本教材,,公共课已匹配
经济管理学院,国际经济与贸易,第5学期,306300007135,政治经济学,3,必修,,,,,,待查教学大纲（专业课）
经济管理学院,国际经济与贸易,第5学期,306300007138,经济学研究方法,5,必修,,,,,,待查教学大纲（专业课）
经济管理学院,国际经济与贸易,第5学期,3063009540,金融学,3,必修,,,,,,待查教学大纲（专业课）
经济管理学院,国际经济与贸易,第5学期,306300007101,国际金融,3,必修,,,,,,待查教学大纲（专业课）
经济管理学院,国际经济与贸易,第5学期,306300007150,期货市场理论,2,必修,,,,,,待查教学大纲（专业课）
经济管理学院,国际经济与贸易,第5学期,306300008026,期货市场实训,1,必修,,,,,,待查教学大纲（专业课）
经济管理学院,国际经济与贸易,第6学期,306300007098,科研训练,1,必修,,,,,,待查教学大纲（专业课）
经济管理学院,国际经济与贸易,第6学期,306300007147,管理思想史,2,必修,,,,,,待查教学大纲（专业课）
经济管理学院,国际经济与贸易,第6学期,3063009512,商业数据挖掘,2,必修,,,,,,待查教学大纲（专业课）
经济管理学院,国际经济与贸易,第6学期,306300008027,国际经济与贸易教学实习,2,必修,,,,,,待查教学大纲（专业课）
经济管理学院,国际经济与贸易,第7学期,3063009902,毕业实习,2,必修,,,,,,待查教学大纲（专业课）
经济管理学院,国际经济与贸易,第8学期,3063009919,毕业论文（设计）,6,必修,,,,,,待查教学大纲（专业课）
经济管理学院,国际经济与贸易,第8学期,3143009105,形势与政策（二）,1,必修,形势与政策（最新版）,教育部组编,每年更新,高等教育出版社,,公共课已匹配
经济管理学院,国际经济与贸易,第8学期,3143009003,3484262马院OutlineofModernChineseHistory,2,必修,,,,,,待查教学大纲（专业课）
经济管理学院,国际经济与贸易,第8学期,314300001006,3484261马院IdeologyMoralityandRuleofLaw,1,必修,,,,,,待查教学大纲（专业课）
经济管理学院,国际经济与贸易,第8学期,314300001008,BasicTheoryofMaoZedong3484084马院,4,必修,,,,,,待查教学大纲（专业课）
经济管理学院,国际经济与贸易,第8学期,314300001009,BasicTheoryofXiJinpingThought3484084马院,4,必修,,,,,,待查教学大纲（专业课）
经济管理学院,国际经济与贸易,第8学期,314300001007,3484263马院BasicKnowledgeofMarxism,3,必修,,,,,,待查教学大纲（专业课）
经济管理学院,国际经济与贸易,第8学期,3143009104,116161-2马院SituationandPolicyEducation（Ⅰ）,2,必修,,,,,,待查教学大纲（专业课）
经济管理学院,国际经济与贸易,8,,体育类课程必修，实行选项制，一、二年级要求每学期修满1,,必修类别,大学体育（教材）,本校编,最新版,校本教材,,公共课已匹配
经济管理学院,国际经济与贸易,8,,体育类课程教学详见《华中农业大学体育教学改革实施方案》。,,必修类别,大学体育（教材）,本校编,最新版,校本教材,,公共课已匹配
经济管理学院,国际经济与贸易,第8学期,307300007045,116161工学FoundationforEngineering,1,必修,,,,,,待查教学大纲（专业课）
经济管理学院,国际经济与贸易,第8学期,9093009904,232321MilitaryTheory生院,1,必修,,,,,,待查教学大纲（专业课）
经济管理学院,国际经济与贸易,第8学期,9093009774,InnovationandEntrepreneurship116161生院,1,必修,,,,,,待查教学大纲（专业课）
经济管理学院,国际经济与贸易,第8学期,3113009824,116161/2文法WritingandCommunication,2,必修,,,,,,待查教学大纲（专业课）
经济管理学院,国际经济与贸易,第8学期,202300006005,PsychologicalDevelopmentand116162生院,2,必修,,,,,,待查教学大纲（专业课）
经济管理学院,国际经济与贸易,第8学期,317300001017,微积分B（1）464641信息CalculusB（1）,1,必修,高等数学（第七版·上/下册）,同济大学数学系,第7版,高等教育出版社,,公共课已匹配
经济管理学院,国际经济与贸易,第8学期,317300001018,微积分B（2）464642信息CalculusB（2）,2,必修,高等数学（第七版·上/下册）,同济大学数学系,第7版,高等教育出版社,,公共课已匹配
经济管理学院,国际经济与贸易,第8学期,317400001004,464642信息LinearAlgebraandProgramming,2,必修,,,,,,待查教学大纲（专业课）
经济管理学院,国际经济与贸易,第8学期,317300001015,232323信息Probability,3,必修,,,,,,待查教学大纲（专业课）
经济管理学院,国际经济与贸易,第8学期,306300007132,464643经管StatisticsTheory,3,必修,,,,,,待查教学大纲（专业课）
经济管理学院,国际经济与贸易,第8学期,317300001008,FundamentalsofArtificial232321信息,1,必修,,,,,,待查教学大纲（专业课）
经济管理学院,国际经济与贸易,第8学期,317300001009,ExperimentsontheFundamentals130301信息,1,必修,,,,,,待查教学大纲（专业课）
经济管理学院,国际经济与贸易,第8学期,306300007005,348483经管Marketing,3,必修,,,,,,待查教学大纲（专业课）
经济管理学院,国际经济与贸易,第8学期,306300007134,348483经管Accounting,3,必修,,,,,,待查教学大纲（专业课）
经济管理学院,国际经济与贸易,第8学期,306300007140,232323经管OrganizationalBehavior,3,必修,,,,,,待查教学大纲（专业课）
经济管理学院,国际经济与贸易,第8学期,306300007147,232323经管HistoryofManagementThought,3,必修,,,,,,待查教学大纲（专业课）
经济管理学院,国际经济与贸易,第8学期,306300007133,232322经管HistoryofEconomicThought,2,必修,,,,,,待查教学大纲（专业课）
经济管理学院,国际经济与贸易,第8学期,306300007136,464641经管Microeconomics,1,必修,,,,,,待查教学大纲（专业课）
经济管理学院,国际经济与贸易,第8学期,306300007137,348482经管Management,2,必修,,,,,,待查教学大纲（专业课）
经济管理学院,国际经济与贸易,第8学期,306300007004,348484经管Econometrics,4,必修,,,,,,待查教学大纲（专业课）
经济管理学院,国际经济与贸易,第8学期,306300007167,管理学研究方法A348485经管ManagementResearchMethodsA,5,必修,,,,,,待查教学大纲（专业课）
经济管理学院,国际经济与贸易,第8学期,306300008041,ExperimentsonManagement1305经管,5,必修,,,,,,待查教学大纲（专业课）
经济管理学院,国际经济与贸易,第8学期,3063009371,348484经管ConsumerBehavior,4,必修,,,,,,待查教学大纲（专业课）
经济管理学院,国际经济与贸易,第8学期,306300007141,348484经管MarketingResearch&Planning,4,必修,,,,,,待查教学大纲（专业课）
经济管理学院,国际经济与贸易,第8学期,306300008020,ExperimentsonMarketing130304经管,4,必修,,,,,,待查教学大纲（专业课）
经济管理学院,国际经济与贸易,第8学期,306300007142,34824245经管IntelligentDigitalMarketing,5,必修,,,,,,待查教学大纲（专业课）
经济管理学院,国际经济与贸易,第8学期,306300007024,34824245经管MarkingofAgriculturalProduct,5,必修,,,,,,待查教学大纲（专业课）
经济管理学院,国际经济与贸易,第8学期,306300007078,StrategicManagement348486经管,6,必修,,,,,,待查教学大纲（专业课）
经济管理学院,国际经济与贸易,第8学期,306300007144,FrontiersinMarketingFrontiers464646经管,6,必修,,,,,,待查教学大纲（专业课）
经济管理学院,国际经济与贸易,第8学期,3063009517,232324经管SalesManagement,4,必修,,,,,,待查教学大纲（专业课）
经济管理学院,国际经济与贸易,第8学期,306300007044,InnovationManagemen&232325经管,5,必修,,,,,,待查教学大纲（专业课）
经济管理学院,国际经济与贸易,第8学期,306300007041,348485经管ElectronicCommerce,5,必修,,,,,,待查教学大纲（专业课）
经济管理学院,国际经济与贸易,第8学期,306300007145,232325经管BrandStrategyandVisualDesign,5,必修,,,,,,待查教学大纲（专业课）
经济管理学院,国际经济与贸易,第8学期,306300007139,464646经管Macroeconomics,6,必修,,,,,,待查教学大纲（专业课）
经济管理学院,国际经济与贸易,第8学期,3063009527,464644经管IntermediateMicroeconomics,4,必修,,,,,,待查教学大纲（专业课）
经济管理学院,国际经济与贸易,第8学期,306300007125,348486经管AgriculturalEconomics,6,必修,,,,,,待查教学大纲（专业课）
经济管理学院,国际经济与贸易,第8学期,3113009210,232325文法EconomicLawOutline,5,必修,,,,,,待查教学大纲（专业课）
经济管理学院,国际经济与贸易,第8学期,3063009368,348486经管Operation,6,必修,,,,,,待查教学大纲（专业课）
经济管理学院,国际经济与贸易,第8学期,3063009220,232327经管InternationalMarketing,7,必修,,,,,,待查教学大纲（专业课）
经济管理学院,国际经济与贸易,第8学期,9093009905,221Militaryskills生院,1,必修,,,,,,待查教学大纲（专业课）
经济管理学院,国际经济与贸易,第8学期,9093009906,Innovationand11-7生院,7,必修,,,,,,待查教学大纲（专业课）
经济管理学院,国际经济与贸易,第8学期,202300008001,ThePracticeofMentalHealth1301/2生院,2,必修,,,,,,待查教学大纲（专业课）
经济管理学院,国际经济与贸易,第8学期,3143009105,实践形势与政策（二）303-8马院SituationandPolicyEducation（Ⅱ）,1,必修,形势与政策（最新版）,教育部组编,每年更新,高等教育出版社,,公共课已匹配
经济管理学院,国际经济与贸易,第8学期,9093009903,124团委SocialPractice,4,必修,,,,,,待查教学大纲（专业课）
经济管理学院,国际经济与贸易,第8学期,110300008001,1301-7团委VolunteerService,7,必修,,,,,,待查教学大纲（专业课）
经济管理学院,国际经济与贸易,第8学期,110300008002,11-7团委AestheticPractice,7,必修,,,,,,待查教学大纲（专业课）
经济管理学院,国际经济与贸易,第8学期,306300007014,2325经管MarketingEngineering,5,必修,,,,,,待查教学大纲（专业课）
经济管理学院,国际经济与贸易,第8学期,306300007088,专业1407经管ManagementDecisionSimulation实践,7,必修,,,,,,待查教学大纲（专业课）
经济管理学院,国际经济与贸易,第8学期,306300008042,ReadingofProfessionalClassicsand1407经管,7,必修,,,,,,待查教学大纲（专业课）
经济管理学院,国际经济与贸易,第8学期,3063009902,247-8经管,8,必修,,,,,,待查教学大纲（专业课）
经济管理学院,国际经济与贸易,第8学期,3063009919,6127-8经管GraduationThesis,8,必修,,,,,,待查教学大纲（专业课）
经济管理学院,市场营销,第1学期,314300001006,思想道德与法治,3,必修,思想道德与法治（2023年版）,本书编写组,2023年版,高等教育出版社,,公共课已匹配
经济管理学院,市场营销,第1学期,307300007045,工程基础,1,必修,,,,,,待查教学大纲（专业课）
经济管理学院,市场营销,第1学期,9093009904,军事理论,2,必修,军事理论课教程,教育部军委国防动员部,2023版,高等教育出版社,,公共课已匹配
经济管理学院,市场营销,第1学期,9093009774,大学生创新创业基础,1,必修,大学生创新创业基础,本校编,最新版,高等教育出版社,,公共课已匹配
经济管理学院,市场营销,第1学期,317300001017,微积分B（1）,4,必修,高等数学（第七版·上/下册）,同济大学数学系,第7版,高等教育出版社,,公共课已匹配
经济管理学院,市场营销,第1学期,317300001008,人工智能应用基础,2,必修,人工智能基础（通识）,大学计算机课程教指委,最新版,高等教育出版社,,公共课已匹配
经济管理学院,市场营销,第1学期,317300001009,人工智能应用基础实验,1,必修,人工智能基础（通识）,大学计算机课程教指委,最新版,高等教育出版社,,公共课已匹配
经济管理学院,市场营销,第1学期,202300008001,大学生心理素质拓展,1,必修,大学生心理健康教育,郑日昌,最新版,高等教育出版社,,公共课已匹配
经济管理学院,市场营销,第1学期,9093009905,军事技能,2,必修,军事训练教程,教育部军委国防动员部,2023版,高等教育出版社,,公共课已匹配
经济管理学院,市场营销,第1学期,306300007136,微观经济学,4,必修,,,,,,待查教学大纲（专业课）
经济管理学院,市场营销,1,,外语类课程,,必修类别,新视野大学英语（第三版·读写教程）,郑树棠,第3版,外语教学与研究出版社,,公共课已匹配
经济管理学院,市场营销,1,,体育类课程,,必修类别,大学体育（教材）,本校编,最新版,校本教材,,公共课已匹配
经济管理学院,市场营销,第2学期,3143009003,中国近现代史纲要,3,必修,中国近现代史纲要（2023年版）,本书编写组,2023年版,高等教育出版社,,公共课已匹配
经济管理学院,市场营销,第2学期,317300001018,微积分B（2）,4,必修,高等数学（第七版·上/下册）,同济大学数学系,第7版,高等教育出版社,,公共课已匹配
经济管理学院,市场营销,第2学期,317400001004,线性代数与线性规划,4,必修,线性代数（第六版）,同济大学数学系,第6版,高等教育出版社,9787040396632,公共课已匹配
经济管理学院,市场营销,第2学期,307300007045,写作与沟通,1,必修,写作与沟通,马工程/本校编,最新版,高等教育出版社,,公共课已匹配
经济管理学院,市场营销,第2学期,9093009774,大学生心理发展与指导,1,必修,大学生心理健康教育,郑日昌,最新版,高等教育出版社,,公共课已匹配
经济管理学院,市场营销,第2学期,306300007137,管理学,3,必修,,,,,,待查教学大纲（专业课）
经济管理学院,市场营销,第2学期,306300007133,经济思想史,2,必修,,,,,,待查教学大纲（专业课）
经济管理学院,市场营销,第2学期,3143009104,形势与政策（一）,1,必修,形势与政策（最新版）,教育部组编,每年更新,高等教育出版社,,公共课已匹配
经济管理学院,市场营销,2,,外语类课程,,必修类别,新视野大学英语（第三版·读写教程）,郑树棠,第3版,外语教学与研究出版社,,公共课已匹配
经济管理学院,市场营销,2,,体育类课程,,必修类别,大学体育（教材）,本校编,最新版,校本教材,,公共课已匹配
经济管理学院,市场营销,第3学期,314300001007,马克思主义基本原理,3,必修,马克思主义基本原理（2023年版）,本书编写组,2023年版,高等教育出版社,,公共课已匹配
经济管理学院,市场营销,第3学期,317300001015,概率论,2,必修,概率论与数理统计（第五版）,盛骤 谢式千,第5版,高等教育出版社,9787040384876,公共课已匹配
经济管理学院,市场营销,第3学期,306300007132,统计学,4,必修,,,,,,待查教学大纲（专业课）
经济管理学院,市场营销,第3学期,306300007005,市场营销学,3,必修,,,,,,待查教学大纲（专业课）
经济管理学院,市场营销,第3学期,306300007134,会计学,3,必修,,,,,,待查教学大纲（专业课）
经济管理学院,市场营销,第3学期,306300007140,组织行为学,2,必修,,,,,,待查教学大纲（专业课）
经济管理学院,市场营销,第3学期,306300007147,管理思想史,2,必修,,,,,,待查教学大纲（专业课）
经济管理学院,市场营销,3,,外语类课程,,必修类别,新视野大学英语（第三版·读写教程）,郑树棠,第3版,外语教学与研究出版社,,公共课已匹配
经济管理学院,市场营销,3,,体育类课程,,必修类别,大学体育（教材）,本校编,最新版,校本教材,,公共课已匹配
经济管理学院,市场营销,第4学期,314300001009,3社会主义思想概论,3,必修,,,,,,待查教学大纲（专业课）
经济管理学院,市场营销,第4学期,314300001008,3社会主义理论体系概论,3,必修,,,,,,待查教学大纲（专业课）
经济管理学院,市场营销,第4学期,306300007004,计量经济学,3,必修,,,,,,待查教学大纲（专业课）
经济管理学院,市场营销,第4学期,3063009371,消费者行为学,3,必修,,,,,,待查教学大纲（专业课）
经济管理学院,市场营销,第4学期,306300007141,市场调研与策划,3,必修,,,,,,待查教学大纲（专业课）
经济管理学院,市场营销,第4学期,306300008020,市场调研与策划实验,1,必修,,,,,,待查教学大纲（专业课）
经济管理学院,市场营销,4,,外语类课程,,必修类别,新视野大学英语（第三版·读写教程）,郑树棠,第3版,外语教学与研究出版社,,公共课已匹配
经济管理学院,市场营销,4,,体育类课程,,必修类别,大学体育（教材）,本校编,最新版,校本教材,,公共课已匹配
经济管理学院,市场营销,第5学期,306300007142,数智化营销,3,必修,,,,,,待查教学大纲（专业课）
经济管理学院,市场营销,第5学期,306300007024,农产品营销学,3,必修,,,,,,待查教学大纲（专业课）
经济管理学院,市场营销,第5学期,306300007167,管理研究方法A,3,必修,,,,,,待查教学大纲（专业课）
经济管理学院,市场营销,第5学期,306300008041,管理研究方法实验A,1,必修,,,,,,待查教学大纲（专业课）
经济管理学院,市场营销,第6学期,306300007078,战略管理与营销战略,3,必修,,,,,,待查教学大纲（专业课）
经济管理学院,市场营销,第6学期,306300007144,营销理论与实践前沿专题,4,必修,,,,,,待查教学大纲（专业课）
经济管理学院,市场营销,第6学期,306300008042,营销学经典文献阅读,1,必修,,,,,,待查教学大纲（专业课）
经济管理学院,市场营销,第7学期,306300007088,管理决策模拟,1,必修,,,,,,待查教学大纲（专业课）
经济管理学院,市场营销,第7学期,3063009902,毕业实习,2,必修,,,,,,待查教学大纲（专业课）
经济管理学院,市场营销,第8学期,3063009919,毕业论文（设计）,6,必修,,,,,,待查教学大纲（专业课）
经济管理学院,市场营销,第8学期,3143009105,形势与政策（二）,1,必修,形势与政策（最新版）,教育部组编,每年更新,高等教育出版社,,公共课已匹配
经济管理学院,市场营销,第8学期,3143009003,3484262马院OutlineofModernChineseHistory,2,必修,,,,,,待查教学大纲（专业课）
经济管理学院,市场营销,第8学期,314300001006,3484261马院IdeologyMoralityandRuleofLaw,1,必修,,,,,,待查教学大纲（专业课）
经济管理学院,市场营销,第8学期,314300001008,BasicTheoryofMaoZedong3484084马院,4,必修,,,,,,待查教学大纲（专业课）
经济管理学院,市场营销,第8学期,314300001009,BasicTheoryofXiJinpingThought3484084马院,4,必修,,,,,,待查教学大纲（专业课）
经济管理学院,市场营销,第8学期,314300001007,3484263马院BasicKnowledgeofMarxism,3,必修,,,,,,待查教学大纲（专业课）
经济管理学院,市场营销,第8学期,3143009104,116161-2马院SituationandPolicyEducation（Ⅰ）,2,必修,,,,,,待查教学大纲（专业课）
经济管理学院,市场营销,8,,体育类课程必修，实行选项制，一、二年级要求每学期修满1,,必修类别,大学体育（教材）,本校编,最新版,校本教材,,公共课已匹配
经济管理学院,市场营销,8,,体育类课程教学详见《华中农业大学体育教学改革实施方案》。,,必修类别,大学体育（教材）,本校编,最新版,校本教材,,公共课已匹配
经济管理学院,市场营销,第8学期,307300007045,116161工学FoundationforEngineering,1,必修,,,,,,待查教学大纲（专业课）
经济管理学院,市场营销,第8学期,9093009904,232321MilitaryTheory生院,1,必修,,,,,,待查教学大纲（专业课）
经济管理学院,市场营销,第8学期,9093009774,InnovationandEntrepreneurship116161生院,1,必修,,,,,,待查教学大纲（专业课）
经济管理学院,市场营销,第8学期,3113009824,116161/2文法WritingandCommunication,2,必修,,,,,,待查教学大纲（专业课）
经济管理学院,市场营销,第8学期,202300006005,PsychologicalDevelopmentand116162生院,2,必修,,,,,,待查教学大纲（专业课）
经济管理学院,市场营销,第8学期,317300001017,微积分B（1）464641信息CalculusB（1）,1,必修,高等数学（第七版·上/下册）,同济大学数学系,第7版,高等教育出版社,,公共课已匹配
经济管理学院,市场营销,第8学期,317300001018,微积分B（2）464642信息CalculusB（2）,2,必修,高等数学（第七版·上/下册）,同济大学数学系,第7版,高等教育出版社,,公共课已匹配
经济管理学院,市场营销,第8学期,317400001004,464642信息LinearAlgebraandProgramming,2,必修,,,,,,待查教学大纲（专业课）
经济管理学院,市场营销,第8学期,317300001015,232323信息Probability,3,必修,,,,,,待查教学大纲（专业课）
经济管理学院,市场营销,第8学期,306300007132,464643经管StatisticsTheory,3,必修,,,,,,待查教学大纲（专业课）
经济管理学院,市场营销,第8学期,317300001008,FundamentalsofArtificial232321信息,1,必修,,,,,,待查教学大纲（专业课）
经济管理学院,市场营销,第8学期,317300001009,ExperimentsontheFundamentals130301信息,1,必修,,,,,,待查教学大纲（专业课）
经济管理学院,市场营销,第8学期,306300007179,24824244经管FoundationofAccountingBigData,4,必修,,,,,,待查教学大纲（专业课）
经济管理学院,市场营销,第8学期,306300007005,348483经管Marketing,3,必修,,,,,,待查教学大纲（专业课）
经济管理学院,市场营销,第8学期,306300007140,232323经管OrganizationalBehavior,3,必修,,,,,,待查教学大纲（专业课）
经济管理学院,市场营销,第8学期,306300007134,348483经管Accounting,3,必修,,,,,,待查教学大纲（专业课）
经济管理学院,市场营销,第8学期,306300007147,232323经管HistoryofManagementThought,3,必修,,,,,,待查教学大纲（专业课）
经济管理学院,市场营销,第8学期,306300007133,232322经管HistoryofEconomicThought,2,必修,,,,,,待查教学大纲（专业课）
经济管理学院,市场营销,第8学期,306300007136,464641经管Microeconomics,1,必修,,,,,,待查教学大纲（专业课）
经济管理学院,市场营销,第8学期,306300007137,348482经管Management,2,必修,,,,,,待查教学大纲（专业课）
经济管理学院,市场营销,第8学期,306300007004,348484经管Econometrics,4,必修,,,,,,待查教学大纲（专业课）
经济管理学院,市场营销,第8学期,306300007180,管理研究方法B348486经管ManagementResearchMethodsB,6,必修,,,,,,待查教学大纲（专业课）
经济管理学院,市场营销,第8学期,306300007181,464645经管CorporateFinance,5,必修,,,,,,待查教学大纲（专业课）
经济管理学院,市场营销,第8学期,306300007182,348485经管Taxation,5,必修,,,,,,待查教学大纲（专业课）
经济管理学院,市场营销,第8学期,306300007183,财务会计A580804经管FinancialaccountingA,4,必修,,,,,,待查教学大纲（专业课）
经济管理学院,市场营销,第8学期,306300007184,CostManagementAccountingand348485经管,5,必修,,,,,,待查教学大纲（专业课）
经济管理学院,市场营销,第8学期,306300008033,CostManagementAccountingand130305经管,5,必修,,,,,,待查教学大纲（专业课）
经济管理学院,市场营销,第8学期,306300007185,348486经管BigDataAuditing,6,必修,,,,,,待查教学大纲（专业课）
经济管理学院,市场营销,第8学期,306300008034,130306经管BigDataAuditingExperiment,6,必修,,,,,,待查教学大纲（专业课）
经济管理学院,市场营销,第8学期,306300007188,232326经管DigitalFinanceAnalysis,6,必修,,,,,,待查教学大纲（专业课）
经济管理学院,市场营销,第8学期,306300008036,130306经管DigitalFinanceAnalysisExperiment,6,必修,,,,,,待查教学大纲（专业课）
经济管理学院,市场营销,第8学期,3063009368,348486经管OperationManagement,6,必修,,,,,,待查教学大纲（专业课）
经济管理学院,市场营销,第8学期,306300007194,348485经管Investments,5,必修,,,,,,待查教学大纲（专业课）
经济管理学院,市场营销,第8学期,306300007186,232326经管AccountingandAuditingCases,6,必修,,,,,,待查教学大纲（专业课）
经济管理学院,市场营销,第8学期,3063009384,232327经管GovernmentandNPOAccounting,7,必修,,,,,,待查教学大纲（专业课）
经济管理学院,市场营销,第8学期,306300008038,IntelligentAccounting260606经管,6,必修,,,,,,待查教学大纲（专业课）
经济管理学院,市场营销,第8学期,306300007139,464646经管Macroeconomics,6,必修,,,,,,待查教学大纲（专业课）
经济管理学院,市场营销,第8学期,306300007107,348486经管TheoriesofInternationalTrade,6,必修,,,,,,待查教学大纲（专业课）
经济管理学院,市场营销,第8学期,3063009190,232326经管CommercialNegotiation,6,必修,,,,,,待查教学大纲（专业课）
经济管理学院,市场营销,第8学期,306300007041,348487经管ElectronicCommerce,7,必修,,,,,,待查教学大纲（专业课）
经济管理学院,市场营销,第8学期,3063009439,232327经管InnovationManagement,7,必修,,,,,,待查教学大纲（专业课）
经济管理学院,市场营销,第8学期,317300007094,MathematicalModelingand34832164信息,4,必修,,,,,,待查教学大纲（专业课）
经济管理学院,市场营销,第8学期,3063009338,管理信息系统B348486公管ManagementInformationSystemB,6,必修,,,,,,待查教学大纲（专业课）
经济管理学院,市场营销,第8学期,306300007032,IntroductiontoBehavioral232327经管,7,必修,,,,,,待查教学大纲（专业课）
经济管理学院,市场营销,第8学期,3013009391,ResearchProgressof232327植科,7,必修,,,,,,待查教学大纲（专业课）
经济管理学院,市场营销,第8学期,306300007097,232327经管FinancialManagementinRural,7,必修,,,,,,待查教学大纲（专业课）
经济管理学院,市场营销,第8学期,9093009905,231Militaryskills生院,1,必修,,,,,,待查教学大纲（专业课）
经济管理学院,市场营销,第8学期,9093009906,Innovationand11-7生院,7,必修,,,,,,待查教学大纲（专业课）
经济管理学院,市场营销,第8学期,202300008001,ThePracticeofMentalHealth1301生院,1,必修,,,,,,待查教学大纲（专业课）
经济管理学院,市场营销,第8学期,3143009105,实践SituationandPolicy1303-8马院,8,必修,,,,,,待查教学大纲（专业课）
经济管理学院,市场营销,第8学期,9093009903,114团委SocialPractice,4,必修,,,,,,待查教学大纲（专业课）
经济管理学院,市场营销,第8学期,110300008001,1301-7团委VolunteerService,7,必修,,,,,,待查教学大纲（专业课）
经济管理学院,市场营销,第8学期,110300008002,11-7团委AestheticPractice,7,必修,,,,,,待查教学大纲（专业课）
经济管理学院,市场营销,第8学期,306300008035,FinancialSharingand2606经管实践,6,必修,,,,,,待查教学大纲（专业课）
经济管理学院,市场营销,第8学期,306300007083,1307经管FinanceDecisionSimulation,7,必修,,,,,,待查教学大纲（专业课）
经济管理学院,市场营销,第8学期,306300008043,AccountingandFinanceReadings126经管,6,必修,,,,,,待查教学大纲（专业课）
经济管理学院,市场营销,第8学期,3063009902,127-8经管GraduationPractice,8,必修,,,,,,待查教学大纲（专业课）
经济管理学院,市场营销,第8学期,3063009919,6127-8经管GraduationThesis,8,必修,,,,,,待查教学大纲（专业课）
经济管理学院,会计学,第1学期,314300001006,思想道德与法治,3,必修,思想道德与法治（2023年版）,本书编写组,2023年版,高等教育出版社,,公共课已匹配
经济管理学院,会计学,第1学期,307300007045,工程基础,1,必修,,,,,,待查教学大纲（专业课）
经济管理学院,会计学,第1学期,9093009904,军事理论,2,必修,军事理论课教程,教育部军委国防动员部,2023版,高等教育出版社,,公共课已匹配
经济管理学院,会计学,第1学期,9093009774,大学生创新创业基础,1,必修,大学生创新创业基础,本校编,最新版,高等教育出版社,,公共课已匹配
经济管理学院,会计学,第1学期,317300001017,微积分B（1）,4,必修,高等数学（第七版·上/下册）,同济大学数学系,第7版,高等教育出版社,,公共课已匹配
经济管理学院,会计学,第1学期,317300001008,人工智能应用基础,2,必修,人工智能基础（通识）,大学计算机课程教指委,最新版,高等教育出版社,,公共课已匹配
经济管理学院,会计学,第1学期,317300001009,人工智能应用基础实验,1,必修,人工智能基础（通识）,大学计算机课程教指委,最新版,高等教育出版社,,公共课已匹配
经济管理学院,会计学,第1学期,202300008001,大学生心理素质拓展,1,必修,大学生心理健康教育,郑日昌,最新版,高等教育出版社,,公共课已匹配
经济管理学院,会计学,第1学期,9093009905,军事技能,2,必修,军事训练教程,教育部军委国防动员部,2023版,高等教育出版社,,公共课已匹配
经济管理学院,会计学,第1学期,306300007136,微观经济学,4,必修,,,,,,待查教学大纲（专业课）
经济管理学院,会计学,1,,外语类课程,,必修类别,新视野大学英语（第三版·读写教程）,郑树棠,第3版,外语教学与研究出版社,,公共课已匹配
经济管理学院,会计学,1,,体育类课程,,必修类别,大学体育（教材）,本校编,最新版,校本教材,,公共课已匹配
经济管理学院,会计学,第2学期,3143009003,中国近现代史纲要,3,必修,中国近现代史纲要（2023年版）,本书编写组,2023年版,高等教育出版社,,公共课已匹配
经济管理学院,会计学,第2学期,317300001018,微积分B（2）,4,必修,高等数学（第七版·上/下册）,同济大学数学系,第7版,高等教育出版社,,公共课已匹配
经济管理学院,会计学,第2学期,317400001004,线性代数与线性规划,4,必修,线性代数（第六版）,同济大学数学系,第6版,高等教育出版社,9787040396632,公共课已匹配
经济管理学院,会计学,第2学期,307300007045,写作与沟通,1,必修,写作与沟通,马工程/本校编,最新版,高等教育出版社,,公共课已匹配
经济管理学院,会计学,第2学期,9093009774,大学生心理发展与指导,1,必修,大学生心理健康教育,郑日昌,最新版,高等教育出版社,,公共课已匹配
经济管理学院,会计学,第2学期,306300007137,管理学,3,必修,,,,,,待查教学大纲（专业课）
经济管理学院,会计学,第2学期,306300007133,经济思想史,2,必修,,,,,,待查教学大纲（专业课）
经济管理学院,会计学,第2学期,3143009104,形势与政策（一）,1,必修,形势与政策（最新版）,教育部组编,每年更新,高等教育出版社,,公共课已匹配
经济管理学院,会计学,2,,外语类课程,,必修类别,新视野大学英语（第三版·读写教程）,郑树棠,第3版,外语教学与研究出版社,,公共课已匹配
经济管理学院,会计学,2,,体育类课程,,必修类别,大学体育（教材）,本校编,最新版,校本教材,,公共课已匹配
经济管理学院,会计学,第3学期,314300001007,马克思主义基本原理,3,必修,马克思主义基本原理（2023年版）,本书编写组,2023年版,高等教育出版社,,公共课已匹配
经济管理学院,会计学,第3学期,317300001015,概率论,2,必修,概率论与数理统计（第五版）,盛骤 谢式千,第5版,高等教育出版社,9787040384876,公共课已匹配
经济管理学院,会计学,第3学期,306300007132,统计学,4,必修,,,,,,待查教学大纲（专业课）
经济管理学院,会计学,第3学期,306300007005,市场营销学,3,必修,,,,,,待查教学大纲（专业课）
经济管理学院,会计学,第3学期,306300007134,会计学,3,必修,,,,,,待查教学大纲（专业课）
经济管理学院,会计学,第3学期,306300007140,组织行为学,2,必修,,,,,,待查教学大纲（专业课）
经济管理学院,会计学,第3学期,306300007147,管理思想史,2,必修,,,,,,待查教学大纲（专业课）
经济管理学院,会计学,3,,外语类课程,,必修类别,新视野大学英语（第三版·读写教程）,郑树棠,第3版,外语教学与研究出版社,,公共课已匹配
经济管理学院,会计学,3,,体育类课程,,必修类别,大学体育（教材）,本校编,最新版,校本教材,,公共课已匹配
经济管理学院,会计学,第4学期,314300001008,3社会主义理论体系概论,3,必修,,,,,,待查教学大纲（专业课）
经济管理学院,会计学,第4学期,314300001009,3社会主义思想概论,3,必修,,,,,,待查教学大纲（专业课）
经济管理学院,会计学,第4学期,306300007179,会计大数据基础,2,必修,,,,,,待查教学大纲（专业课）
经济管理学院,会计学,第4学期,306300007004,计量经济学,3,必修,,,,,,待查教学大纲（专业课）
经济管理学院,会计学,第4学期,306300007183,财务会计A,5,必修,,,,,,待查教学大纲（专业课）
经济管理学院,会计学,第4学期,9093009903,社会实践,1,必修,,,,,,待查教学大纲（专业课）
经济管理学院,会计学,4,,外语类课程,,必修类别,新视野大学英语（第三版·读写教程）,郑树棠,第3版,外语教学与研究出版社,,公共课已匹配
经济管理学院,会计学,4,,体育类课程,,必修类别,大学体育（教材）,本校编,最新版,校本教材,,公共课已匹配
经济管理学院,会计学,4,,通识课程,,选修类别,,,,,,待查教学大纲（专业课）
经济管理学院,会计学,第5学期,306300007181,公司理财,4,必修,,,,,,待查教学大纲（专业课）
经济管理学院,会计学,第5学期,306300007184,成本管理会计与智能决策,3,必修,,,,,,待查教学大纲（专业课）
经济管理学院,会计学,第5学期,306300008033,成本管理会计与智能决策实验,1,必修,,,,,,待查教学大纲（专业课）
经济管理学院,会计学,第5学期,306300007182,税收学,3,必修,,,,,,待查教学大纲（专业课）
经济管理学院,会计学,5,,通识课程,,选修类别,,,,,,待查教学大纲（专业课）
经济管理学院,会计学,第6学期,306300007180,管理研究方法B,3,必修,,,,,,待查教学大纲（专业课）
经济管理学院,会计学,第6学期,306300007185,大数据审计,3,必修,,,,,,待查教学大纲（专业课）
经济管理学院,会计学,第6学期,306300008034,大数据审计实验,1,必修,,,,,,待查教学大纲（专业课）
经济管理学院,会计学,第6学期,306300008043,会计与财务专业文献阅读,1,必修,,,,,,待查教学大纲（专业课）
经济管理学院,会计学,第6学期,306300008035,财务共享与智能RPA机器人,2,必修,,,,,,待查教学大纲（专业课）
经济管理学院,会计学,第7学期,306300007083,财务决策模拟,1,必修,,,,,,待查教学大纲（专业课）
经济管理学院,会计学,第8学期,3063009919,毕业论文（设计）,6,必修,,,,,,待查教学大纲（专业课）
经济管理学院,会计学,第8学期,3063009902,毕业实习,1,必修,,,,,,待查教学大纲（专业课）
经济管理学院,会计学,第8学期,3143009105,形势与政策（二）,1,必修,形势与政策（最新版）,教育部组编,每年更新,高等教育出版社,,公共课已匹配
经济管理学院,会计学,第8学期,3143009003,3484262马院OutlineofModernChineseHistory,2,必修,,,,,,待查教学大纲（专业课）
经济管理学院,会计学,第8学期,314300001006,3484261马院IdeologyMoralityandRuleofLaw,1,必修,,,,,,待查教学大纲（专业课）
经济管理学院,会计学,第8学期,314300001008,BasicTheoryofMaoZedong3484084马院,4,必修,,,,,,待查教学大纲（专业课）
经济管理学院,会计学,第8学期,314300001009,BasicTheoryofXiJinpingThought3484084马院,4,必修,,,,,,待查教学大纲（专业课）
经济管理学院,会计学,第8学期,314300001007,3484263马院BasicKnowledgeofMarxism,3,必修,,,,,,待查教学大纲（专业课）
经济管理学院,会计学,第8学期,3143009104,116161-2马院SituationandPolicyEducation（Ⅰ）,2,必修,,,,,,待查教学大纲（专业课）
经济管理学院,会计学,8,,体育类课程必修，实行选项制，一、二年级要求每学期修满1,,必修类别,大学体育（教材）,本校编,最新版,校本教材,,公共课已匹配
经济管理学院,会计学,8,,体育类课程教学详见《华中农业大学体育教学改革实施方案》。,,必修类别,大学体育（教材）,本校编,最新版,校本教材,,公共课已匹配
经济管理学院,会计学,第8学期,307300007045,116161工学FoundationforEngineering,1,必修,,,,,,待查教学大纲（专业课）
经济管理学院,会计学,第8学期,9093009904,232321MilitaryTheory生院,1,必修,,,,,,待查教学大纲（专业课）
经济管理学院,会计学,第8学期,9093009774,InnovationandEntrepreneurship116161生院,1,必修,,,,,,待查教学大纲（专业课）
经济管理学院,会计学,第8学期,3113009824,116161/2文法WritingandCommunication,2,必修,,,,,,待查教学大纲（专业课）
经济管理学院,会计学,第8学期,202300006005,PsychologicalDevelopmentand116162生院,2,必修,,,,,,待查教学大纲（专业课）
经济管理学院,会计学,第8学期,317300001017,微积分B（1）464641信息CalculusB（1）,1,必修,高等数学（第七版·上/下册）,同济大学数学系,第7版,高等教育出版社,,公共课已匹配
经济管理学院,会计学,第8学期,317300001018,微积分B（2）464642信息CalculusB（2）,2,必修,高等数学（第七版·上/下册）,同济大学数学系,第7版,高等教育出版社,,公共课已匹配
经济管理学院,会计学,第8学期,317400001004,464642信息LinearAlgebraandProgramming,2,必修,,,,,,待查教学大纲（专业课）
经济管理学院,会计学,第8学期,317300001015,232323信息Probability,3,必修,,,,,,待查教学大纲（专业课）
经济管理学院,会计学,第8学期,306300007132,464643经管StatisticsTheory,3,必修,,,,,,待查教学大纲（专业课）
经济管理学院,会计学,第8学期,317300001008,FundamentalsofArtificial232321信息,1,必修,,,,,,待查教学大纲（专业课）
经济管理学院,会计学,第8学期,317300001009,ExperimentsontheFundamentalsof130301信息,1,必修,,,,,,待查教学大纲（专业课）
经济管理学院,会计学,第8学期,306300007179,24824244经管FoundationofAccountingBigData,4,必修,,,,,,待查教学大纲（专业课）
经济管理学院,会计学,第8学期,306300007005,348483经管Marketing,3,必修,,,,,,待查教学大纲（专业课）
经济管理学院,会计学,第8学期,306300007140,232323经管OrganizationalBehavior,3,必修,,,,,,待查教学大纲（专业课）
经济管理学院,会计学,第8学期,306300007134,348483经管Accounting,3,必修,,,,,,待查教学大纲（专业课）
经济管理学院,会计学,第8学期,306300007147,232323经管HistoryofManagementThought,3,必修,,,,,,待查教学大纲（专业课）
经济管理学院,会计学,第8学期,306300007133,232322经管HistoryofEconomicThought,2,必修,,,,,,待查教学大纲（专业课）
经济管理学院,会计学,第8学期,306300007136,464641经管Microeconomics,1,必修,,,,,,待查教学大纲（专业课）
经济管理学院,会计学,第8学期,306300007137,348482经管Management,2,必修,,,,,,待查教学大纲（专业课）
经济管理学院,会计学,第8学期,306300007004,348484经管Econometrics,4,必修,,,,,,待查教学大纲（专业课）
经济管理学院,会计学,第8学期,306300007180,管理研究方法B348486经管ManagementResearchMethodsB,6,必修,,,,,,待查教学大纲（专业课）
经济管理学院,会计学,第8学期,306300007181,464645经管CorporateFinance,5,必修,,,,,,待查教学大纲（专业课）
经济管理学院,会计学,第8学期,306300007190,财务会计B464644经管FinancialaccountingB,4,必修,,,,,,待查教学大纲（专业课）
经济管理学院,会计学,第8学期,306300007188,232326经管DigitalFinanceAnalysis,6,必修,,,,,,待查教学大纲（专业课）
经济管理学院,会计学,第8学期,306300008036,130306经管DigitalFinanceAnalysisExperiment,6,必修,,,,,,待查教学大纲（专业课）
经济管理学院,会计学,第8学期,306300007197,ManagementAccountingand232325经管,5,必修,,,,,,待查教学大纲（专业课）
经济管理学院,会计学,第8学期,306300008036,ManagementAccountingand130305经管,5,必修,,,,,,待查教学大纲（专业课）
经济管理学院,会计学,第8学期,306300007194,348485经管Investments,5,必修,,,,,,待查教学大纲（专业课）
经济管理学院,会计学,第8学期,306300007191,348486经管AdvancedFinancialManagement,6,必修,,,,,,待查教学大纲（专业课）
经济管理学院,会计学,第8学期,306300007185,348486经管BigDataAuditing,6,必修,,,,,,待查教学大纲（专业课）
经济管理学院,会计学,第8学期,306300008034,130306经管BigDataAuditingExperiment,6,必修,,,,,,待查教学大纲（专业课）
经济管理学院,会计学,第8学期,306300007182,348485经管Taxation,5,必修,,,,,,待查教学大纲（专业课）
经济管理学院,会计学,第8学期,306300007186,232326经管AccountingandAuditingCases,6,必修,,,,,,待查教学大纲（专业课）
经济管理学院,会计学,第8学期,306300008038,IntelligentAccounting260606经管,6,必修,,,,,,待查教学大纲（专业课）
经济管理学院,会计学,第8学期,3063009465,232326经管PersonalFinance,6,必修,,,,,,待查教学大纲（专业课）
经济管理学院,会计学,第8学期,311300007170,232325文法EconomicLawOutline,5,必修,,,,,,待查教学大纲（专业课）
经济管理学院,会计学,第8学期,306300007139,464646经管Macroeconomics,6,必修,,,,,,待查教学大纲（专业课）
经济管理学院,会计学,第8学期,306300007107,348486经管TheoriesofInternationalTrade,6,必修,,,,,,待查教学大纲（专业课）
经济管理学院,会计学,第8学期,3063009172,232327经管PrinciplesofInsurance,7,必修,,,,,,待查教学大纲（专业课）
经济管理学院,会计学,第8学期,306300007101,348487经管InternationalFinance,7,必修,,,,,,待查教学大纲（专业课）
经济管理学院,会计学,第8学期,3063009368,348486经管OperationManagement,6,必修,,,,,,待查教学大纲（专业课）
经济管理学院,会计学,第8学期,3063009190,232326经管CommercialNegotiation,6,必修,,,,,,待查教学大纲（专业课）
经济管理学院,会计学,第8学期,306300007041,348487经管ElectronicCommerce,7,必修,,,,,,待查教学大纲（专业课）
经济管理学院,会计学,第8学期,3063009439,232327经管InnovationManagement,7,必修,,,,,,待查教学大纲（专业课）
经济管理学院,会计学,第8学期,317300007094,MathematicalModeling34832164信息,4,必修,,,,,,待查教学大纲（专业课）
经济管理学院,会计学,第8学期,3063009338,管理信息系统B348486公管ManagementInformationSystemB,6,必修,,,,,,待查教学大纲（专业课）
经济管理学院,会计学,第8学期,306300007032,IntroductiontoBehavioral34832167经管,7,必修,,,,,,待查教学大纲（专业课）
经济管理学院,会计学,第8学期,3013009391,ResearchProgressof232327植科,7,必修,,,,,,待查教学大纲（专业课）
经济管理学院,会计学,第8学期,306300007097,232327经管FinancialManagementinRural,7,必修,,,,,,待查教学大纲（专业课）
经济管理学院,会计学,第8学期,9093009905,231Militaryskills生院,1,必修,,,,,,待查教学大纲（专业课）
经济管理学院,会计学,第8学期,9093009906,Innovationand11-7生院,7,必修,,,,,,待查教学大纲（专业课）
经济管理学院,会计学,第8学期,202300008001,ThePracticeofMentalHealth1301生院,1,必修,,,,,,待查教学大纲（专业课）
经济管理学院,会计学,第8学期,3143009105,1303-8马院SituationandPolicyEducation（Ⅱ）,8,必修,,,,,,待查教学大纲（专业课）
经济管理学院,会计学,第8学期,9093009903,114团委SocialPractice,4,必修,,,,,,待查教学大纲（专业课）
经济管理学院,会计学,第8学期,110300008001,1301-7团委VolunteerService,7,必修,,,,,,待查教学大纲（专业课）
经济管理学院,会计学,第8学期,110300008002,11-7团委AestheticPractice,7,必修,,,,,,待查教学大纲（专业课）
经济管理学院,会计学,第8学期,306300008035,FinancialSharingand2606经管,6,必修,,,,,,待查教学大纲（专业课）
经济管理学院,会计学,第8学期,306300007083,1307经管FinanceDecisionSimulation,7,必修,,,,,,待查教学大纲（专业课）
经济管理学院,会计学,第8学期,306300008043,AccountingandFinanceReadings126经管,6,必修,,,,,,待查教学大纲（专业课）
经济管理学院,会计学,第8学期,3063009902,实践127-8经管GraduationPractice,8,必修,,,,,,待查教学大纲（专业课）
经济管理学院,会计学,第8学期,3063009919,6127-8经管GraduationThesis,8,必修,,,,,,待查教学大纲（专业课）
经济管理学院,财务管理,第1学期,314300001006,思想道德与法治,3,必修,思想道德与法治（2023年版）,本书编写组,2023年版,高等教育出版社,,公共课已匹配
经济管理学院,财务管理,第1学期,307300007045,工程基础,1,必修,,,,,,待查教学大纲（专业课）
经济管理学院,财务管理,第1学期,9093009904,军事理论,2,必修,军事理论课教程,教育部军委国防动员部,2023版,高等教育出版社,,公共课已匹配
经济管理学院,财务管理,第1学期,9093009774,大学生创新创业基础,1,必修,大学生创新创业基础,本校编,最新版,高等教育出版社,,公共课已匹配
经济管理学院,财务管理,第1学期,317300001017,微积分B（1）,4,必修,高等数学（第七版·上/下册）,同济大学数学系,第7版,高等教育出版社,,公共课已匹配
经济管理学院,财务管理,第1学期,317300001008,人工智能应用基础,2,必修,人工智能基础（通识）,大学计算机课程教指委,最新版,高等教育出版社,,公共课已匹配
经济管理学院,财务管理,第1学期,317300001009,人工智能应用基础实验,1,必修,人工智能基础（通识）,大学计算机课程教指委,最新版,高等教育出版社,,公共课已匹配
经济管理学院,财务管理,第1学期,202300008001,大学生心理素质拓展,1,必修,大学生心理健康教育,郑日昌,最新版,高等教育出版社,,公共课已匹配
经济管理学院,财务管理,第1学期,9093009905,军事技能,2,必修,军事训练教程,教育部军委国防动员部,2023版,高等教育出版社,,公共课已匹配
经济管理学院,财务管理,第1学期,306300007136,微观经济学,4,必修,,,,,,待查教学大纲（专业课）
经济管理学院,财务管理,1,,外语类课程,,必修类别,新视野大学英语（第三版·读写教程）,郑树棠,第3版,外语教学与研究出版社,,公共课已匹配
经济管理学院,财务管理,1,,体育类课程,,必修类别,大学体育（教材）,本校编,最新版,校本教材,,公共课已匹配
经济管理学院,财务管理,第2学期,3143009003,中国近现代史纲要,3,必修,中国近现代史纲要（2023年版）,本书编写组,2023年版,高等教育出版社,,公共课已匹配
经济管理学院,财务管理,第2学期,317300001018,微积分B（2）,4,必修,高等数学（第七版·上/下册）,同济大学数学系,第7版,高等教育出版社,,公共课已匹配
经济管理学院,财务管理,第2学期,317400001004,线性代数与线性规划,4,必修,线性代数（第六版）,同济大学数学系,第6版,高等教育出版社,9787040396632,公共课已匹配
经济管理学院,财务管理,第2学期,307300007045,工程基础,1,必修,,,,,,待查教学大纲（专业课）
经济管理学院,财务管理,第2学期,9093009774,大学生创新创业基础,1,必修,大学生创新创业基础,本校编,最新版,高等教育出版社,,公共课已匹配
经济管理学院,财务管理,第2学期,306300007137,管理学,3,必修,,,,,,待查教学大纲（专业课）
经济管理学院,财务管理,第2学期,306300007133,经济思想史,2,必修,,,,,,待查教学大纲（专业课）
经济管理学院,财务管理,第2学期,3143009104,形势与政策（一）,1,必修,形势与政策（最新版）,教育部组编,每年更新,高等教育出版社,,公共课已匹配
经济管理学院,财务管理,2,,外语类课程,,必修类别,新视野大学英语（第三版·读写教程）,郑树棠,第3版,外语教学与研究出版社,,公共课已匹配
经济管理学院,财务管理,2,,体育类课程,,必修类别,大学体育（教材）,本校编,最新版,校本教材,,公共课已匹配
经济管理学院,财务管理,第3学期,314300001007,马克思主义基本原理,3,必修,马克思主义基本原理（2023年版）,本书编写组,2023年版,高等教育出版社,,公共课已匹配
经济管理学院,财务管理,第3学期,317300001015,概率论,2,必修,概率论与数理统计（第五版）,盛骤 谢式千,第5版,高等教育出版社,9787040384876,公共课已匹配
经济管理学院,财务管理,第3学期,306300007132,统计学,4,必修,,,,,,待查教学大纲（专业课）
经济管理学院,财务管理,第3学期,306300007005,市场营销学,3,必修,,,,,,待查教学大纲（专业课）
经济管理学院,财务管理,第3学期,306300007134,会计学,3,必修,,,,,,待查教学大纲（专业课）
经济管理学院,财务管理,第3学期,306300007140,组织行为学,2,必修,,,,,,待查教学大纲（专业课）
经济管理学院,财务管理,第3学期,306300007147,管理思想史,2,必修,,,,,,待查教学大纲（专业课）
经济管理学院,财务管理,3,,外语类课程,,必修类别,新视野大学英语（第三版·读写教程）,郑树棠,第3版,外语教学与研究出版社,,公共课已匹配
经济管理学院,财务管理,3,,体育类课程,,必修类别,大学体育（教材）,本校编,最新版,校本教材,,公共课已匹配
经济管理学院,财务管理,第4学期,314300001008,3社会主义理论体系概论,3,必修,,,,,,待查教学大纲（专业课）
经济管理学院,财务管理,第4学期,314300001009,3社会主义思想概论,3,必修,,,,,,待查教学大纲（专业课）
经济管理学院,财务管理,第4学期,306300007179,会计大数据基础,2,必修,,,,,,待查教学大纲（专业课）
经济管理学院,财务管理,第4学期,306300007004,计量经济学,3,必修,,,,,,待查教学大纲（专业课）
经济管理学院,财务管理,第4学期,306300007190,财务会计B,4,必修,,,,,,待查教学大纲（专业课）
经济管理学院,财务管理,第4学期,9093009903,社会实践,1,必修,,,,,,待查教学大纲（专业课）
经济管理学院,财务管理,4,,外语类课程,,必修类别,新视野大学英语（第三版·读写教程）,郑树棠,第3版,外语教学与研究出版社,,公共课已匹配
经济管理学院,财务管理,4,,体育类课程,,必修类别,大学体育（教材）,本校编,最新版,校本教材,,公共课已匹配
经济管理学院,财务管理,4,,通识课程,,选修类别,,,,,,待查教学大纲（专业课）
经济管理学院,财务管理,第5学期,306300007195,管理会计与智能决策,2,必修,,,,,,待查教学大纲（专业课）
经济管理学院,财务管理,第5学期,306300008037,管理会计与智能决策实验,1,必修,,,,,,待查教学大纲（专业课）
经济管理学院,财务管理,第5学期,306300007181,公司理财,4,必修,,,,,,待查教学大纲（专业课）
经济管理学院,财务管理,第5学期,306300007194,投资学,3,必修,,,,,,待查教学大纲（专业课）
经济管理学院,财务管理,5,,通识课程,,选修类别,,,,,,待查教学大纲（专业课）
经济管理学院,财务管理,第6学期,306300007180,管理研究方法B,3,必修,,,,,,待查教学大纲（专业课）
经济管理学院,财务管理,第6学期,306300007188,数智财务分析,2,必修,,,,,,待查教学大纲（专业课）
经济管理学院,财务管理,第6学期,306300008036,数智财务分析,1,必修,,,,,,待查教学大纲（专业课）
经济管理学院,财务管理,第6学期,306300007191,高级财务管理,3,必修,,,,,,待查教学大纲（专业课）
经济管理学院,财务管理,第6学期,306300008035,财务共享与智能RPA机器人,2,必修,,,,,,待查教学大纲（专业课）
经济管理学院,财务管理,第6学期,306300008043,会计与财务专业文献阅读,1,必修,,,,,,待查教学大纲（专业课）
经济管理学院,财务管理,第7学期,306300007083,财务决策模拟,1,必修,,,,,,待查教学大纲（专业课）
经济管理学院,财务管理,第8学期,3063009919,毕业论文（设计）,6,必修,,,,,,待查教学大纲（专业课）
经济管理学院,财务管理,第8学期,3063009902,毕业实习,1,必修,,,,,,待查教学大纲（专业课）
经济管理学院,财务管理,第8学期,3143009105,形势与政策（二）,1,必修,形势与政策（最新版）,教育部组编,每年更新,高等教育出版社,,公共课已匹配
经济管理学院,财务管理,第8学期,3143009003,3484262马院OutlineofModernChineseHistory,2,必修,,,,,,待查教学大纲（专业课）
经济管理学院,财务管理,第8学期,314300001006,3484261马院IdeologyMoralityandRuleofLaw,1,必修,,,,,,待查教学大纲（专业课）
经济管理学院,财务管理,第8学期,314300001008,BasicTheoryofMaoZedong3484084马院,4,必修,,,,,,待查教学大纲（专业课）
经济管理学院,财务管理,第8学期,314300001009,BasicTheoryofXiJinpingThought3484084马院,4,必修,,,,,,待查教学大纲（专业课）
经济管理学院,财务管理,第8学期,314300001007,3484263马院BasicKnowledgeofMarxism,3,必修,,,,,,待查教学大纲（专业课）
经济管理学院,财务管理,第8学期,3143009104,116161-2马院SituationandPolicyEducation（Ⅰ）,2,必修,,,,,,待查教学大纲（专业课）
经济管理学院,财务管理,8,,体育类课程必修，实行选项制，一、二年级要求每学期修满1,,必修类别,大学体育（教材）,本校编,最新版,校本教材,,公共课已匹配
经济管理学院,财务管理,8,,体育类课程教学详见《华中农业大学体育教学改革实施方案》。,,必修类别,大学体育（教材）,本校编,最新版,校本教材,,公共课已匹配
经济管理学院,财务管理,第8学期,307300007045,116161工学FoundationforEngineering,1,必修,,,,,,待查教学大纲（专业课）
经济管理学院,财务管理,第8学期,9093009904,232321MilitaryTheory生院,1,必修,,,,,,待查教学大纲（专业课）
经济管理学院,财务管理,第8学期,9093009774,InnovationandEntrepreneurship116161生院,1,必修,,,,,,待查教学大纲（专业课）
经济管理学院,财务管理,第8学期,3113009824,116161/2文法WritingandCommunication,2,必修,,,,,,待查教学大纲（专业课）
经济管理学院,财务管理,第8学期,202300006005,PsychologicalDevelopmentand116162生院,2,必修,,,,,,待查教学大纲（专业课）
经济管理学院,财务管理,第8学期,317300001017,微积分B（1）464641信息CalculusB（1）,1,必修,高等数学（第七版·上/下册）,同济大学数学系,第7版,高等教育出版社,,公共课已匹配
经济管理学院,财务管理,第8学期,317300001018,微积分B（2）464642信息CalculusB（2）,2,必修,高等数学（第七版·上/下册）,同济大学数学系,第7版,高等教育出版社,,公共课已匹配
经济管理学院,财务管理,第8学期,317400001004,464642信息LinearAlgebraandProgramming,2,必修,,,,,,待查教学大纲（专业课）
经济管理学院,财务管理,第8学期,317300001015,232323信息Probability,3,必修,,,,,,待查教学大纲（专业课）
经济管理学院,财务管理,第8学期,306300007132,464643经管StatisticsTheory,3,必修,,,,,,待查教学大纲（专业课）
经济管理学院,财务管理,第8学期,317300001008,FundamentalsofArtificial232321信息,1,必修,,,,,,待查教学大纲（专业课）
经济管理学院,财务管理,第8学期,317300001009,ExperimentsontheFundamentals130301信息,1,必修,,,,,,待查教学大纲（专业课）
经济管理学院,财务管理,第8学期,306300007166,DigitalandIntelligentHuman116164经管,4,必修,,,,,,待查教学大纲（专业课）
经济管理学院,财务管理,第8学期,306300008039,ExperimentsonDigitalandIntelligent130304经管,4,必修,,,,,,待查教学大纲（专业课）
经济管理学院,财务管理,第8学期,306300007134,348483经管Accounting,3,必修,,,,,,待查教学大纲（专业课）
经济管理学院,财务管理,第8学期,306300007005,348483经管Marketing,3,必修,,,,,,待查教学大纲（专业课）
经济管理学院,财务管理,第8学期,306300007140,232323经管OrganizationalBehavior,3,必修,,,,,,待查教学大纲（专业课）
经济管理学院,财务管理,第8学期,306300007147,232323经管HistoryofManagementThought,3,必修,,,,,,待查教学大纲（专业课）
经济管理学院,财务管理,第8学期,306300007133,232322经管HistoryofEconomicThought,2,必修,,,,,,待查教学大纲（专业课）
经济管理学院,财务管理,第8学期,306300007136,464641经管Microeconomics,1,必修,,,,,,待查教学大纲（专业课）
经济管理学院,财务管理,第8学期,306300007137,348482经管PrinciplesofManagement,2,必修,,,,,,待查教学大纲（专业课）
经济管理学院,财务管理,第8学期,306300007004,348484经管Econometrics,4,必修,,,,,,待查教学大纲（专业课）
经济管理学院,财务管理,第8学期,306300007167,管理学研究方法A348485经管ManagementResearchMethodsA,5,必修,,,,,,待查教学大纲（专业课）
经济管理学院,财务管理,第8学期,306300008041,ExperimentsonManagement130305经管,5,必修,,,,,,待查教学大纲（专业课）
经济管理学院,财务管理,第8学期,306300007019,348484经管HumanResourceManagement,4,必修,,,,,,待查教学大纲（专业课）
经济管理学院,财务管理,第8学期,306300007168,348484经管OrganizationTheoryandDesign,4,必修,,,,,,待查教学大纲（专业课）
经济管理学院,财务管理,第8学期,306300007169,Performanceand464645经管,5,必修,,,,,,待查教学大纲（专业课）
经济管理学院,财务管理,第8学期,3063009434,232325经管TalentQualityAssessment,5,必修,,,,,,待查教学大纲（专业课）
经济管理学院,财务管理,第8学期,306300008040,ExperimentsonTalent130305经管,5,必修,,,,,,待查教学大纲（专业课）
经济管理学院,财务管理,第8学期,306300007171,348485经管TalentManagementandDevelopment,5,必修,,,,,,待查教学大纲（专业课）
经济管理学院,财务管理,第8学期,306300007172,LaborLawandEmployee348486经管,6,必修,,,,,,待查教学大纲（专业课）
经济管理学院,财务管理,第8学期,3063009435,232324经管IntroductionPsychology,4,必修,,,,,,待查教学大纲（专业课）
经济管理学院,财务管理,第8学期,3063009436,BusinessEthicsand232324经管,4,必修,,,,,,待查教学大纲（专业课）
经济管理学院,财务管理,第8学期,3063009153,232324经管LabourEconomics,4,必修,,,,,,待查教学大纲（专业课）
经济管理学院,财务管理,第8学期,3063009440,232325经管ManagementCommunication,5,必修,,,,,,待查教学大纲（专业课）
经济管理学院,财务管理,第8学期,306300007173,OrganizationalBehaviorand232326经管,6,必修,,,,,,待查教学大纲（专业课）
经济管理学院,财务管理,第8学期,3063009446,232326经管Cross-CultureManagement,6,必修,,,,,,待查教学大纲（专业课）
经济管理学院,财务管理,第8学期,3063009445,232326经管LeadershipDevelopment,6,必修,,,,,,待查教学大纲（专业课）
经济管理学院,财务管理,第8学期,3063009227,232326经管CareerDesignandManagement,6,必修,,,,,,待查教学大纲（专业课）
经济管理学院,财务管理,第8学期,3113009727,248486文法SocietySecurity,6,必修,,,,,,待查教学大纲（专业课）
经济管理学院,财务管理,第8学期,306300007174,116167经管China'sTalentManagementHistory,7,必修,,,,,,待查教学大纲（专业课）
经济管理学院,财务管理,第8学期,306300007096,232327经管RuralHumanResourcesDevelopment,7,必修,,,,,,待查教学大纲（专业课）
经济管理学院,财务管理,第8学期,306300007050,232325经管FinancialAnalysis,5,必修,,,,,,待查教学大纲（专业课）
经济管理学院,财务管理,第8学期,306300007017,34832165经管MarketPredictionandDecision,5,必修,,,,,,待查教学大纲（专业课）
经济管理学院,财务管理,第8学期,3063009439,232326经管InnovationManagement,6,必修,,,,,,待查教学大纲（专业课）
经济管理学院,财务管理,第8学期,3063009938,130306经管DesignThinking,6,必修,,,,,,待查教学大纲（专业课）
经济管理学院,财务管理,第8学期,3063009442,232326经管TheWritingofBusinessPlan,6,必修,,,,,,待查教学大纲（专业课）
经济管理学院,财务管理,第8学期,3063009542,232326经管GameTheory,6,必修,,,,,,待查教学大纲（专业课）
经济管理学院,财务管理,第8学期,3063009368,348486经管OperationManagement,6,必修,,,,,,待查教学大纲（专业课）
经济管理学院,财务管理,第8学期,306300007175,DigitalandIntelligentof232326经管,6,必修,,,,,,待查教学大纲（专业课）
经济管理学院,财务管理,第8学期,3063009338,管理信息系统B348486公管ManagementInformationSystemB,6,必修,,,,,,待查教学大纲（专业课）
经济管理学院,财务管理,第8学期,306300007007,348487经管EnterpriseManagement,7,必修,,,,,,待查教学大纲（专业课）
经济管理学院,财务管理,第8学期,3063009189,232327经管NewInstitutionalEconomics,7,必修,,,,,,待查教学大纲（专业课）
经济管理学院,财务管理,第8学期,9093009905,231Militaryskills生院,1,必修,,,,,,待查教学大纲（专业课）
经济管理学院,财务管理,第8学期,9093009906,Innovationand11-7生院,7,必修,,,,,,待查教学大纲（专业课）
经济管理学院,财务管理,第8学期,202300008001,ThePracticeofMentalHealth1301生院,1,必修,,,,,,待查教学大纲（专业课）
经济管理学院,财务管理,第8学期,3143009105,实践1303-8马院SituationandPolicyEducation（Ⅱ）,8,必修,,,,,,待查教学大纲（专业课）
经济管理学院,财务管理,第8学期,9093009903,114团委SocialPractice,4,必修,,,,,,待查教学大纲（专业课）
经济管理学院,财务管理,第8学期,110300008001,1301-7团委VolunteerService,7,必修,,,,,,待查教学大纲（专业课）
经济管理学院,财务管理,第8学期,110300008002,11-7团委AestheticPractice,7,必修,,,,,,待查教学大纲（专业课）
经济管理学院,财务管理,第8学期,306300008029,PracticalTrainingofDigitaland1306经管IntelligentHumanResource,6,必修,,,,,,待查教学大纲（专业课）
经济管理学院,财务管理,第8学期,306300008030,PracticalTrainingof1305经管,5,必修,,,,,,待查教学大纲（专业课）
经济管理学院,财务管理,第8学期,306300008031,LiteratureReadingof1306经管OrganizationalBehaviorand,6,必修,,,,,,待查教学大纲（专业课）
经济管理学院,财务管理,第8学期,3063009902,实践毕业实习286经管GraduationPractice,6,必修,,,,,,待查教学大纲（专业课）
经济管理学院,财务管理,第8学期,3063009919,6127-8经管GraduationThesis,8,必修,,,,,,待查教学大纲（专业课）
经济管理学院,人力资源管理,第1学期,314300001006,思想道德与法治,3,必修,思想道德与法治（2023年版）,本书编写组,2023年版,高等教育出版社,,公共课已匹配
经济管理学院,人力资源管理,第1学期,307300007045,工程基础,1,必修,,,,,,待查教学大纲（专业课）
经济管理学院,人力资源管理,第1学期,9093009904,军事理论,2,必修,军事理论课教程,教育部军委国防动员部,2023版,高等教育出版社,,公共课已匹配
经济管理学院,人力资源管理,第1学期,9093009774,大学生创新创业基础,1,必修,大学生创新创业基础,本校编,最新版,高等教育出版社,,公共课已匹配
经济管理学院,人力资源管理,第1学期,317300001017,微积分B（1）,4,必修,高等数学（第七版·上/下册）,同济大学数学系,第7版,高等教育出版社,,公共课已匹配
经济管理学院,人力资源管理,第1学期,317300001008,人工智能应用基础,2,必修,人工智能基础（通识）,大学计算机课程教指委,最新版,高等教育出版社,,公共课已匹配
经济管理学院,人力资源管理,第1学期,317300001009,人工智能应用基础实验,1,必修,人工智能基础（通识）,大学计算机课程教指委,最新版,高等教育出版社,,公共课已匹配
经济管理学院,人力资源管理,第1学期,202300008001,大学生心理素质拓展,1,必修,大学生心理健康教育,郑日昌,最新版,高等教育出版社,,公共课已匹配
经济管理学院,人力资源管理,第1学期,9093009905,军事技能,2,必修,军事训练教程,教育部军委国防动员部,2023版,高等教育出版社,,公共课已匹配
经济管理学院,人力资源管理,第1学期,306300007136,微观经济学,4,必修,,,,,,待查教学大纲（专业课）
经济管理学院,人力资源管理,1,,外语类课程,,必修类别,新视野大学英语（第三版·读写教程）,郑树棠,第3版,外语教学与研究出版社,,公共课已匹配
经济管理学院,人力资源管理,1,,体育类课程,,必修类别,大学体育（教材）,本校编,最新版,校本教材,,公共课已匹配
经济管理学院,人力资源管理,第2学期,3143009003,中国近现代史纲要,3,必修,中国近现代史纲要（2023年版）,本书编写组,2023年版,高等教育出版社,,公共课已匹配
经济管理学院,人力资源管理,第2学期,317300001018,微积分B（2）,4,必修,高等数学（第七版·上/下册）,同济大学数学系,第7版,高等教育出版社,,公共课已匹配
经济管理学院,人力资源管理,第2学期,317400001004,线性代数与线性规划,4,必修,线性代数（第六版）,同济大学数学系,第6版,高等教育出版社,9787040396632,公共课已匹配
经济管理学院,人力资源管理,第2学期,307300007045,写作与沟通,1,必修,写作与沟通,马工程/本校编,最新版,高等教育出版社,,公共课已匹配
经济管理学院,人力资源管理,第2学期,202300006005,大学生心理发展与指导,1,必修,大学生心理健康教育,郑日昌,最新版,高等教育出版社,,公共课已匹配
经济管理学院,人力资源管理,第2学期,306300007137,管理学,3,必修,,,,,,待查教学大纲（专业课）
经济管理学院,人力资源管理,第2学期,306300007133,经济思想史,2,必修,,,,,,待查教学大纲（专业课）
经济管理学院,人力资源管理,第2学期,3143009104,形势与政策（一）,1,必修,形势与政策（最新版）,教育部组编,每年更新,高等教育出版社,,公共课已匹配
经济管理学院,人力资源管理,2,,外语类课程,,必修类别,新视野大学英语（第三版·读写教程）,郑树棠,第3版,外语教学与研究出版社,,公共课已匹配
经济管理学院,人力资源管理,2,,体育类课程,,必修类别,大学体育（教材）,本校编,最新版,校本教材,,公共课已匹配
经济管理学院,人力资源管理,第3学期,314300001007,马克思主义基本原理,3,必修,马克思主义基本原理（2023年版）,本书编写组,2023年版,高等教育出版社,,公共课已匹配
经济管理学院,人力资源管理,第3学期,317300001015,概率论,2,必修,概率论与数理统计（第五版）,盛骤 谢式千,第5版,高等教育出版社,9787040384876,公共课已匹配
经济管理学院,人力资源管理,第3学期,306300007132,统计学,4,必修,,,,,,待查教学大纲（专业课）
经济管理学院,人力资源管理,第3学期,306300007005,市场营销学,3,必修,,,,,,待查教学大纲（专业课）
经济管理学院,人力资源管理,第3学期,306300007134,会计学,3,必修,,,,,,待查教学大纲（专业课）
经济管理学院,人力资源管理,第3学期,306300007140,组织行为学,2,必修,,,,,,待查教学大纲（专业课）
经济管理学院,人力资源管理,第3学期,306300007147,管理思想史,2,必修,,,,,,待查教学大纲（专业课）
经济管理学院,人力资源管理,3,,外语类课程,,必修类别,新视野大学英语（第三版·读写教程）,郑树棠,第3版,外语教学与研究出版社,,公共课已匹配
经济管理学院,人力资源管理,3,,体育类课程,,必修类别,大学体育（教材）,本校编,最新版,校本教材,,公共课已匹配
经济管理学院,人力资源管理,第4学期,314300001008,3社会主义理论体系概论,3,必修,,,,,,待查教学大纲（专业课）
经济管理学院,人力资源管理,第4学期,314300001009,3社会主义思想概论,3,必修,,,,,,待查教学大纲（专业课）
经济管理学院,人力资源管理,第4学期,306300007004,计量经济学,3,必修,,,,,,待查教学大纲（专业课）
经济管理学院,人力资源管理,第4学期,306300007168,组织理论与组织设计,3,必修,,,,,,待查教学大纲（专业课）
经济管理学院,人力资源管理,第4学期,306300007166,数智化人力资源管理（实验）,2,必修,,,,,,待查教学大纲（专业课）
经济管理学院,人力资源管理,第4学期,306300007019,人力资源管理,3,必修,,,,,,待查教学大纲（专业课）
经济管理学院,人力资源管理,第4学期,9093009903,社会实践13周，暑假进行,3,必修,,,,,,待查教学大纲（专业课）
经济管理学院,人力资源管理,4,,外语类课程,,必修类别,新视野大学英语（第三版·读写教程）,郑树棠,第3版,外语教学与研究出版社,,公共课已匹配
经济管理学院,人力资源管理,4,,体育类课程,,必修类别,大学体育（教材）,本校编,最新版,校本教材,,公共课已匹配
经济管理学院,人力资源管理,第5学期,306300007170,人才素质测评（实训）,3,必修,,,,,,待查教学大纲（专业课）
经济管理学院,人力资源管理,第5学期,306300007169,绩效薪酬管理,4,必修,,,,,,待查教学大纲（专业课）
经济管理学院,人力资源管理,第5学期,306300007167,管理学研究方法A,3,必修,,,,,,待查教学大纲（专业课）
经济管理学院,人力资源管理,第5学期,306300008041,管理学研究方法实验A,1,必修,,,,,,待查教学大纲（专业课）
经济管理学院,人力资源管理,第5学期,306300007171,人才管理与开发,3,必修,,,,,,待查教学大纲（专业课）
经济管理学院,人力资源管理,第5学期,306300008030,猎头业务实训,1,必修,,,,,,待查教学大纲（专业课）
经济管理学院,人力资源管理,第6学期,306300007172,劳动法与员工关系管理,3,必修,,,,,,待查教学大纲（专业课）
经济管理学院,人力资源管理,第6学期,306300008029,数智化人力资源管理综合实训,1,必修,,,,,,待查教学大纲（专业课）
经济管理学院,人力资源管理,第6学期,306300008031,组织与人力资源管理文献阅读,1,必修,,,,,,待查教学大纲（专业课）
经济管理学院,人力资源管理,第7学期,3063009902,毕业实习,2,必修,,,,,,待查教学大纲（专业课）
经济管理学院,人力资源管理,第8学期,3143009105,形势与政策（二）,1,必修,形势与政策（最新版）,教育部组编,每年更新,高等教育出版社,,公共课已匹配
经济管理学院,人力资源管理,第8学期,3063009919,毕业论文（设计）,6,必修,,,,,,待查教学大纲（专业课）
经济管理学院,人力资源管理,第8学期,3143009003,3484262马院OutlineofModernChineseHistory,2,必修,,,,,,待查教学大纲（专业课）
经济管理学院,人力资源管理,第8学期,314300001006,3484261马院IdeologyMoralityandRuleofLaw,1,必修,,,,,,待查教学大纲（专业课）
经济管理学院,人力资源管理,第8学期,314300001008,BasicTheoryofMaoZedong3484084马院,4,必修,,,,,,待查教学大纲（专业课）
经济管理学院,人力资源管理,第8学期,314300001009,BasicTheoryofXiJinpingThought3484084马院,4,必修,,,,,,待查教学大纲（专业课）
经济管理学院,人力资源管理,第8学期,314300001007,3484263马院BasicKnowledgeofMarxism,3,必修,,,,,,待查教学大纲（专业课）
经济管理学院,人力资源管理,第8学期,3143009104,116161-2马院SituationandPolicyEducation（Ⅰ）,2,必修,,,,,,待查教学大纲（专业课）
经济管理学院,人力资源管理,8,,体育类课程必修，实行选项制，一、二年级要求每学期修满1,,必修类别,大学体育（教材）,本校编,最新版,校本教材,,公共课已匹配
经济管理学院,人力资源管理,8,,体育类课程教学详见《华中农业大学体育教学改革实施方案》。,,必修类别,大学体育（教材）,本校编,最新版,校本教材,,公共课已匹配
经济管理学院,人力资源管理,第8学期,307300007045,116161工学FoundationforEngineering,1,必修,,,,,,待查教学大纲（专业课）
经济管理学院,人力资源管理,第8学期,9093009904,232321MilitaryTheory生院,1,必修,,,,,,待查教学大纲（专业课）
经济管理学院,人力资源管理,第8学期,9093009774,InnovationandEntrepreneurship116161生院,1,必修,,,,,,待查教学大纲（专业课）
经济管理学院,人力资源管理,第8学期,3113009824,116161/2文法WritingandCommunication,2,必修,,,,,,待查教学大纲（专业课）
经济管理学院,人力资源管理,第8学期,202300006005,PsychologicalDevelopmentand116162生院,2,必修,,,,,,待查教学大纲（专业课）
经济管理学院,人力资源管理,第8学期,3013009703,232323植科IntroductiontoAgronomy,3,必修,,,,,,待查教学大纲（专业课）
经济管理学院,人力资源管理,第8学期,317300001017,微积分B（1）464641信息CalculusB（1）,1,必修,高等数学（第七版·上/下册）,同济大学数学系,第7版,高等教育出版社,,公共课已匹配
经济管理学院,人力资源管理,第8学期,317300001018,微积分B（2）464642信息CalculusB（2）,2,必修,高等数学（第七版·上/下册）,同济大学数学系,第7版,高等教育出版社,,公共课已匹配
经济管理学院,人力资源管理,第8学期,317400001004,464642信息LinearAlgebraandProgramming,2,必修,,,,,,待查教学大纲（专业课）
经济管理学院,人力资源管理,第8学期,317300001015,232323信息Probability,3,必修,,,,,,待查教学大纲（专业课）
经济管理学院,人力资源管理,第8学期,306300007132,464643经管StatisticsTheory,3,必修,,,,,,待查教学大纲（专业课）
经济管理学院,人力资源管理,第8学期,317300001008,FundamentalsofArtificial232321信息,1,必修,,,,,,待查教学大纲（专业课）
经济管理学院,人力资源管理,第8学期,317300001009,ExperimentsontheFundamentalsof130301信息,1,必修,,,,,,待查教学大纲（专业课）
经济管理学院,人力资源管理,第8学期,306300007155,MachineLearningand348484经管,4,必修,,,,,,待查教学大纲（专业课）
经济管理学院,人力资源管理,第8学期,306300007147,232326经管HistoryofManagementThought,6,必修,,,,,,待查教学大纲（专业课）
经济管理学院,人力资源管理,第8学期,306300007133,232326经管HistoryofEconomicThought,6,必修,,,,,,待查教学大纲（专业课）
经济管理学院,人力资源管理,第8学期,306300007027,232325经管ComputationalEconomics,5,必修,,,,,,待查教学大纲（专业课）
经济管理学院,人力资源管理,第8学期,306300007136,464641经管Microeconomics,1,必修,,,,,,待查教学大纲（专业课）
经济管理学院,人力资源管理,第8学期,306300007137,348483经管PrinciplesofManagement,3,必修,,,,,,待查教学大纲（专业课）
经济管理学院,人力资源管理,第8学期,306300007004,348484经管Econometrics,4,必修,,,,,,待查教学大纲（专业课）
经济管理学院,人力资源管理,第8学期,306300007138,58060205经管ResearchMethodsinEconomics,5,必修,,,,,,待查教学大纲（专业课）
经济管理学院,人力资源管理,第8学期,306300007139,464642经管Macroeconomics,2,必修,,,,,,待查教学大纲（专业课）
经济管理学院,人力资源管理,第8学期,306300007151,46448163经管MarketingResearchandForecasting,3,必修,,,,,,待查教学大纲（专业课）
经济管理学院,人力资源管理,第8学期,306300007134,348484经管Accounting,4,必修,,,,,,待查教学大纲（专业课）
经济管理学院,人力资源管理,第8学期,306300007135,348485经管PoliticalEconomics,5,必修,,,,,,待查教学大纲（专业课）
经济管理学院,人力资源管理,第8学期,306300007152,348484经管NationalEconomicStatistics,4,必修,,,,,,待查教学大纲（专业课）
经济管理学院,人力资源管理,第8学期,306300007153,348485经管MultivariateAnalysis,5,必修,,,,,,待查教学大纲（专业课）
经济管理学院,人力资源管理,第8学期,306300007154,34832165经管TimeSerialAnalysis,5,必修,,,,,,待查教学大纲（专业课）
经济管理学院,人力资源管理,第8学期,317300007005,47254184信息DataStructureandAlgorithms,4,必修,,,,,,待查教学大纲（专业课）
经济管理学院,人力资源管理,第8学期,306300007063,232324经管AcademicSkills,4,必修,,,,,,待查教学大纲（专业课）
经济管理学院,人力资源管理,第8学期,317300007094,2.54832164信息MathematicalModelingandExperiment,4,必修,,,,,,待查教学大纲（专业课）
经济管理学院,人力资源管理,第8学期,306300007099,348484经管EnterpriseEconomicStatistics,4,必修,,,,,,待查教学大纲（专业课）
经济管理学院,人力资源管理,第8学期,3173009067,232325信息IntroductiontoArtificialIntelligence,5,必修,,,,,,待查教学大纲（专业课）
经济管理学院,人力资源管理,第8学期,3063009512,232325经管BusinessDataMining,5,必修,,,,,,待查教学大纲（专业课）
经济管理学院,人力资源管理,第8学期,3063009495,348485经管AgriculturalStatistics,5,必修,,,,,,待查教学大纲（专业课）
经济管理学院,人力资源管理,第8学期,3063009474,STATA应用220206经管STATAApplication,6,必修,,,,,,待查教学大纲（专业课）
经济管理学院,人力资源管理,第8学期,3063009475,STATA应用实验130306经管STATAApplication,6,必修,,,,,,待查教学大纲（专业课）
经济管理学院,人力资源管理,第8学期,3063009237,232326经管ManagementOperationalResearch,6,必修,,,,,,待查教学大纲（专业课）
经济管理学院,人力资源管理,第8学期,306300007115,232325经管DigitalEconomy,5,必修,,,,,,待查教学大纲（专业课）
经济管理学院,人力资源管理,第8学期,3063009540,348485经管Finance,5,必修,,,,,,待查教学大纲（专业课）
经济管理学院,人力资源管理,第8学期,306300007047,348484经管PublicFinance,4,必修,,,,,,待查教学大纲（专业课）
经济管理学院,人力资源管理,第8学期,306300007046,348485经管IndustrialEconomics,5,必修,,,,,,待查教学大纲（专业课）
经济管理学院,人力资源管理,第8学期,306300007148,BehavioralandExperimental46448165经管,5,必修,,,,,,待查教学大纲（专业课）
经济管理学院,人力资源管理,第8学期,3063009184,232327经管AgriculturalPolicyStudy,7,必修,,,,,,待查教学大纲（专业课）
经济管理学院,人力资源管理,第8学期,3062009166,232325经管Ago-technicalEconomics,5,必修,,,,,,待查教学大纲（专业课）
经济管理学院,人力资源管理,第8学期,306300007053,348484经管ContemporaryChina’sEconomy,4,必修,,,,,,待查教学大纲（专业课）
经济管理学院,人力资源管理,第8学期,3063009153,232325经管LaborEconomics,5,必修,,,,,,待查教学大纲（专业课）
经济管理学院,人力资源管理,第8学期,3063009540,348485经管Finance,5,必修,,,,,,待查教学大纲（专业课）
经济管理学院,人力资源管理,第8学期,3063009476,232326经管FoodEconomics,6,必修,,,,,,待查教学大纲（专业课）
经济管理学院,人力资源管理,第8学期,306300007052,348486经管SelectedReadingonCapital,6,必修,,,,,,待查教学大纲（专业课）
经济管理学院,人力资源管理,第8学期,306300007150,232326经管FuturesMarketTheory,6,必修,,,,,,待查教学大纲（专业课）
经济管理学院,人力资源管理,第8学期,306300008026,130306经管PracticeofFuturesMarket,6,必修,,,,,,待查教学大纲（专业课）
经济管理学院,人力资源管理,第8学期,3063009184,232327经管AgriculturalPolicyStudy,7,必修,,,,,,待查教学大纲（专业课）
经济管理学院,人力资源管理,第8学期,3063009494,348485经管EconomicsofDevelopment,5,必修,,,,,,待查教学大纲（专业课）
经济管理学院,人力资源管理,第8学期,3063009477,232327经管RegionalEconomics,7,必修,,,,,,待查教学大纲（专业课）
经济管理学院,人力资源管理,第8学期,3063009189,232327经管NewInstitutionEconomics,7,必修,,,,,,待查教学大纲（专业课）
经济管理学院,人力资源管理,第8学期,3063009174,348487经管TradeEconomics,7,必修,,,,,,待查教学大纲（专业课）
经济管理学院,人力资源管理,第8学期,311300007170,232325文法EconomicLaw,5,必修,,,,,,待查教学大纲（专业课）
经济管理学院,人力资源管理,第8学期,3063009106,232325经管StockEconomics,5,必修,,,,,,待查教学大纲（专业课）
经济管理学院,人力资源管理,第8学期,3063009172,232325经管PrinciplesofInsurance,5,必修,,,,,,待查教学大纲（专业课）
经济管理学院,人力资源管理,第8学期,3063009188,232326经管IntroductiononChineseForeignTrade,6,必修,,,,,,待查教学大纲（专业课）
经济管理学院,人力资源管理,第8学期,306300007149,232325经管InvestmentsTheory,5,必修,,,,,,待查教学大纲（专业课）
经济管理学院,人力资源管理,第8学期,306300008023,130305经管InvestmentsPractice,5,必修,,,,,,待查教学大纲（专业课）
经济管理学院,人力资源管理,第8学期,306300007019,348484经管HumanResourceManagement,4,必修,,,,,,待查教学大纲（专业课）
经济管理学院,人力资源管理,第8学期,306300007142,232325经管LogisticsandSupplyChainManagement,5,必修,,,,,,待查教学大纲（专业课）
经济管理学院,人力资源管理,第8学期,3063009116,财务管理B348486经管FinanceManagement,6,必修,,,,,,待查教学大纲（专业课）
经济管理学院,人力资源管理,第8学期,306300007012,348486经管StrategicManagement,6,必修,,,,,,待查教学大纲（专业课）
经济管理学院,人力资源管理,第8学期,3063009209,232327经管QualityManagement,7,必修,,,,,,待查教学大纲（专业课）
经济管理学院,人力资源管理,第8学期,3063009370,348487经管OrganizationalBehavior,7,必修,,,,,,待查教学大纲（专业课）
经济管理学院,人力资源管理,第8学期,306300007005,348487经管Marketing,7,必修,,,,,,待查教学大纲（专业课）
经济管理学院,人力资源管理,第8学期,3063009161,232325经管ProjectAppraisal,5,必修,,,,,,待查教学大纲（专业课）
经济管理学院,人力资源管理,第8学期,306300007103,232325经管ScienceandArtofLeadership,5,必修,,,,,,待查教学大纲（专业课）
经济管理学院,人力资源管理,第8学期,306300007041,348486经管ElectronicCommerce,6,必修,,,,,,待查教学大纲（专业课）
经济管理学院,人力资源管理,第8学期,3063009191,EconomicActivityAnalysis232326经管,6,必修,,,,,,待查教学大纲（专业课）
经济管理学院,人力资源管理,第8学期,3063009190,232326经管CommercialNegotiation,6,必修,,,,,,待查教学大纲（专业课）
经济管理学院,人力资源管理,第8学期,3063009368,348486经管OperationManagement,6,必修,,,,,,待查教学大纲（专业课）
经济管理学院,人力资源管理,第8学期,3063009446,232327经管Cross-CultureManagement,7,必修,,,,,,待查教学大纲（专业课）
经济管理学院,人力资源管理,第8学期,306300007007,348487经管EnterpriseManagement,7,必修,,,,,,待查教学大纲（专业课）
经济管理学院,人力资源管理,第8学期,3063009527,464644经管IntermediateMicroeconomics,4,必修,,,,,,待查教学大纲（专业课）
经济管理学院,人力资源管理,第8学期,306300007008,348485经管IntermediateMacroeconomics,5,必修,,,,,,待查教学大纲（专业课）
经济管理学院,人力资源管理,第8学期,3063009542,232325经管GameTheory,5,必修,,,,,,待查教学大纲（专业课）
经济管理学院,人力资源管理,第8学期,315300007010,2322486公管SpatialInformationSystem,6,必修,,,,,,待查教学大纲（专业课）
经济管理学院,人力资源管理,第8学期,3013009391,ResearchProgressof232327植科,7,必修,,,,,,待查教学大纲（专业课）
经济管理学院,人力资源管理,第8学期,9093009905,231Militaryskills生院,1,必修,,,,,,待查教学大纲（专业课）
经济管理学院,人力资源管理,第8学期,9093009906,Innovationand11-7生院,7,必修,,,,,,待查教学大纲（专业课）
经济管理学院,人力资源管理,第8学期,202300008001,ThePracticeofMentalHealth1301生院,1,必修,,,,,,待查教学大纲（专业课）
经济管理学院,人力资源管理,第8学期,3143009105,SituationandPolicy1303-8马院,8,必修,,,,,,待查教学大纲（专业课）
经济管理学院,人力资源管理,第8学期,9093009903,114团委SocialPractice,4,必修,,,,,,待查教学大纲（专业课）
经济管理学院,人力资源管理,第8学期,110300008001,1301-7团委VolunteerService,7,必修,,,,,,待查教学大纲（专业课）
经济管理学院,人力资源管理,第8学期,110300008002,11-7团委AestheticPractice,7,必修,,,,,,待查教学大纲（专业课）
经济管理学院,人力资源管理,第8学期,306300007098,126经管Literaturereading,6,必修,,,,,,待查教学大纲（专业课）
经济管理学院,人力资源管理,第8学期,306300008028,SubjectPracticeof246经管,6,必修,,,,,,待查教学大纲（专业课）
经济管理学院,人力资源管理,第8学期,3063009902,247-8经管GraduationPractice,8,必修,,,,,,待查教学大纲（专业课）
经济管理学院,人力资源管理,第8学期,3063009919,6127-8经管GraduationThesis,8,必修,,,,,,待查教学大纲（专业课）
经济管理学院,经济统计学,第1学期,314300001006,思想道德与法治,3,必修,思想道德与法治（2023年版）,本书编写组,2023年版,高等教育出版社,,公共课已匹配
经济管理学院,经济统计学,第1学期,307300007045,工程基础,1,必修,,,,,,待查教学大纲（专业课）
经济管理学院,经济统计学,第1学期,9093009904,军事理论,2,必修,军事理论课教程,教育部军委国防动员部,2023版,高等教育出版社,,公共课已匹配
经济管理学院,经济统计学,第1学期,9093009774,大学生创新创业基础,1,必修,大学生创新创业基础,本校编,最新版,高等教育出版社,,公共课已匹配
经济管理学院,经济统计学,第1学期,317300001017,微积分B（1）,4,必修,高等数学（第七版·上/下册）,同济大学数学系,第7版,高等教育出版社,,公共课已匹配
经济管理学院,经济统计学,第1学期,317300001008,人工智能应用基础,2,必修,人工智能基础（通识）,大学计算机课程教指委,最新版,高等教育出版社,,公共课已匹配
经济管理学院,经济统计学,第1学期,317300001009,人工智能应用基础实验,1,必修,人工智能基础（通识）,大学计算机课程教指委,最新版,高等教育出版社,,公共课已匹配
经济管理学院,经济统计学,第1学期,202300008001,大学生心理素质拓展,1,必修,大学生心理健康教育,郑日昌,最新版,高等教育出版社,,公共课已匹配
经济管理学院,经济统计学,第1学期,9093009905,军事技能,2,必修,军事训练教程,教育部军委国防动员部,2023版,高等教育出版社,,公共课已匹配
经济管理学院,经济统计学,第1学期,306300007136,微观经济学,4,必修,,,,,,待查教学大纲（专业课）
经济管理学院,经济统计学,1,,外语类课程,,必修类别,新视野大学英语（第三版·读写教程）,郑树棠,第3版,外语教学与研究出版社,,公共课已匹配
经济管理学院,经济统计学,1,,体育类课程,,必修类别,大学体育（教材）,本校编,最新版,校本教材,,公共课已匹配
经济管理学院,经济统计学,第2学期,3143009003,中国近现代史纲要,3,必修,中国近现代史纲要（2023年版）,本书编写组,2023年版,高等教育出版社,,公共课已匹配
经济管理学院,经济统计学,第2学期,202300006005,大学生心理发展与指导,1,必修,大学生心理健康教育,郑日昌,最新版,高等教育出版社,,公共课已匹配
经济管理学院,经济统计学,第2学期,317300001018,微积分B（2）,4,必修,高等数学（第七版·上/下册）,同济大学数学系,第7版,高等教育出版社,,公共课已匹配
经济管理学院,经济统计学,第2学期,317400001004,线性代数与线性规划,4,必修,线性代数（第六版）,同济大学数学系,第6版,高等教育出版社,9787040396632,公共课已匹配
经济管理学院,经济统计学,第2学期,3113009824,写作与沟通,1,必修,写作与沟通,马工程/本校编,最新版,高等教育出版社,,公共课已匹配
经济管理学院,经济统计学,第2学期,306300007139,宏观经济学,4,必修,,,,,,待查教学大纲（专业课）
经济管理学院,经济统计学,第2学期,3143009104,形势与政策（一）,1,必修,形势与政策（最新版）,教育部组编,每年更新,高等教育出版社,,公共课已匹配
经济管理学院,经济统计学,2,,外语类课程,,必修类别,新视野大学英语（第三版·读写教程）,郑树棠,第3版,外语教学与研究出版社,,公共课已匹配
经济管理学院,经济统计学,2,,体育类课程,,必修类别,大学体育（教材）,本校编,最新版,校本教材,,公共课已匹配
经济管理学院,经济统计学,第3学期,314300001007,马克思主义基本原理,3,必修,马克思主义基本原理（2023年版）,本书编写组,2023年版,高等教育出版社,,公共课已匹配
经济管理学院,经济统计学,第3学期,306300007151,市场调查与预测,4,必修,,,,,,待查教学大纲（专业课）
经济管理学院,经济统计学,第3学期,317300001015,概率论,2,必修,概率论与数理统计（第五版）,盛骤 谢式千,第5版,高等教育出版社,9787040384876,公共课已匹配
经济管理学院,经济统计学,第3学期,306300007132,统计学,4,必修,,,,,,待查教学大纲（专业课）
经济管理学院,经济统计学,第3学期,306300007137,管理学,3,必修,,,,,,待查教学大纲（专业课）
经济管理学院,经济统计学,第3学期,3013009703,农学概论,2,必修,,,,,,待查教学大纲（专业课）
经济管理学院,经济统计学,3,,外语类课程,,必修类别,新视野大学英语（第三版·读写教程）,郑树棠,第3版,外语教学与研究出版社,,公共课已匹配
经济管理学院,经济统计学,3,,体育类课程,,必修类别,大学体育（教材）,本校编,最新版,校本教材,,公共课已匹配
经济管理学院,经济统计学,第4学期,314300001008,3社会主义理论体系概论,3,必修,,,,,,待查教学大纲（专业课）
经济管理学院,经济统计学,第4学期,314300001009,3社会主义思想概论,3,必修,,,,,,待查教学大纲（专业课）
经济管理学院,经济统计学,第4学期,306300007134,会计学,3,必修,,,,,,待查教学大纲（专业课）
经济管理学院,经济统计学,第4学期,306300007004,计量经济学,3,必修,,,,,,待查教学大纲（专业课）
经济管理学院,经济统计学,第4学期,306300007129,机器学习与经济大数据分析,3,必修,,,,,,待查教学大纲（专业课）
经济管理学院,经济统计学,第4学期,306300007152,国民经济核算,3,必修,,,,,,待查教学大纲（专业课）
经济管理学院,经济统计学,第4学期,9093009903,社会实践,1,必修,,,,,,待查教学大纲（专业课）
经济管理学院,经济统计学,4,,外语类课程,,必修类别,新视野大学英语（第三版·读写教程）,郑树棠,第3版,外语教学与研究出版社,,公共课已匹配
经济管理学院,经济统计学,4,,体育类课程,,必修类别,大学体育（教材）,本校编,最新版,校本教材,,公共课已匹配
经济管理学院,经济统计学,第5学期,306300007153,多元统计学,3,必修,,,,,,待查教学大纲（专业课）
经济管理学院,经济统计学,第5学期,306300007135,政治经济学,3,必修,,,,,,待查教学大纲（专业课）
经济管理学院,经济统计学,第5学期,306300007138,经济学研究方法,5,必修,,,,,,待查教学大纲（专业课）
经济管理学院,经济统计学,第5学期,306300007154,时间序列分析,3,必修,,,,,,待查教学大纲（专业课）
经济管理学院,经济统计学,第6学期,306300007098,专业文献阅读,1,必修,,,,,,待查教学大纲（专业课）
经济管理学院,经济统计学,第6学期,306300008028,经济统计学教学实习,2,必修,,,,,,待查教学大纲（专业课）
经济管理学院,经济统计学,第6学期,306300007133,经济思想史,2,必修,,,,,,待查教学大纲（专业课）
经济管理学院,经济统计学,第6学期,306300007147,管理思想史,2,必修,,,,,,待查教学大纲（专业课）
经济管理学院,经济统计学,第7学期,3063009902,毕业实习,2,必修,,,,,,待查教学大纲（专业课）
经济管理学院,经济统计学,第8学期,3063009919,毕业论文（设计）,6,必修,,,,,,待查教学大纲（专业课）
经济管理学院,经济统计学,第8学期,3143009105,形势与政策（二）,1,必修,形势与政策（最新版）,教育部组编,每年更新,高等教育出版社,,公共课已匹配
经济管理学院,经济统计学,第8学期,3143009003,3484262马院OutlineofModernChineseHistory,2,必修,,,,,,待查教学大纲（专业课）
经济管理学院,经济统计学,第8学期,314300001006,3484261马院IdeologyMoralityandRuleofLaw,1,必修,,,,,,待查教学大纲（专业课）
经济管理学院,经济统计学,第8学期,314300001008,BasicTheoryofMaoZedong3484084马院,4,必修,,,,,,待查教学大纲（专业课）
经济管理学院,经济统计学,第8学期,314300001009,BasicTheoryofXiJinpingThought3484084马院,4,必修,,,,,,待查教学大纲（专业课）
经济管理学院,经济统计学,第8学期,314300001007,3484263马院BasicKnowledgeofMarxism,3,必修,,,,,,待查教学大纲（专业课）
经济管理学院,经济统计学,第8学期,3143009104,116161-2马院SituationandPolicyEducation（Ⅰ）,2,必修,,,,,,待查教学大纲（专业课）
经济管理学院,经济统计学,8,,体育类课程必修，实行选项制，一、二年级要求每学期修满1,,必修类别,大学体育（教材）,本校编,最新版,校本教材,,公共课已匹配
经济管理学院,经济统计学,8,,体育类课程教学详见《华中农业大学体育教学改革实施方案》。,,必修类别,大学体育（教材）,本校编,最新版,校本教材,,公共课已匹配
经济管理学院,经济统计学,第8学期,307300007045,116161工学FoundationforEngineering,1,必修,,,,,,待查教学大纲（专业课）
经济管理学院,经济统计学,第8学期,9093009904,232321MilitaryTheory生院,1,必修,,,,,,待查教学大纲（专业课）
经济管理学院,经济统计学,第8学期,9093009774,InnovationandEntrepreneurship116161生院,1,必修,,,,,,待查教学大纲（专业课）
经济管理学院,经济统计学,第8学期,3113009824,116161/2文法WritingandCommunication,2,必修,,,,,,待查教学大纲（专业课）
经济管理学院,经济统计学,第8学期,202300006005,PsychologicalDevelopmentand116162生院,2,必修,,,,,,待查教学大纲（专业课）
经济管理学院,经济统计学,第8学期,317300001017,微积分B（1）464641信息CalculusB（1）,1,必修,高等数学（第七版·上/下册）,同济大学数学系,第7版,高等教育出版社,,公共课已匹配
经济管理学院,经济统计学,第8学期,317300001018,微积分B（2）464642信息CalculusB（2）,2,必修,高等数学（第七版·上/下册）,同济大学数学系,第7版,高等教育出版社,,公共课已匹配
经济管理学院,经济统计学,第8学期,317400001004,464642信息LinearAlgebraandProgramming,2,必修,,,,,,待查教学大纲（专业课）
经济管理学院,经济统计学,第8学期,317300001015,232323信息Probability,3,必修,,,,,,待查教学大纲（专业课）
经济管理学院,经济统计学,第8学期,306300007132,464643经管StatisticsTheory,3,必修,,,,,,待查教学大纲（专业课）
经济管理学院,经济统计学,第8学期,317300001008,FundamentalsofArtificial232321信息,1,必修,,,,,,待查教学大纲（专业课）
经济管理学院,经济统计学,第8学期,317300001009,ExperimentsontheFundamentals130301信息,1,必修,,,,,,待查教学大纲（专业课）
经济管理学院,经济统计学,第8学期,306300007199,TheoryandMethodsofBigData34832166经管,6,必修,,,,,,待查教学大纲（专业课）
经济管理学院,经济统计学,第8学期,306300007147,232322经管HistoryofManagementThought,2,必修,,,,,,待查教学大纲（专业课）
经济管理学院,经济统计学,第8学期,306300007133,232322经管HistoryofEconomicThought,2,必修,,,,,,待查教学大纲（专业课）
经济管理学院,经济统计学,第8学期,3173009177,C++语言程序设计232322信息C++ProgrammingLanguage,2,必修,,,,,,待查教学大纲（专业课）
经济管理学院,经济统计学,第8学期,306300007136,464641经管Microeconomics,1,必修,,,,,,待查教学大纲（专业课）
经济管理学院,经济统计学,第8学期,306300007137,348483经管PrinciplesofManagement,3,必修,,,,,,待查教学大纲（专业课）
经济管理学院,经济统计学,第8学期,306300007004,348484经管Econometrics,4,必修,,,,,,待查教学大纲（专业课）
经济管理学院,经济统计学,第8学期,306300007202,ApplicationsforData-driven348484经管,4,必修,,,,,,待查教学大纲（专业课）
经济管理学院,经济统计学,第8学期,317300007005,47254183信息DataStructureandAlgorithms,3,必修,,,,,,待查教学大纲（专业课）
经济管理学院,经济统计学,第8学期,306300007196,348484经管OperationsResearch,4,必修,,,,,,待查教学大纲（专业课）
经济管理学院,经济统计学,第8学期,306300007198,34828206经管BigDataGovernanceandEthics,6,必修,,,,,,待查教学大纲（专业课）
经济管理学院,经济统计学,第8学期,306300007134,348483经管Accounting,3,必修,,,,,,待查教学大纲（专业课）
经济管理学院,经济统计学,第8学期,306300007203,348484经管DigitalandIntelligentSupplyChain,4,必修,,,,,,待查教学大纲（专业课）
经济管理学院,经济统计学,第8学期,306300007200,34828205经管FundamentalsofBigDataTechnology,5,必修,,,,,,待查教学大纲（专业课）
经济管理学院,经济统计学,第8学期,306300007142,34824245经管IntelligentDigitalMarketing,5,必修,,,,,,待查教学大纲（专业课）
经济管理学院,经济统计学,第8学期,306300007204,34828205经管EconometricAnalysisofBigData,5,必修,,,,,,待查教学大纲（专业课）
经济管理学院,经济统计学,第8学期,317300007037,23216164信息NeuralnetworkandDeepLeaning,4,必修,,,,,,待查教学大纲（专业课）
经济管理学院,经济统计学,第8学期,317300007024,JAVA语言程序设计24424204信息JAVAProgramming,4,必修,,,,,,待查教学大纲（专业课）
经济管理学院,经济统计学,第8学期,317300007063,SocialNetworkDataAnalysis24024165信息,5,必修,,,,,,待查教学大纲（专业课）
经济管理学院,经济统计学,第8学期,306300007210,24024166经管Bigdatavisualization,6,必修,,,,,,待查教学大纲（专业课）
经济管理学院,经济统计学,第8学期,317300007061,24024166信息IntroductiontoBlockchain,6,必修,,,,,,待查教学大纲（专业课）
经济管理学院,经济统计学,第8学期,317300007038,NaturalLanguageProcessingand24024166信息,6,必修,,,,,,待查教学大纲（专业课）
经济管理学院,经济统计学,第8学期,315300007107,232326公管CustomerRelationshipManagement,6,必修,,,,,,待查教学大纲（专业课）
经济管理学院,经济统计学,第8学期,3063009414,企业资源计划B116167公管EnterpriseResourcePlanningB,7,必修,,,,,,待查教学大纲（专业课）
经济管理学院,经济统计学,第8学期,3063009367,TheExperimentofEnterprise124247公管,7,必修,,,,,,待查教学大纲（专业课）
经济管理学院,经济统计学,第8学期,3063009338,管理信息系统B348486经管ManagementInformationSystemB,6,必修,,,,,,待查教学大纲（专业课）
经济管理学院,经济统计学,第8学期,306300007012,348485经管StrategicManagement,5,必修,,,,,,待查教学大纲（专业课）
经济管理学院,经济统计学,第8学期,306300007008,348485经管IntermediateMacroeconomics,5,必修,,,,,,待查教学大纲（专业课）
经济管理学院,经济统计学,第8学期,3063009527,464644经管IntermediateMicroeconomics,4,必修,,,,,,待查教学大纲（专业课）
经济管理学院,经济统计学,第8学期,3063009442,332324经管Marketpredictionanddecision,4,必修,,,,,,待查教学大纲（专业课）
经济管理学院,经济统计学,第8学期,3063009209,232325经管Operationmanagement,5,必修,,,,,,待查教学大纲（专业课）
经济管理学院,经济统计学,第8学期,311210003012,232326文法CivilandCommercialLaw,6,必修,,,,,,待查教学大纲（专业课）
经济管理学院,经济统计学,第8学期,317300007094,2.54832167信息MathematicalModelingandExperiment,7,必修,,,,,,待查教学大纲（专业课）
经济管理学院,经济统计学,第8学期,3013009391,ResearchProgressof232327植科,7,必修,,,,,,待查教学大纲（专业课）
经济管理学院,经济统计学,第8学期,306300007077,农产品营销学A232326经管MarkingofAgriculturalProductA,6,必修,,,,,,待查教学大纲（专业课）
经济管理学院,经济统计学,第8学期,9093009905,231Militaryskills生院,1,必修,,,,,,待查教学大纲（专业课）
经济管理学院,经济统计学,第8学期,9093009906,Innovationand11-7生院,7,必修,,,,,,待查教学大纲（专业课）
经济管理学院,经济统计学,第8学期,202300008001,ThePracticeofMentalHealth1301生院,1,必修,,,,,,待查教学大纲（专业课）
经济管理学院,经济统计学,第8学期,3143009105,1303-8马院SituationandPolicyEducation（Ⅱ）,8,必修,,,,,,待查教学大纲（专业课）
经济管理学院,经济统计学,第8学期,9093009903,114团委SocialPractice,4,必修,,,,,,待查教学大纲（专业课）
经济管理学院,经济统计学,第8学期,110300008001,1301-7团委VolunteerService,7,必修,,,,,,待查教学大纲（专业课）
经济管理学院,经济统计学,第8学期,110300008002,11-7团委AestheticPractice,7,必修,,,,,,待查教学大纲（专业课）
经济管理学院,经济统计学,第8学期,306300008032,2326经管BigDataAnalysisProjectPractice,6,必修,,,,,,待查教学大纲（专业课）
经济管理学院,经济统计学,第8学期,306300007217,1166经管,6,必修,,,,,,待查教学大纲（专业课）
经济管理学院,经济统计学,第8学期,3063009902,247-8经管GraduationPractice,8,必修,,,,,,待查教学大纲（专业课）
经济管理学院,经济统计学,第8学期,3063009919,6127-8经管GraduationThesis,8,必修,,,,,,待查教学大纲（专业课）
经济管理学院,大数据管理与应用,第1学期,314300001006,思想道德与法治,3,必修,思想道德与法治（2023年版）,本书编写组,2023年版,高等教育出版社,,公共课已匹配
经济管理学院,大数据管理与应用,第1学期,307300007045,工程基础,1,必修,,,,,,待查教学大纲（专业课）
经济管理学院,大数据管理与应用,第1学期,9093009904,军事理论,2,必修,军事理论课教程,教育部军委国防动员部,2023版,高等教育出版社,,公共课已匹配
经济管理学院,大数据管理与应用,第1学期,9093009774,大学生创新创业基础,1,必修,大学生创新创业基础,本校编,最新版,高等教育出版社,,公共课已匹配
经济管理学院,大数据管理与应用,第1学期,317300001017,微积分B（1）,4,必修,高等数学（第七版·上/下册）,同济大学数学系,第7版,高等教育出版社,,公共课已匹配
经济管理学院,大数据管理与应用,第1学期,317300001008,人工智能应用基础,2,必修,人工智能基础（通识）,大学计算机课程教指委,最新版,高等教育出版社,,公共课已匹配
经济管理学院,大数据管理与应用,第1学期,317300001009,人工智能应用基础实验,1,必修,人工智能基础（通识）,大学计算机课程教指委,最新版,高等教育出版社,,公共课已匹配
经济管理学院,大数据管理与应用,第1学期,202300008001,大学生心理素质拓展,1,必修,大学生心理健康教育,郑日昌,最新版,高等教育出版社,,公共课已匹配
经济管理学院,大数据管理与应用,第1学期,9093009905,军事技能,2,必修,军事训练教程,教育部军委国防动员部,2023版,高等教育出版社,,公共课已匹配
经济管理学院,大数据管理与应用,第1学期,306300007136,微观经济学,4,必修,,,,,,待查教学大纲（专业课）
经济管理学院,大数据管理与应用,1,,外语类课程,,必修类别,新视野大学英语（第三版·读写教程）,郑树棠,第3版,外语教学与研究出版社,,公共课已匹配
经济管理学院,大数据管理与应用,1,,体育类课程,,必修类别,大学体育（教材）,本校编,最新版,校本教材,,公共课已匹配
经济管理学院,大数据管理与应用,第2学期,3143009003,中国近现代史纲要,3,必修,中国近现代史纲要（2023年版）,本书编写组,2023年版,高等教育出版社,,公共课已匹配
经济管理学院,大数据管理与应用,第2学期,202300006005,大学生心理发展与指导,1,必修,大学生心理健康教育,郑日昌,最新版,高等教育出版社,,公共课已匹配
经济管理学院,大数据管理与应用,第2学期,317300001018,微积分B（2）,4,必修,高等数学（第七版·上/下册）,同济大学数学系,第7版,高等教育出版社,,公共课已匹配
经济管理学院,大数据管理与应用,第2学期,317400001004,线性代数与线性规划,4,必修,线性代数（第六版）,同济大学数学系,第6版,高等教育出版社,9787040396632,公共课已匹配
经济管理学院,大数据管理与应用,第2学期,306300007133,经济思想史,2,必修,,,,,,待查教学大纲（专业课）
经济管理学院,大数据管理与应用,第2学期,306300007147,管理思想史,2,必修,,,,,,待查教学大纲（专业课）
经济管理学院,大数据管理与应用,第2学期,3113009824,写作与沟通,1,必修,写作与沟通,马工程/本校编,最新版,高等教育出版社,,公共课已匹配
经济管理学院,大数据管理与应用,第2学期,3173009177,C++语言程序设计,2,必修,,,,,,待查教学大纲（专业课）
经济管理学院,大数据管理与应用,第2学期,3143009104,形势与政策（一）,1,必修,形势与政策（最新版）,教育部组编,每年更新,高等教育出版社,,公共课已匹配
经济管理学院,大数据管理与应用,2,,外语类课程,,必修类别,新视野大学英语（第三版·读写教程）,郑树棠,第3版,外语教学与研究出版社,,公共课已匹配
经济管理学院,大数据管理与应用,2,,体育类课程,,必修类别,大学体育（教材）,本校编,最新版,校本教材,,公共课已匹配
经济管理学院,大数据管理与应用,第3学期,314300001007,马克思主义基本原理,3,必修,马克思主义基本原理（2023年版）,本书编写组,2023年版,高等教育出版社,,公共课已匹配
经济管理学院,大数据管理与应用,第3学期,317300001015,概率论,2,必修,概率论与数理统计（第五版）,盛骤 谢式千,第5版,高等教育出版社,9787040384876,公共课已匹配
经济管理学院,大数据管理与应用,第3学期,306300007132,统计学,4,必修,,,,,,待查教学大纲（专业课）
经济管理学院,大数据管理与应用,第3学期,306300007137,管理学,3,必修,,,,,,待查教学大纲（专业课）
经济管理学院,大数据管理与应用,第3学期,317300007005,数据结构与算法,4,必修,,,,,,待查教学大纲（专业课）
经济管理学院,大数据管理与应用,第3学期,306300007134,会计学,3,必修,,,,,,待查教学大纲（专业课）
经济管理学院,大数据管理与应用,3,,外语类课程,,必修类别,新视野大学英语（第三版·读写教程）,郑树棠,第3版,外语教学与研究出版社,,公共课已匹配
经济管理学院,大数据管理与应用,3,,体育类课程,,必修类别,大学体育（教材）,本校编,最新版,校本教材,,公共课已匹配
经济管理学院,大数据管理与应用,第4学期,314300001008,3社会主义理论体系概论,3,必修,,,,,,待查教学大纲（专业课）
经济管理学院,大数据管理与应用,第4学期,314300001009,3社会主义思想概论,3,必修,,,,,,待查教学大纲（专业课）
经济管理学院,大数据管理与应用,第4学期,306300007004,计量经济学,3,必修,,,,,,待查教学大纲（专业课）
经济管理学院,大数据管理与应用,第4学期,306300007202,数据驱动的管理方法与应用,3,必修,,,,,,待查教学大纲（专业课）
经济管理学院,大数据管理与应用,第4学期,306300007203,数智供应链,3,必修,,,,,,待查教学大纲（专业课）
经济管理学院,大数据管理与应用,第4学期,306300007196,运筹学,3,必修,,,,,,待查教学大纲（专业课）
经济管理学院,大数据管理与应用,4,,外语类课程,,必修类别,新视野大学英语（第三版·读写教程）,郑树棠,第3版,外语教学与研究出版社,,公共课已匹配
经济管理学院,大数据管理与应用,4,,体育类课程,,必修类别,大学体育（教材）,本校编,最新版,校本教材,,公共课已匹配
经济管理学院,大数据管理与应用,第5学期,306300007200,大数据技术基础,3,必修,,,,,,待查教学大纲（专业课）
经济管理学院,大数据管理与应用,第5学期,306300007204,大数据计量经济分析,3,必修,,,,,,待查教学大纲（专业课）
经济管理学院,大数据管理与应用,第5学期,306300007142,数智化营销,3,必修,,,,,,待查教学大纲（专业课）
经济管理学院,大数据管理与应用,第6学期,306300007199,大数据智能分析理论与方法,3,必修,,,,,,待查教学大纲（专业课）
经济管理学院,大数据管理与应用,第6学期,306300007198,大数据治理与伦理,3,必修,,,,,,待查教学大纲（专业课）
经济管理学院,大数据管理与应用,第6学期,306300008032,大数据分析项目实践,2,必修,,,,,,待查教学大纲（专业课）
经济管理学院,大数据管理与应用,第6学期,306300007217,1与前沿文献阅读,1,必修,,,,,,待查教学大纲（专业课）
经济管理学院,大数据管理与应用,第7学期,3063009902,毕业实习,2,必修,,,,,,待查教学大纲（专业课）
经济管理学院,大数据管理与应用,第8学期,3063009919,毕业论文（设计）,6,必修,,,,,,待查教学大纲（专业课）
经济管理学院,大数据管理与应用,第8学期,3143009105,形势与政策（二）,1,必修,形势与政策（最新版）,教育部组编,每年更新,高等教育出版社,,公共课已匹配
工学院,机械设计制造及其自动化,第1学期,3143009003,中国近现代史纲要,3,必修,中国近现代史纲要（2023年版）,本书编写组,2023年版,高等教育出版社,,公共课已匹配
工学院,机械设计制造及其自动化,第1学期,310300001017,微积分A（1）,5,必修,高等数学（第七版·上/下册）,同济大学数学系,第7版,高等教育出版社,,公共课已匹配
工学院,机械设计制造及其自动化,第1学期,9093009905,军事技能,2,必修,军事训练教程,教育部军委国防动员部,2023版,高等教育出版社,,公共课已匹配
工学院,机械设计制造及其自动化,第1学期,307300007056,工程图学,3.5,必修,,,,,,待查教学大纲（专业课）
工学院,机械设计制造及其自动化,第1学期,3173009118,C语言程序设计,2,必修,,,,,,待查教学大纲（专业课）
工学院,机械设计制造及其自动化,第1学期,317300001008,人工智能应用基础,2,必修,人工智能基础（通识）,大学计算机课程教指委,最新版,高等教育出版社,,公共课已匹配
工学院,机械设计制造及其自动化,第1学期,317300001009,人工智能应用基础实验,1,必修,人工智能基础（通识）,大学计算机课程教指委,最新版,高等教育出版社,,公共课已匹配
工学院,机械设计制造及其自动化,第1学期,202300006005,大学生心理发展与指导1第一学年修读完成,1,必修,大学生心理健康教育,郑日昌,最新版,高等教育出版社,,公共课已匹配
工学院,机械设计制造及其自动化,第1学期,202300008001,大学生心理素质拓展,1,必修,大学生心理健康教育,郑日昌,最新版,高等教育出版社,,公共课已匹配
工学院,机械设计制造及其自动化,第1学期,307300006003,专业导论与工程伦理,1,必修,,,,,,待查教学大纲（专业课）
工学院,机械设计制造及其自动化,1,,外语类课程,,必修类别,新视野大学英语（第三版·读写教程）,郑树棠,第3版,外语教学与研究出版社,,公共课已匹配
工学院,机械设计制造及其自动化,1,,体育类课程,,必修类别,大学体育（教材）,本校编,最新版,校本教材,,公共课已匹配
工学院,机械设计制造及其自动化,第2学期,314300001006,思想道德与法治,3,必修,思想道德与法治（2023年版）,本书编写组,2023年版,高等教育出版社,,公共课已匹配
工学院,机械设计制造及其自动化,第2学期,3143009104,形势与政策（一）,1,必修,形势与政策（最新版）,教育部组编,每年更新,高等教育出版社,,公共课已匹配
工学院,机械设计制造及其自动化,第2学期,310300001032,微积分A（2）,5,必修,高等数学（第七版·上/下册）,同济大学数学系,第7版,高等教育出版社,,公共课已匹配
工学院,机械设计制造及其自动化,第2学期,310300001025,线性代数B,2,必修,线性代数（第六版）,同济大学数学系,第6版,高等教育出版社,9787040396632,公共课已匹配
工学院,机械设计制造及其自动化,第2学期,310300001029,大学物理C,2,必修,物理学（第七版）,马文蔚,第7版,高等教育出版社,,公共课已匹配
工学院,机械设计制造及其自动化,第2学期,307300007097,计算机绘图A,1.5,必修,,,,,,待查教学大纲（专业课）
工学院,机械设计制造及其自动化,第2学期,307300008005,工程实训（一）,2,必修,,,,,,待查教学大纲（专业课）
工学院,机械设计制造及其自动化,第2学期,9093009904,军事理论,2,必修,军事理论课教程,教育部军委国防动员部,2023版,高等教育出版社,,公共课已匹配
工学院,机械设计制造及其自动化,第2学期,9093009774,大学生创新创业基础1第一学年修读完成,1,必修,大学生创新创业基础,本校编,最新版,高等教育出版社,,公共课已匹配
工学院,机械设计制造及其自动化,第2学期,3113009824,写作与沟通1第一学年修读完成,1,必修,写作与沟通,马工程/本校编,最新版,高等教育出版社,,公共课已匹配
工学院,机械设计制造及其自动化,2,,外语类课程,,必修类别,新视野大学英语（第三版·读写教程）,郑树棠,第3版,外语教学与研究出版社,,公共课已匹配
工学院,机械设计制造及其自动化,2,,体育类课程,,必修类别,大学体育（教材）,本校编,最新版,校本教材,,公共课已匹配
工学院,机械设计制造及其自动化,第3学期,314300001008,3社会主义理论体系概论,3,必修,,,,,,待查教学大纲（专业课）
工学院,机械设计制造及其自动化,第3学期,314300001009,3社会主义思想概论,3,必修,,,,,,待查教学大纲（专业课）
工学院,机械设计制造及其自动化,第3学期,310300001022,概率论与数理统计B,3,必修,概率论与数理统计（第五版）,盛骤 谢式千,第5版,高等教育出版社,9787040384876,公共课已匹配
工学院,机械设计制造及其自动化,第3学期,3103009238,工科普通化学,2,必修,普通化学（第二版）,浙江大学普通化学教研组,第2版,高等教育出版社,,公共课已匹配
工学院,机械设计制造及其自动化,第3学期,3073009344,理论力学,4,必修,,,,,,待查教学大纲（专业课）
工学院,机械设计制造及其自动化,第3学期,307300007069,工程材料及机械制造基础,4,必修,,,,,,待查教学大纲（专业课）
工学院,机械设计制造及其自动化,第3学期,307300008006,工程实训（二）,2,必修,,,,,,待查教学大纲（专业课）
工学院,机械设计制造及其自动化,3,,外语类课程,,必修类别,新视野大学英语（第三版·读写教程）,郑树棠,第3版,外语教学与研究出版社,,公共课已匹配
工学院,机械设计制造及其自动化,3,,体育类课程,,必修类别,大学体育（教材）,本校编,最新版,校本教材,,公共课已匹配
工学院,机械设计制造及其自动化,第4学期,314300001007,马克思主义基本原理,3,必修,马克思主义基本原理（2023年版）,本书编写组,2023年版,高等教育出版社,,公共课已匹配
工学院,机械设计制造及其自动化,第4学期,310300007044,复变函数与积分变换,3,必修,,,,,,待查教学大纲（专业课）
工学院,机械设计制造及其自动化,第4学期,3073009104,材料力学,4,必修,,,,,,待查教学大纲（专业课）
工学院,机械设计制造及其自动化,第4学期,307300007072,机械原理,4,必修,,,,,,待查教学大纲（专业课）
工学院,机械设计制造及其自动化,第4学期,3073009108,电工技术A,2,必修,,,,,,待查教学大纲（专业课）
工学院,机械设计制造及其自动化,第4学期,307300007025,电子技术A,3,必修,,,,,,待查教学大纲（专业课）
工学院,机械设计制造及其自动化,第4学期,3073009111,电工电子学实验,1,必修,,,,,,待查教学大纲（专业课）
工学院,机械设计制造及其自动化,第4学期,307300007065,互换性与测量技术,2,必修,,,,,,待查教学大纲（专业课）
工学院,机械设计制造及其自动化,4,,外语类课程,,必修类别,新视野大学英语（第三版·读写教程）,郑树棠,第3版,外语教学与研究出版社,,公共课已匹配
工学院,机械设计制造及其自动化,4,,体育类课程,,必修类别,大学体育（教材）,本校编,最新版,校本教材,,公共课已匹配
工学院,机械设计制造及其自动化,第5学期,9093009903,3周，社会实践1第二学年暑期进行,1,必修,,,,,,待查教学大纲（专业课）
工学院,机械设计制造及其自动化,第5学期,3073009334,机械设计,3,必修,,,,,,待查教学大纲（专业课）
工学院,机械设计制造及其自动化,第5学期,307300007073,自动控制原理B,3,必修,,,,,,待查教学大纲（专业课）
工学院,机械设计制造及其自动化,第5学期,307300007078,机电传动控制B,3,必修,,,,,,待查教学大纲（专业课）
工学院,机械设计制造及其自动化,第5学期,3073009366,机构方案创新与设计实验,1,必修,,,,,,待查教学大纲（专业课）
工学院,机械设计制造及其自动化,第5学期,3073009903,机械学综合课程设计,2,必修,,,,,,待查教学大纲（专业课）
工学院,机械设计制造及其自动化,第5学期,3073009151,工程流体力学,2,必修,,,,,,待查教学大纲（专业课）
工学院,机械设计制造及其自动化,第5学期,307300008003,电工电子技术实习,1,必修,,,,,,待查教学大纲（专业课）
工学院,机械设计制造及其自动化,第5学期,307300007063,装备智能设计与制造导论,1,必修,,,,,,待查教学大纲（专业课）
工学院,机械设计制造及其自动化,第5学期,307300007064,工程热力学与传热学,2,必修,,,,,,待查教学大纲（专业课）
工学院,机械设计制造及其自动化,第6学期,3073009961,机械设计综合训练,1,必修,,,,,,待查教学大纲（专业课）
工学院,机械设计制造及其自动化,第6学期,307300007095,智能制造技术,4,必修,,,,,,待查教学大纲（专业课）
工学院,机械设计制造及其自动化,第6学期,307300009015,单片机技术与应用,1,必修,,,,,,待查教学大纲（专业课）
工学院,机械设计制造及其自动化,第6学期,3073009948,农业工程创新创业实践21-6学期开设,6,必修,,,,,,待查教学大纲（专业课）
工学院,机械设计制造及其自动化,6,,通识课程,,选修类别,,,,,,待查教学大纲（专业课）
工学院,机械设计制造及其自动化,第7学期,307300007006,工程测试与信息处理A,3,必修,,,,,,待查教学大纲（专业课）
工学院,机械设计制造及其自动化,第7学期,307300008013,智能制造技术综合课程设计,1,必修,,,,,,待查教学大纲（专业课）
工学院,机械设计制造及其自动化,第7学期,307300008011,生产实习3第三学年暑期进行,3,必修,,,,,,待查教学大纲（专业课）
工学院,机械设计制造及其自动化,第8学期,3073009904,毕业论文（设计）,6,必修,,,,,,待查教学大纲（专业课）
工学院,机械设计制造及其自动化,第8学期,3143009105,形势与政策（二）,1,必修,形势与政策（最新版）,教育部组编,每年更新,高等教育出版社,,公共课已匹配
工学院,机械设计制造及其自动化,第8学期,3143009003,3484261马院OutlineofModernChineseHistory,1,必修,,,,,,待查教学大纲（专业课）
工学院,机械设计制造及其自动化,第8学期,314300001006,3484262马院IdeologyMoralityandRuleofLaw,2,必修,,,,,,待查教学大纲（专业课）
工学院,机械设计制造及其自动化,第8学期,314300001008,BasicTheoryofMaoZedong3484083马院,3,必修,,,,,,待查教学大纲（专业课）
工学院,机械设计制造及其自动化,第8学期,314300001009,BasicTheoryofXiJinping3484083马院,3,必修,,,,,,待查教学大纲（专业课）
工学院,机械设计制造及其自动化,第8学期,314300001007,3484264马院BasicKnowledgeofMarxism,4,必修,,,,,,待查教学大纲（专业课）
工学院,机械设计制造及其自动化,第8学期,3143009104,116161-2马院SituationandPolicyEducation(Ⅰ),2,必修,,,,,,待查教学大纲（专业课）
工学院,机械设计制造及其自动化,8,,体育类课程必修，实行选项制，一、二年级要求每学期修满1,,必修类别,大学体育（教材）,本校编,最新版,校本教材,,公共课已匹配
工学院,机械设计制造及其自动化,8,,体育类课程教学详见《华中农业大学体育教学改革实施方案》。,,必修类别,大学体育（教材）,本校编,最新版,校本教材,,公共课已匹配
工学院,机械设计制造及其自动化,第8学期,9093009904,232322MilitaryTheory生院,2,必修,,,,,,待查教学大纲（专业课）
工学院,机械设计制造及其自动化,第8学期,3113009824,116161/2文法WritingandCommunication,2,必修,,,,,,待查教学大纲（专业课）
工学院,机械设计制造及其自动化,第8学期,202300006005,PsychologicalDevelopmentand116161生院,1,必修,,,,,,待查教学大纲（专业课）
工学院,机械设计制造及其自动化,第8学期,9093009774,InnovationandEntrepreneurship116162生院,2,必修,,,,,,待查教学大纲（专业课）
工学院,机械设计制造及其自动化,第8学期,307300006003,IntroductionofMajorand116161工学,1,必修,,,,,,待查教学大纲（专业课）
工学院,机械设计制造及其自动化,第8学期,310300001017,微积分A（1）580801信息Calculus(Ⅰ),1,必修,高等数学（第七版·上/下册）,同济大学数学系,第7版,高等教育出版社,,公共课已匹配
工学院,机械设计制造及其自动化,第8学期,310300001032,微积分A（2）580802信息CalculusA（II）,2,必修,高等数学（第七版·上/下册）,同济大学数学系,第7版,高等教育出版社,,公共课已匹配
工学院,机械设计制造及其自动化,第8学期,310300001025,线性代数B232322信息LinearAlgebraB,2,必修,线性代数（第六版）,同济大学数学系,第6版,高等教育出版社,9787040396632,公共课已匹配
工学院,机械设计制造及其自动化,第8学期,310300001022,概率论与数理统计B348483信息ProbabilityandStatisticsB,3,必修,概率论与数理统计（第五版）,盛骤 谢式千,第5版,高等教育出版社,9787040384876,公共课已匹配
工学院,机械设计制造及其自动化,第8学期,310300007044,ComplexFunctionand348484信息,4,必修,,,,,,待查教学大纲（专业课）
工学院,机械设计制造及其自动化,第8学期,310300001029,大学物理C232322工学CollegePhysicsC,2,必修,物理学（第七版）,马文蔚,第7版,高等教育出版社,,公共课已匹配
工学院,机械设计制造及其自动化,第8学期,3103009238,2322843化学EngineeringGeneralChemistry,3,必修,,,,,,待查教学大纲（专业课）
工学院,机械设计制造及其自动化,第8学期,307300007056,3.556561工学EngineeringGraphics,1,必修,,,,,,待查教学大纲（专业课）
工学院,机械设计制造及其自动化,第8学期,3073009151,2322664工学EngineeringFluidMechanics,4,必修,,,,,,待查教学大纲（专业课）
工学院,机械设计制造及其自动化,第8学期,3073009108,电工技术A232324工学ElectrotechnicsA,4,必修,,,,,,待查教学大纲（专业课）
工学院,机械设计制造及其自动化,第8学期,307300007025,电子技术A348484工学ElectronicTechnologyA,4,必修,,,,,,待查教学大纲（专业课）
工学院,机械设计制造及其自动化,第8学期,307300007064,EngineeringThermodynamics232325工学,5,必修,,,,,,待查教学大纲（专业课）
工学院,机械设计制造及其自动化,第8学期,3173009118,C语言程序设计24024161信息CProgramming,1,必修,,,,,,待查教学大纲（专业课）
工学院,机械设计制造及其自动化,第8学期,317300001008,2323201信息ArtificialIntelligenceTheory,1,必修,,,,,,待查教学大纲（专业课）
工学院,机械设计制造及其自动化,第8学期,317300001009,1300301信息ArtificialIntelligenceExperiment,1,必修,,,,,,待查教学大纲（专业课）
工学院,机械设计制造及其自动化,第8学期,307300007062,SmartAgricultureTechnology116887工学,7,必修,,,,,,待查教学大纲（专业课）
工学院,机械设计制造及其自动化,第8学期,307300007069,FundamentalsofEngineeringMaterial47256163工学,3,必修,,,,,,待查教学大纲（专业课）
工学院,机械设计制造及其自动化,第8学期,3073009344,464643工学TheoreticMechanics,3,必修,,,,,,待查教学大纲（专业课）
工学院,机械设计制造及其自动化,第8学期,3073009104,464644工学MaterialMechanics,4,必修,,,,,,待查教学大纲（专业课）
工学院,机械设计制造及其自动化,第8学期,307300007072,464644工学TheoryofMachinesandMechanisms,4,必修,,,,,,待查教学大纲（专业课）
工学院,机械设计制造及其自动化,第8学期,3073009334,348485工学MechanicalDesign,5,必修,,,,,,待查教学大纲（专业课）
工学院,机械设计制造及其自动化,第8学期,307300007088,自动控制原理A5808005工学PrincipleofAutomaticControl,5,必修,,,,,,待查教学大纲（专业课）
工学院,机械设计制造及其自动化,第8学期,307300007006,EngineeringTestandSignal3484085工学,5,必修,,,,,,待查教学大纲（专业课）
工学院,机械设计制造及其自动化,第8学期,307300007078,机电传动控制B34832165工学ElectromechanicalDrive&ControlB,5,必修,,,,,,待查教学大纲（专业课）
工学院,机械设计制造及其自动化,第8学期,3073009158,PrinciplesofMicro-Computer3484086工学,6,必修,,,,,,待查教学大纲（专业课）
工学院,机械设计制造及其自动化,第8学期,307300007079,3484266工学MechatronicsSystemDesign,6,必修,,,,,,待查教学大纲（专业课）
工学院,机械设计制造及其自动化,第8学期,307300007095,464646工学IntelligentManufacturingTechnology,6,必修,,,,,,待查教学大纲（专业课）
工学院,机械设计制造及其自动化,第8学期,3073009152,2322666工学HydraulicTransmission,6,必修,,,,,,待查教学大纲（专业课）
工学院,机械设计制造及其自动化,第8学期,3073009153,232325工学ModernDesignMethods,5,必修,,,,,,待查教学大纲（专业课）
工学院,机械设计制造及其自动化,第8学期,3073009154,2323026工学ExperimentalDesignandDataAnalysis,6,必修,,,,,,待查教学大纲（专业课）
工学院,机械设计制造及其自动化,第8学期,3073009170,232325工学IntroductiontoAutomobile,5,必修,,,,,,待查教学大纲（专业课）
工学院,机械设计制造及其自动化,第8学期,3073009263,PrimaryIntroductionandApplication124247工学,7,必修,,,,,,待查教学大纲（专业课）
工学院,机械设计制造及其自动化,第8学期,307300009014,Fundamentalsofengineering124247工学,7,必修,,,,,,待查教学大纲（专业课）
工学院,机械设计制造及其自动化,第8学期,307300007090,1.524246工学ProfessionalEnglishforEngineering,6,必修,,,,,,待查教学大纲（专业课）
工学院,机械设计制造及其自动化,第8学期,317300007094,34832165信息MathematicalModelingandExperiment,5,必修,,,,,,待查教学大纲（专业课）
工学院,机械设计制造及其自动化,第8学期,3073009349,132323工学ExperimentofCNCmachining,3,必修,,,,,,待查教学大纲（专业课）
工学院,机械设计制造及其自动化,第8学期,3073009190,232326工学FoundationofMEMStechnology,6,必修,,,,,,待查教学大纲（专业课）
工学院,机械设计制造及其自动化,第8学期,3073009353,ExperimentofVirtual132327工学,7,必修,,,,,,待查教学大纲（专业课）
工学院,机械设计制造及其自动化,第8学期,307300009013,PCB制板技术与实践0.516165工院PCBPlatingTechnologyandPractice,5,必修,,,,,,待查教学大纲（专业课）
工学院,机械设计制造及其自动化,第8学期,3073009126,232325工学PowerElectronicsTechnology,5,必修,,,,,,待查教学大纲（专业课）
工学院,机械设计制造及其自动化,第8学期,3073009298,ExperimentofPower0.516165工学,5,必修,,,,,,待查教学大纲（专业课）
工学院,机械设计制造及其自动化,第8学期,307300007015,232326工学ComputerControlTechnology,6,必修,,,,,,待查教学大纲（专业课）
工学院,机械设计制造及其自动化,第8学期,3073009188,232327工学Non-DamagingTest,7,必修,,,,,,待查教学大纲（专业课）
工学院,机械设计制造及其自动化,第8学期,307300007034,232326工学AgriculturalInternetofThings,6,必修,,,,,,待查教学大纲（专业课）
工学院,机械设计制造及其自动化,第8学期,3073009341,SignalProcessinginMeasurement116164工学,4,必修,,,,,,待查教学大纲（专业课）
工学院,机械设计制造及其自动化,第8学期,3073009333,"2322487工学Robotics:Modeling,ControlandVision",7,必修,,,,,,待查教学大纲（专业课）
工学院,机械设计制造及其自动化,第8学期,3073009160,2323026工学Electric-HydraulicControlEngineering,6,必修,,,,,,待查教学大纲（专业课）
工学院,机械设计制造及其自动化,第8学期,3073009324,ArtificialNeuralNetwork2322485工学,5,必修,,,,,,待查教学大纲（专业课）
工学院,机械设计制造及其自动化,第8学期,307300009002,132326工学ConfigurationcontrolTechnology,6,必修,,,,,,待查教学大纲（专业课）
工学院,机械设计制造及其自动化,第8学期,310300001040,24024166信息CalculationMethods,6,必修,,,,,,待查教学大纲（专业课）
工学院,机械设计制造及其自动化,第8学期,306300007007,348486经管EnterpriseManagement,6,必修,,,,,,待查教学大纲（专业课）
工学院,机械设计制造及其自动化,第8学期,9093009905,231Militaryskills生院,1,必修,,,,,,待查教学大纲（专业课）
工学院,机械设计制造及其自动化,第8学期,9093009906,Innovationand11-7生院,7,必修,,,,,,待查教学大纲（专业课）
工学院,机械设计制造及其自动化,第8学期,202300008001,ThePracticeofMentalHealth1301/2生院,2,必修,,,,,,待查教学大纲（专业课）
工学院,机械设计制造及其自动化,第8学期,3143009105,实践形势与政策（二）1303-8马院SituationandPolicyEducation(Ⅱ),8,必修,形势与政策（最新版）,教育部组编,每年更新,高等教育出版社,,公共课已匹配
工学院,机械设计制造及其自动化,第8学期,9093009903,124团委SocialPractice,4,必修,,,,,,待查教学大纲（专业课）
工学院,机械设计制造及其自动化,第8学期,110300008001,11-7团委VolunteerService,7,必修,,,,,,待查教学大纲（专业课）
工学院,机械设计制造及其自动化,第8学期,110300008002,11-7团委AestheticPractice,7,必修,,,,,,待查教学大纲（专业课）
工学院,机械设计制造及其自动化,第8学期,307300007097,计算机绘图A1.5482工学ComputerGraphicsA,2,必修,,,,,,待查教学大纲（专业课）
工学院,机械设计制造及其自动化,第8学期,307300008005,222工学EngineeringTraining（I）,2,必修,,,,,,待查教学大纲（专业课）
工学院,机械设计制造及其自动化,第8学期,307300008006,223工学EngineeringTraining（II）,3,必修,,,,,,待查教学大纲（专业课）
工学院,机械设计制造及其自动化,第8学期,307300009015,专业TechnologeandApplicationof1325工学,5,必修,,,,,,待查教学大纲（专业课）
工学院,机械设计制造及其自动化,第8学期,3073009948,InnovationandEntrepreneurship2601-6工学PracticesofClassificationon,6,必修,,,,,,待查教学大纲（专业课）
工学院,机械设计制造及其自动化,第8学期,3073009111,Electrical&Electronic1244工学,4,必修,,,,,,待查教学大纲（专业课）
工学院,机械设计制造及其自动化,第8学期,307300008003,SubjectPracticeonElectrical115工学,5,必修,,,,,,待查教学大纲（专业课）
工学院,机械设计制造及其自动化,第8学期,3073009903,ComprehensiveDesign245工学,5,必修,,,,,,待查教学大纲（专业课）
工学院,机械设计制造及其自动化,第8学期,3073009921,127工学TrainingforMechatronics,7,必修,,,,,,待查教学大纲（专业课）
工学院,机械设计制造及其自动化,第8学期,307300008011,347工学第三学年ProductionPractice暑期进行,7,必修,,,,,,待查教学大纲（专业课）
工学院,机械设计制造及其自动化,第8学期,3073009904,6127-8工学GraduationDesign(Thesis),8,必修,,,,,,待查教学大纲（专业课）
工学院,机械设计制造及其自动化,8,,外语类课程,,必修类别,新视野大学英语（第三版·读写教程）,郑树棠,第3版,外语教学与研究出版社,,公共课已匹配
工学院,机械设计制造及其自动化,8,,体育类课程,,必修类别,大学体育（教材）,本校编,最新版,校本教材,,公共课已匹配
工学院,机械电子工程,第8学期,3143009003,中国近现代史纲要,3,必修,中国近现代史纲要（2023年版）,本书编写组,2023年版,高等教育出版社,,公共课已匹配
工学院,机械电子工程,第8学期,310300001017,微积分A（1）,5,必修,高等数学（第七版·上/下册）,同济大学数学系,第7版,高等教育出版社,,公共课已匹配
工学院,机械电子工程,第8学期,9093009905,军事技能,2,必修,军事训练教程,教育部军委国防动员部,2023版,高等教育出版社,,公共课已匹配
工学院,机械电子工程,第8学期,307300007056,工程图学,3.5,必修,,,,,,待查教学大纲（专业课）
工学院,机械电子工程,第8学期,3173009118,C语言程序设计,2,必修,,,,,,待查教学大纲（专业课）
工学院,机械电子工程,第8学期,317300001008,人工智能应用基础,2,必修,人工智能基础（通识）,大学计算机课程教指委,最新版,高等教育出版社,,公共课已匹配
工学院,机械电子工程,第8学期,317300001009,人工智能应用基础实验,1,必修,人工智能基础（通识）,大学计算机课程教指委,最新版,高等教育出版社,,公共课已匹配
工学院,机械电子工程,第8学期,202300006005,大学生心理发展与指导1第一学年修读完成,1,必修,大学生心理健康教育,郑日昌,最新版,高等教育出版社,,公共课已匹配
工学院,机械电子工程,第8学期,202300008001,大学生心理素质拓展,1,必修,大学生心理健康教育,郑日昌,最新版,高等教育出版社,,公共课已匹配
工学院,机械电子工程,第8学期,307300006003,专业导论与工程伦理,1,必修,,,,,,待查教学大纲（专业课）
工学院,机械电子工程,8,,外语类课程,,必修类别,新视野大学英语（第三版·读写教程）,郑树棠,第3版,外语教学与研究出版社,,公共课已匹配
工学院,机械电子工程,8,,体育类课程,,必修类别,大学体育（教材）,本校编,最新版,校本教材,,公共课已匹配
工学院,机械电子工程,第2学期,314300001006,思想道德与法治,3,必修,思想道德与法治（2023年版）,本书编写组,2023年版,高等教育出版社,,公共课已匹配
工学院,机械电子工程,第2学期,3143009104,形势与政策（一）,1,必修,形势与政策（最新版）,教育部组编,每年更新,高等教育出版社,,公共课已匹配
工学院,机械电子工程,第2学期,310300001032,微积分A（2）,5,必修,高等数学（第七版·上/下册）,同济大学数学系,第7版,高等教育出版社,,公共课已匹配
工学院,机械电子工程,第2学期,310300001025,线性代数B,2,必修,线性代数（第六版）,同济大学数学系,第6版,高等教育出版社,9787040396632,公共课已匹配
工学院,机械电子工程,第2学期,310300001029,大学物理C,2,必修,物理学（第七版）,马文蔚,第7版,高等教育出版社,,公共课已匹配
工学院,机械电子工程,第2学期,307300007097,计算机绘图A,1.5,必修,,,,,,待查教学大纲（专业课）
工学院,机械电子工程,第2学期,307300008005,工程实训（一）,2,必修,,,,,,待查教学大纲（专业课）
工学院,机械电子工程,第2学期,9093009904,军事理论,2,必修,军事理论课教程,教育部军委国防动员部,2023版,高等教育出版社,,公共课已匹配
工学院,机械电子工程,第2学期,9093009774,大学生创新创业基础1第一学年修读完成,1,必修,大学生创新创业基础,本校编,最新版,高等教育出版社,,公共课已匹配
工学院,机械电子工程,第2学期,3113009824,写作与沟通1第一学年修读完成,1,必修,写作与沟通,马工程/本校编,最新版,高等教育出版社,,公共课已匹配
工学院,机械电子工程,2,,外语类课程,,必修类别,新视野大学英语（第三版·读写教程）,郑树棠,第3版,外语教学与研究出版社,,公共课已匹配
工学院,机械电子工程,2,,体育类课程,,必修类别,大学体育（教材）,本校编,最新版,校本教材,,公共课已匹配
工学院,机械电子工程,第2学期,314300001008,3社会主义理论体系概论,3,必修,,,,,,待查教学大纲（专业课）
工学院,机械电子工程,第2学期,314300001009,3社会主义思想概论,3,必修,,,,,,待查教学大纲（专业课）
工学院,机械电子工程,第2学期,310300001022,概率论与数理统计B,3,必修,概率论与数理统计（第五版）,盛骤 谢式千,第5版,高等教育出版社,9787040384876,公共课已匹配
工学院,机械电子工程,第2学期,3103009238,工科普通化学,2,必修,普通化学（第二版）,浙江大学普通化学教研组,第2版,高等教育出版社,,公共课已匹配
工学院,机械电子工程,第2学期,3073009344,理论力学,4,必修,,,,,,待查教学大纲（专业课）
工学院,机械电子工程,第2学期,307300007069,工程材料与机械制造基础,4,必修,,,,,,待查教学大纲（专业课）
工学院,机械电子工程,第2学期,307300008006,工程实训（二）,2,必修,,,,,,待查教学大纲（专业课）
工学院,机械电子工程,2,,外语类课程,,必修类别,新视野大学英语（第三版·读写教程）,郑树棠,第3版,外语教学与研究出版社,,公共课已匹配
工学院,机械电子工程,2,,体育类课程,,必修类别,大学体育（教材）,本校编,最新版,校本教材,,公共课已匹配
工学院,机械电子工程,第2学期,314300001007,马克思主义基本原理,3,必修,马克思主义基本原理（2023年版）,本书编写组,2023年版,高等教育出版社,,公共课已匹配
工学院,机械电子工程,第2学期,310300007044,复变函数与积分变换,3,必修,,,,,,待查教学大纲（专业课）
工学院,机械电子工程,第2学期,3073009104,材料力学,4,必修,,,,,,待查教学大纲（专业课）
工学院,机械电子工程,第2学期,307300007072,机械原理,4,必修,,,,,,待查教学大纲（专业课）
工学院,机械电子工程,第2学期,3073009151,工程流体力学,2,必修,,,,,,待查教学大纲（专业课）
工学院,机械电子工程,第2学期,3073009108,电工技术A,2,必修,,,,,,待查教学大纲（专业课）
工学院,机械电子工程,第2学期,307300007025,电子技术A,3,必修,,,,,,待查教学大纲（专业课）
工学院,机械电子工程,第2学期,3073009111,电工电子学实验,1,必修,,,,,,待查教学大纲（专业课）
工学院,机械电子工程,2,,外语类课程,,必修类别,新视野大学英语（第三版·读写教程）,郑树棠,第3版,外语教学与研究出版社,,公共课已匹配
工学院,机械电子工程,2,,体育类课程,,必修类别,大学体育（教材）,本校编,最新版,校本教材,,公共课已匹配
工学院,机械电子工程,第5学期,9093009903,社会实践13周，第二学年暑期进行,3,必修,,,,,,待查教学大纲（专业课）
工学院,机械电子工程,第5学期,3073009334,机械设计,3,必修,,,,,,待查教学大纲（专业课）
工学院,机械电子工程,第5学期,3073000903,机械学综合课程设计24周,4,必修,,,,,,待查教学大纲（专业课）
工学院,机械电子工程,第5学期,307300007088,自动控制原理A,5,必修,,,,,,待查教学大纲（专业课）
工学院,机械电子工程,第5学期,307300007078,机电传动控制B,3,必修,,,,,,待查教学大纲（专业课）
工学院,机械电子工程,第5学期,307300007006,工程测试与信息处理A,3,必修,,,,,,待查教学大纲（专业课）
工学院,机械电子工程,第5学期,3073009151,工程热力学与传热学,2,必修,,,,,,待查教学大纲（专业课）
工学院,机械电子工程,第5学期,307300009015,单片机技术与应用,1,必修,,,,,,待查教学大纲（专业课）
工学院,机械电子工程,第5学期,307300008003,电工电子技术实习11周,1,必修,,,,,,待查教学大纲（专业课）
工学院,机械电子工程,第6学期,3073009158,微机原理与接口技术,3,必修,,,,,,待查教学大纲（专业课）
工学院,机械电子工程,第6学期,3073009948,农业工程创新创业实践21-6学期开设,6,必修,,,,,,待查教学大纲（专业课）
工学院,机械电子工程,第6学期,3073009269,机电一体化系统设计,3,必修,,,,,,待查教学大纲（专业课）
工学院,机械电子工程,第7学期,3073009921,机电一体化综合训练,1,必修,,,,,,待查教学大纲（专业课）
工学院,机械电子工程,第7学期,307300007062,智慧农业技术与装备,1,必修,,,,,,待查教学大纲（专业课）
工学院,机械电子工程,第7学期,307300008011,生产实习3第三学年暑期进行,3,必修,,,,,,待查教学大纲（专业课）
工学院,机械电子工程,第7学期,3143009104,形势与政策（二）,1,必修,形势与政策（最新版）,教育部组编,每年更新,高等教育出版社,,公共课已匹配
工学院,机械电子工程,第7学期,3073009904,毕业设计（论文）612周,12,必修,,,,,,待查教学大纲（专业课）
工学院,机械电子工程,第7学期,3143009003,3484261马院OutlineofModernChineseHistory,1,必修,,,,,,待查教学大纲（专业课）
工学院,机械电子工程,第7学期,314300001006,3484262马院IdeologyMoralityandRuleofLaw,2,必修,,,,,,待查教学大纲（专业课）
工学院,机械电子工程,第7学期,314300001008,BasicTheoryofMaoZedong3484083马院,3,必修,,,,,,待查教学大纲（专业课）
工学院,机械电子工程,第7学期,314300001009,BasicTheoryofXiJinping3484083马院,3,必修,,,,,,待查教学大纲（专业课）
工学院,机械电子工程,第7学期,314300001007,3484264马院BasicKnowledgeofMarxism,4,必修,,,,,,待查教学大纲（专业课）
工学院,机械电子工程,第7学期,3143009104,116161-2马院SituationandPolicyEducation(Ⅰ),2,必修,,,,,,待查教学大纲（专业课）
工学院,机械电子工程,7,,体育类课程必修，实行选项制，一、二年级要求每学期修满1,,必修类别,大学体育（教材）,本校编,最新版,校本教材,,公共课已匹配
工学院,机械电子工程,7,,体育类课程教学详见《华中农业大学体育教学改革实施方案》。,,必修类别,大学体育（教材）,本校编,最新版,校本教材,,公共课已匹配
工学院,机械电子工程,第7学期,9093009904,232322MilitaryTheory生院,2,必修,,,,,,待查教学大纲（专业课）
工学院,机械电子工程,第7学期,3113009824,116161/2文法WritingandCommunication,2,必修,,,,,,待查教学大纲（专业课）
工学院,机械电子工程,第7学期,202300006005,PsychologicalDevelopmentand116161生院,1,必修,,,,,,待查教学大纲（专业课）
工学院,机械电子工程,第7学期,9093009774,InnovationandEntrepreneurship116162生院,2,必修,,,,,,待查教学大纲（专业课）
工学院,机械电子工程,第7学期,307300006003,IntroductionofMajorand116161工学,1,必修,,,,,,待查教学大纲（专业课）
工学院,机械电子工程,第7学期,310300001017,微积分A（1）580801信息CalculusA（I）,1,必修,高等数学（第七版·上/下册）,同济大学数学系,第7版,高等教育出版社,,公共课已匹配
工学院,机械电子工程,第7学期,307300007056,3.556561工学EngineeringGraphics,1,必修,,,,,,待查教学大纲（专业课）
工学院,机械电子工程,第7学期,310300001032,微积分A（2）580802信息CalculusA（II）,2,必修,高等数学（第七版·上/下册）,同济大学数学系,第7版,高等教育出版社,,公共课已匹配
工学院,机械电子工程,第7学期,310300001025,线性代数B232322信息LinearAlgebraB,2,必修,线性代数（第六版）,同济大学数学系,第6版,高等教育出版社,9787040396632,公共课已匹配
工学院,机械电子工程,第7学期,310300001029,大学物理C232322工学CollegePhysics,2,必修,物理学（第七版）,马文蔚,第7版,高等教育出版社,,公共课已匹配
工学院,机械电子工程,第7学期,310300001022,概率论与数理统计B348483信息ProbabilityandStatisticsB,3,必修,概率论与数理统计（第五版）,盛骤 谢式千,第5版,高等教育出版社,9787040384876,公共课已匹配
工学院,机械电子工程,第7学期,3103009238,2322843化学EngineeringGeneralChemistry,3,必修,,,,,,待查教学大纲（专业课）
工学院,机械电子工程,第7学期,3073009108,电工技术A232324工学ElectroTechnicsA,4,必修,,,,,,待查教学大纲（专业课）
工学院,机械电子工程,第7学期,310300007044,ComplexAnalysisand348484信息,4,必修,,,,,,待查教学大纲（专业课）
工学院,机械电子工程,第7学期,3073009222,2322845工学PatternRecognition,5,必修,,,,,,待查教学大纲（专业课）
工学院,机械电子工程,第7学期,3073009124,2322665工学DigitalSignalProcessing,5,必修,,,,,,待查教学大纲（专业课）
工学院,机械电子工程,第7学期,3173009118,C语言程序设计24024161信息CProgramming,1,必修,,,,,,待查教学大纲（专业课）
工学院,机械电子工程,第7学期,317300001008,2323201信息ArtificialIntelligenceTheory,1,必修,,,,,,待查教学大纲（专业课）
工学院,机械电子工程,第7学期,317300001009,1300301信息ArtificialIntelligenceExperiment,1,必修,,,,,,待查教学大纲（专业课）
工学院,机械电子工程,第7学期,307300007058,ComputerVisionandDeep1161605工学,5,必修,,,,,,待查教学大纲（专业课）
工学院,机械电子工程,第7学期,307300007069,FundamentalsofEngineeringMaterial47256163工学,3,必修,,,,,,待查教学大纲（专业课）
工学院,机械电子工程,第7学期,3073009344,464643工学TheoreticMechanics,3,必修,,,,,,待查教学大纲（专业课）
工学院,机械电子工程,第7学期,307300007017,模拟电子技术B46448164工学AnalogElectronicTechnologyB,4,必修,,,,,,待查教学大纲（专业课）
工学院,机械电子工程,第7学期,3073009120,3484804工学DigitalCircuitsandLogicalSystem,4,必修,,,,,,待查教学大纲（专业课）
工学院,机械电子工程,第7学期,317300007093,47656204信息NumericalAnalysis,4,必修,,,,,,待查教学大纲（专业课）
工学院,机械电子工程,第7学期,307300007088,自动控制原理A5808005工学PrincipleofAutomaticControlA,5,必修,,,,,,待查教学大纲（专业课）
工学院,机械电子工程,第7学期,307300007006,EngineeringTestandSignal3484085工学,5,必修,,,,,,待查教学大纲（专业课）
工学院,机械电子工程,第7学期,3073009185,3484086工学ProcessControl,6,必修,,,,,,待查教学大纲（专业课）
工学院,机械电子工程,第7学期,3073009158,PrinciplesofMicro-Computer3484086工学,6,必修,,,,,,待查教学大纲（专业课）
工学院,机械电子工程,第7学期,307300007089,4645686工学ElectricalTowageandMotionControl,6,必修,,,,,,待查教学大纲（专业课）
工学院,机械电子工程,第7学期,3073009328,3D打印技术实验132323工学Experimentof3DPrintingTechnology,3,必修,,,,,,待查教学大纲（专业课）
工学院,机械电子工程,第7学期,3073009349,ComputerNumerical132323工学,3,必修,,,,,,待查教学大纲（专业课）
工学院,机械电子工程,第7学期,317300007004,计算机网络B36040204信息ComputerNetworksB,4,必修,,,,,,待查教学大纲（专业课）
工学院,机械电子工程,第7学期,317300007094,34832165信息MathematicalModelingandxperiment,5,必修,,,,,,待查教学大纲（专业课）
工学院,机械电子工程,第7学期,3073009324,ArtificialNeuralNetworkand2322485工学,5,必修,,,,,,待查教学大纲（专业课）
工学院,机械电子工程,第7学期,307300007090,1.524246工学ProfessionalEnglishforEngineering,6,必修,,,,,,待查教学大纲（专业课）
工学院,机械电子工程,第7学期,3073009223,2322846工学DigitalImageProcessing,6,必修,,,,,,待查教学大纲（专业课）
工学院,机械电子工程,第7学期,307300007016,23216167工学PrecisionAgriculture,7,必修,,,,,,待查教学大纲（专业课）
工学院,机械电子工程,第7学期,307300007003,FundamentalsofElectricalControl2322486工学TechnologyandProgramming,6,必修,,,,,,待查教学大纲（专业课）
工学院,机械电子工程,第7学期,3073009160,2323026工学Electric-HydraulicControlEngineering,6,必修,,,,,,待查教学大纲（专业课）
工学院,机械电子工程,第7学期,317300007007,24024166信息InternetofThingsEngineering,6,必修,,,,,,待查教学大纲（专业课）
工学院,机械电子工程,第7学期,3073009188,232327工学Non-DamagingTest,7,必修,,,,,,待查教学大纲（专业课）
工学院,机械电子工程,第7学期,3103009388,嵌入式系统B2.5403287信息EmbeddedSystemsB,7,必修,,,,,,待查教学大纲（专业课）
工学院,机械电子工程,第7学期,3073009269,2323027工学MechatronicsSystemDesign,7,必修,,,,,,待查教学大纲（专业课）
工学院,机械电子工程,第7学期,307300007092,1.524247工学AgriculturalRobot,7,必修,,,,,,待查教学大纲（专业课）
工学院,机械电子工程,第7学期,3073009327,232325工学OperationalResearch,5,必修,,,,,,待查教学大纲（专业课）
工学院,机械电子工程,第7学期,317300007005,47656205信息AlgorithmsandDataStructures,5,必修,,,,,,待查教学大纲（专业课）
工学院,机械电子工程,第7学期,306300007007,348486经管EnterpriseManagement,6,必修,,,,,,待查教学大纲（专业课）
工学院,机械电子工程,第7学期,3103009022,232326信息TheInternetMassDataProcessing,6,必修,,,,,,待查教学大纲（专业课）
工学院,机械电子工程,第7学期,9093009905,231Militaryskills生院,1,必修,,,,,,待查教学大纲（专业课）
工学院,机械电子工程,第7学期,9093009906,Innovationand11-7生院,7,必修,,,,,,待查教学大纲（专业课）
工学院,机械电子工程,第7学期,202300008001,ThePracticeofMentalHealth1301生院,1,必修,,,,,,待查教学大纲（专业课）
工学院,机械电子工程,第7学期,3143009105,实践1303-8马院SituationandPolicyEducation(2),2,必修,,,,,,待查教学大纲（专业课）
工学院,机械电子工程,第7学期,9093009903,114团委SocialPractice,4,必修,,,,,,待查教学大纲（专业课）
工学院,机械电子工程,第7学期,110300008001,1301-7团委VolunteerService,7,必修,,,,,,待查教学大纲（专业课）
工学院,机械电子工程,第7学期,110300008002,11-7团委AestheticPractice,7,必修,,,,,,待查教学大纲（专业课）
工学院,机械电子工程,第7学期,3073009948,InnovationandEntrepreneurship1-20和2601-6工学PracticesofClassificationon暑假期间,6,必修,,,,,,待查教学大纲（专业课）
工学院,机械电子工程,第7学期,307300007097,计算机绘图A1.5482工学ComputerGraphicsA,2,必修,,,,,,待查教学大纲（专业课）
工学院,机械电子工程,第7学期,307300008005,222工学EngineeringTraining(Ⅰ),2,必修,,,,,,待查教学大纲（专业课）
工学院,机械电子工程,第7学期,307300008006,223工学EngineeringTraining(II),3,必修,,,,,,待查教学大纲（专业课）
工学院,机械电子工程,第7学期,307300009015,专业TechnologyandApplication1305工学,5,必修,,,,,,待查教学大纲（专业课）
工学院,机械电子工程,第7学期,3073009111,Electronictechnologysimulation1244工学,4,必修,,,,,,待查教学大纲（专业课）
工学院,机械电子工程,第7学期,307300009009,1305工学TrainingforControlTheory,5,必修,,,,,,待查教学大纲（专业课）
工学院,机械电子工程,第7学期,307300009013,PCBPlatingTechnology0.5167工学,7,必修,,,,,,待查教学大纲（专业课）
工学院,机械电子工程,第7学期,3073009905,SubjectPracticeon1.535工学16-20周,20,必修,,,,,,待查教学大纲（专业课）
工学院,机械电子工程,第7学期,3073009906,125工学16-17周CourseDesignofDigitalCircuits,17,必修,,,,,,待查教学大纲（专业课）
工学院,机械电子工程,第7学期,307300009002,1326工学ConfigurationControlTechnology,6,必修,,,,,,待查教学大纲（专业课）
工学院,机械电子工程,第7学期,3073009941,实践ComprehensiveTraining127工学15-18周,18,必修,,,,,,待查教学大纲（专业课）
工学院,机械电子工程,第7学期,307300008011,337工学第三学年ProductionPractice暑期进行,7,必修,,,,,,待查教学大纲（专业课）
工学院,机械电子工程,第7学期,3073009904,6127、8工学1-12周GraduationDesign(Thesis),12,必修,,,,,,待查教学大纲（专业课）
工学院,机械电子工程,7,,外语类课程,,必修类别,新视野大学英语（第三版·读写教程）,郑树棠,第3版,外语教学与研究出版社,,公共课已匹配
工学院,机械电子工程,7,,体育类课程,,必修类别,大学体育（教材）,本校编,最新版,校本教材,,公共课已匹配
工学院,自动化,第1学期,3143009003,中国近现代史纲要,3,必修,中国近现代史纲要（2023年版）,本书编写组,2023年版,高等教育出版社,,公共课已匹配
工学院,自动化,第1学期,310300001017,微积分A（1）,5,必修,高等数学（第七版·上/下册）,同济大学数学系,第7版,高等教育出版社,,公共课已匹配
工学院,自动化,第1学期,9093009905,军事技能,2,必修,军事训练教程,教育部军委国防动员部,2023版,高等教育出版社,,公共课已匹配
工学院,自动化,第1学期,307300007056,工程图学,3.5,必修,,,,,,待查教学大纲（专业课）
工学院,自动化,第1学期,3173009118,C语言程序设计,2,必修,,,,,,待查教学大纲（专业课）
工学院,自动化,第1学期,317300001008,人工智能应用基础,2,必修,人工智能基础（通识）,大学计算机课程教指委,最新版,高等教育出版社,,公共课已匹配
工学院,自动化,第1学期,317300001009,人工智能应用基础实验,1,必修,人工智能基础（通识）,大学计算机课程教指委,最新版,高等教育出版社,,公共课已匹配
工学院,自动化,第1学期,202300006005,大学生心理发展与指导1第一学年修读完成,1,必修,大学生心理健康教育,郑日昌,最新版,高等教育出版社,,公共课已匹配
工学院,自动化,第1学期,202300008001,大学生心理素质拓展,1,必修,大学生心理健康教育,郑日昌,最新版,高等教育出版社,,公共课已匹配
工学院,自动化,第1学期,307300006003,专业导论与工程伦理,1,必修,,,,,,待查教学大纲（专业课）
工学院,自动化,1,,外语类课程,,必修类别,新视野大学英语（第三版·读写教程）,郑树棠,第3版,外语教学与研究出版社,,公共课已匹配
工学院,自动化,1,,体育类课程,,必修类别,大学体育（教材）,本校编,最新版,校本教材,,公共课已匹配
工学院,自动化,第2学期,314300001006,思想道德与法治,3,必修,思想道德与法治（2023年版）,本书编写组,2023年版,高等教育出版社,,公共课已匹配
工学院,自动化,第2学期,3143009104,形势与政策（一）,1,必修,形势与政策（最新版）,教育部组编,每年更新,高等教育出版社,,公共课已匹配
工学院,自动化,第2学期,310300001032,微积分A（2）,5,必修,高等数学（第七版·上/下册）,同济大学数学系,第7版,高等教育出版社,,公共课已匹配
工学院,自动化,第2学期,310300001025,线性代数B,2,必修,线性代数（第六版）,同济大学数学系,第6版,高等教育出版社,9787040396632,公共课已匹配
工学院,自动化,第2学期,310300001028,大学物理C,2,必修,物理学（第七版）,马文蔚,第7版,高等教育出版社,,公共课已匹配
工学院,自动化,第2学期,307300007097,计算机绘图A,1.5,必修,,,,,,待查教学大纲（专业课）
工学院,自动化,第2学期,307300008005,工程实训（一）,2,必修,,,,,,待查教学大纲（专业课）
工学院,自动化,第2学期,9093009904,军事理论,2,必修,军事理论课教程,教育部军委国防动员部,2023版,高等教育出版社,,公共课已匹配
工学院,自动化,第2学期,9093009774,大学生创新创业基础1第一学年修读完成,1,必修,大学生创新创业基础,本校编,最新版,高等教育出版社,,公共课已匹配
工学院,自动化,第2学期,3113009824,写作与沟通1第一学年修读完成,1,必修,写作与沟通,马工程/本校编,最新版,高等教育出版社,,公共课已匹配
工学院,自动化,2,,外语类课程,,必修类别,新视野大学英语（第三版·读写教程）,郑树棠,第3版,外语教学与研究出版社,,公共课已匹配
工学院,自动化,2,,体育类课程,,必修类别,大学体育（教材）,本校编,最新版,校本教材,,公共课已匹配
工学院,自动化,第2学期,314300001008,3社会主义理论体系概论,3,必修,,,,,,待查教学大纲（专业课）
工学院,自动化,第2学期,314300001009,3社会主义思想概论,3,必修,,,,,,待查教学大纲（专业课）
工学院,自动化,第2学期,310300001022,概率论与数理统计B,3,必修,概率论与数理统计（第五版）,盛骤 谢式千,第5版,高等教育出版社,9787040384876,公共课已匹配
工学院,自动化,第2学期,3073009344,理论力学,4,必修,,,,,,待查教学大纲（专业课）
工学院,自动化,第2学期,3103009238,工科普通化学,2,必修,普通化学（第二版）,浙江大学普通化学教研组,第2版,高等教育出版社,,公共课已匹配
工学院,自动化,第2学期,307300007069,工程材料及机械制造基础,4,必修,,,,,,待查教学大纲（专业课）
工学院,自动化,第2学期,307300008006,工程实训（二）,2,必修,,,,,,待查教学大纲（专业课）
工学院,自动化,2,,外语类课程,,必修类别,新视野大学英语（第三版·读写教程）,郑树棠,第3版,外语教学与研究出版社,,公共课已匹配
工学院,自动化,2,,体育类课程,,必修类别,大学体育（教材）,本校编,最新版,校本教材,,公共课已匹配
工学院,自动化,第4学期,314300001007,马克思主义基本原理,3,必修,马克思主义基本原理（2023年版）,本书编写组,2023年版,高等教育出版社,,公共课已匹配
工学院,自动化,第4学期,307300007017,模拟电子技术B,4,必修,,,,,,待查教学大纲（专业课）
工学院,自动化,第4学期,3073009120,数字电路与逻辑设计,3,必修,,,,,,待查教学大纲（专业课）
工学院,自动化,第4学期,3073009111,电工电子学实验,1,必修,,,,,,待查教学大纲（专业课）
工学院,自动化,第4学期,317300007093,数值分析,4,必修,,,,,,待查教学大纲（专业课）
工学院,自动化,第4学期,310300007044,复变函数与积分变换,3,必修,,,,,,待查教学大纲（专业课）
工学院,自动化,第4学期,3073009108,电工技术A,2,必修,,,,,,待查教学大纲（专业课）
工学院,自动化,4,,外语类课程,,必修类别,新视野大学英语（第三版·读写教程）,郑树棠,第3版,外语教学与研究出版社,,公共课已匹配
工学院,自动化,4,,体育类课程,,必修类别,大学体育（教材）,本校编,最新版,校本教材,,公共课已匹配
工学院,自动化,第5学期,9093009903,社会实践13周，第二学年暑期进行,3,必修,,,,,,待查教学大纲（专业课）
工学院,自动化,第5学期,307300007024,自动控制原理A,5,必修,,,,,,待查教学大纲（专业课）
工学院,自动化,第5学期,307300009009,控制理论综合实验,1,必修,,,,,,待查教学大纲（专业课）
工学院,自动化,第5学期,307300007006,工程测试与信息处理A,3,必修,,,,,,待查教学大纲（专业课）
工学院,自动化,第5学期,3073009905,电子技术实践13周,3,必修,,,,,,待查教学大纲（专业课）
工学院,自动化,第5学期,3073009906,数字电路课程设计12周,2,必修,,,,,,待查教学大纲（专业课）
工学院,自动化,第5学期,3073009222,模式识别,2,必修,,,,,,待查教学大纲（专业课）
工学院,自动化,第5学期,3073009124,数字信号处理,2,必修,,,,,,待查教学大纲（专业课）
工学院,自动化,第5学期,307300009015,单片机技术与应用,1,必修,,,,,,待查教学大纲（专业课）
工学院,自动化,第5学期,307300007058,计算机视觉与深度学习图像处理,1,必修,,,,,,待查教学大纲（专业课）
工学院,自动化,第6学期,3073009185,过程控制,3,必修,,,,,,待查教学大纲（专业课）
工学院,自动化,第6学期,307300007089,电力拖动与运动控制,4,必修,,,,,,待查教学大纲（专业课）
工学院,自动化,第6学期,3073009158,微机原理与接口技术,3,必修,,,,,,待查教学大纲（专业课）
工学院,自动化,第6学期,3073009948,农业工程创新创业实践21-6学期开设,6,必修,,,,,,待查教学大纲（专业课）
工学院,自动化,第6学期,307300009002,组态控制技术,1,必修,,,,,,待查教学大纲（专业课）
工学院,自动化,第7学期,3073009941,自动控制综合训练12周,2,必修,,,,,,待查教学大纲（专业课）
工学院,自动化,第7学期,307300008011,生产实习3第三学年暑期进行,3,必修,,,,,,待查教学大纲（专业课）
工学院,自动化,第7学期,3073009941,自动控制综合训练,1,必修,,,,,,待查教学大纲（专业课）
工学院,自动化,第7学期,307300009013,PCB制板技术与实践,0.5,必修,,,,,,待查教学大纲（专业课）
工学院,自动化,第8学期,3073000904,毕业论文（设计）612周,12,必修,,,,,,待查教学大纲（专业课）
工学院,自动化,第8学期,3143009104,形势与政策（二）1不计入总学分,1,必修,形势与政策（最新版）,教育部组编,每年更新,高等教育出版社,,公共课已匹配
工学院,自动化,第8学期,3143009003,3484261马院OutlineofModernChineseHistory,1,必修,,,,,,待查教学大纲（专业课）
工学院,自动化,第8学期,314300001006,3484262马院IdeologyMoralityandRuleofLaw,2,必修,,,,,,待查教学大纲（专业课）
工学院,自动化,第8学期,314300001008,BasicTheoryofMaoZedong3484083马院,3,必修,,,,,,待查教学大纲（专业课）
工学院,自动化,第8学期,314300001009,BasicTheoryofXiJinping3484083马院,3,必修,,,,,,待查教学大纲（专业课）
工学院,自动化,第8学期,314300001007,3484264马院BasicKnowledgeofMarxism,4,必修,,,,,,待查教学大纲（专业课）
工学院,自动化,第8学期,3143009104,116161-2马院SituationandPolicyEducation(Ⅰ),2,必修,,,,,,待查教学大纲（专业课）
工学院,自动化,8,,体育类课程必修，实行选项制，一、二年级要求每学期修满1,,必修类别,大学体育（教材）,本校编,最新版,校本教材,,公共课已匹配
工学院,自动化,8,,体育类课程教学详见《华中农业大学体育教学改革实施方案》。,,必修类别,大学体育（教材）,本校编,最新版,校本教材,,公共课已匹配
工学院,自动化,第8学期,9093009904,232322MilitaryTheory生院,2,必修,,,,,,待查教学大纲（专业课）
工学院,自动化,第8学期,3113009824,116161/2文法WritingandCommunication,2,必修,,,,,,待查教学大纲（专业课）
工学院,自动化,第8学期,202300006005,PsychologicalDevelopmentand116161生院,1,必修,,,,,,待查教学大纲（专业课）
工学院,自动化,第8学期,9093009774,InnovationandEntrepreneurship116162生院,2,必修,,,,,,待查教学大纲（专业课）
工学院,自动化,第8学期,307300006003,IntroductionofMajorand116161工学,1,必修,,,,,,待查教学大纲（专业课）
工学院,自动化,第8学期,310300001017,微积分A（1）580801信息CalculusA（I）,1,必修,高等数学（第七版·上/下册）,同济大学数学系,第7版,高等教育出版社,,公共课已匹配
工学院,自动化,第8学期,307300007056,3.556561工学EngineeringGraphics,1,必修,,,,,,待查教学大纲（专业课）
工学院,自动化,第8学期,310300001032,微积分A（2）580802信息CalculusA（II）,2,必修,高等数学（第七版·上/下册）,同济大学数学系,第7版,高等教育出版社,,公共课已匹配
工学院,自动化,第8学期,310300001025,线性代数B232322信息LinearAlgebraB,2,必修,线性代数（第六版）,同济大学数学系,第6版,高等教育出版社,9787040396632,公共课已匹配
工学院,自动化,第8学期,310300001029,大学物理C232322工学CollegePhysics,2,必修,物理学（第七版）,马文蔚,第7版,高等教育出版社,,公共课已匹配
工学院,自动化,第8学期,310300001022,概率论与数理统计B348483信息ProbabilityandStatisticsB,3,必修,概率论与数理统计（第五版）,盛骤 谢式千,第5版,高等教育出版社,9787040384876,公共课已匹配
工学院,自动化,第8学期,3103009238,2322843化学EngineeringGeneralChemistry,3,必修,,,,,,待查教学大纲（专业课）
工学院,自动化,第8学期,3073009108,电工技术A232324工学ElectroTechnicsA,4,必修,,,,,,待查教学大纲（专业课）
工学院,自动化,第8学期,307300007025,电子技术A348484工学ElectronicTechnologyA,4,必修,,,,,,待查教学大纲（专业课）
工学院,自动化,第8学期,310300007044,ComplexAnalysisand348484信息,4,必修,,,,,,待查教学大纲（专业课）
工学院,自动化,第8学期,3173009118,C语言程序设计24024161信息CProgramming,1,必修,,,,,,待查教学大纲（专业课）
工学院,自动化,第8学期,317300001008,2323201信息ArtificialIntelligenceTheory,1,必修,,,,,,待查教学大纲（专业课）
工学院,自动化,第8学期,317300001009,1300301信息ArtificialIntelligenceExperiment,1,必修,,,,,,待查教学大纲（专业课）
工学院,自动化,第8学期,307300007061,23220124工学ComputerVisiontheoryandApplication,4,必修,,,,,,待查教学大纲（专业课）
工学院,自动化,第8学期,3073009344,464643工学TheoreticMechanics,3,必修,,,,,,待查教学大纲（专业课）
工学院,自动化,第8学期,307300007069,FundamentalsofEngineeringMaterial45656163工学,3,必修,,,,,,待查教学大纲（专业课）
工学院,自动化,第8学期,307300007072,464644工学TheoryofMachinesandMechanisms,4,必修,,,,,,待查教学大纲（专业课）
工学院,自动化,第8学期,307300007073,自动控制原理B348485工学PrincipleofAutomaticControlB,5,必修,,,,,,待查教学大纲（专业课）
工学院,自动化,第8学期,307300007080,46448165工学RoboticSystemsDesignandApplication,5,必修,,,,,,待查教学大纲（专业课）
工学院,自动化,第8学期,307300007081,348485工学Robotics,5,必修,,,,,,待查教学大纲（专业课）
工学院,自动化,第8学期,3073009158,PrinciplesofMicro-Computer3484086工学,6,必修,,,,,,待查教学大纲（专业课）
工学院,自动化,第8学期,307300007095,464646工学IntelligentManufacturingTechnology,6,必修,,,,,,待查教学大纲（专业课）
工学院,自动化,第8学期,307300007075,348487工学SensorandDetectionTechnology,7,必修,,,,,,待查教学大纲（专业课）
工学院,自动化,第8学期,3073009349,132323工学ExperimentofCNCmachining,3,必修,,,,,,待查教学大纲（专业课）
工学院,自动化,第8学期,3073009104,464644工学MaterialMechanics,4,必修,,,,,,待查教学大纲（专业课）
工学院,自动化,第8学期,3073009334,348485工学MechanicalDesign,5,必修,,,,,,待查教学大纲（专业课）
工学院,自动化,第8学期,307300007078,MachineElectricityTransmissionand34832165工学,5,必修,,,,,,待查教学大纲（专业课）
工学院,自动化,第8学期,3073009295,232325工学MechanismCreaticeDesign,5,必修,,,,,,待查教学大纲（专业课）
工学院,自动化,第8学期,3073009153,232325工学ModernDesignMethods,5,必修,,,,,,待查教学大纲（专业课）
工学院,自动化,第8学期,3073009152,2322666工学HydraulicTransmission,6,必修,,,,,,待查教学大纲（专业课）
工学院,自动化,第8学期,3073009154,2323026工学ExperimentalDesignandDataAnalysis,6,必修,,,,,,待查教学大纲（专业课）
工学院,自动化,第8学期,307300007089,4645686工学ElectricalTowageandMotionControl,6,必修,,,,,,待查教学大纲（专业课）
工学院,自动化,第8学期,307300009014,Fundamentalsofengineering124247工学,7,必修,,,,,,待查教学大纲（专业课）
工学院,自动化,第8学期,3073009120,348484工学DigitalCircuitsandLogicalSystem,4,必修,,,,,,待查教学大纲（专业课）
工学院,自动化,第8学期,3073009185,232325工学ProcessControl,5,必修,,,,,,待查教学大纲（专业课）
工学院,自动化,第8学期,3073009124,2322665工学DigitalSignalProcessing,5,必修,,,,,,待查教学大纲（专业课）
工学院,自动化,第8学期,3073009142,2322846工学MotionControlSystems,6,必修,,,,,,待查教学大纲（专业课）
工学院,自动化,第8学期,307300007003,FundamentalsofElectricalControl2322486工学TechnologyandProgramming,6,必修,,,,,,待查教学大纲（专业课）
工学院,自动化,第8学期,307300007015,232326工学ComputerControlTechnology,6,必修,,,,,,待查教学大纲（专业课）
工学院,自动化,第8学期,3073009160,2323026工学Electric-HydraulicControlEngineering,6,必修,,,,,,待查教学大纲（专业课）
工学院,自动化,第8学期,3103009388,嵌入式系统B2.5403287信息EmbeddedSystemsB,7,必修,,,,,,待查教学大纲（专业课）
工学院,自动化,第8学期,307300007036,NavigationTechnologyof2322487工学,7,必修,,,,,,待查教学大纲（专业课）
工学院,自动化,第8学期,307300009013,PCB制板技术与实践0.515155工院PCBPlatingTechnologyandPractice,5,必修,,,,,,待查教学大纲（专业课）
工学院,自动化,第8学期,307300009002,132326工学ConfigurationcontrolTechnology,6,必修,,,,,,待查教学大纲（专业课）
工学院,自动化,第8学期,3073009341,SignalProcessinginMeasurement1161604工学,4,必修,,,,,,待查教学大纲（专业课）
工学院,自动化,第8学期,307300007006,EngineeringTestandSignal3484085工学,5,必修,,,,,,待查教学大纲（专业课）
工学院,自动化,第8学期,3073009324,ArtificialNeuralNetwork2322485工学,5,必修,,,,,,待查教学大纲（专业课）
工学院,自动化,第8学期,307300007092,1.524245工学AgriculturalRobot,5,必修,,,,,,待查教学大纲（专业课）
工学院,自动化,第8学期,307300007034,2323026工学AgriculturalInternetofThings,6,必修,,,,,,待查教学大纲（专业课）
工学院,自动化,第8学期,3073009222,2322846工学PatternRecognition,6,必修,,,,,,待查教学大纲（专业课）
工学院,自动化,第8学期,317300007007,24024166信息InternetofThingsEngineering,6,必修,,,,,,待查教学大纲（专业课）
工学院,自动化,第8学期,306300007007,348486经管EnterpriseManagement,6,必修,,,,,,待查教学大纲（专业课）
工学院,自动化,第8学期,3103009022,232326信息TheInternetMassDataProcessing,6,必修,,,,,,待查教学大纲（专业课）
工学院,自动化,第8学期,317300007004,计算机网络B36040204信息ComputerNetworksB,4,必修,,,,,,待查教学大纲（专业课）
工学院,自动化,第8学期,310300001040,24024166信息CalculationMethods,6,必修,,,,,,待查教学大纲（专业课）
工学院,自动化,第8学期,9093009905,231Militaryskills生院,1,必修,,,,,,待查教学大纲（专业课）
工学院,自动化,第8学期,9093009906,Innovationand11-7生院,7,必修,,,,,,待查教学大纲（专业课）
工学院,自动化,第8学期,202300008001,ThePracticeofMentalHealth1301生院,1,必修,,,,,,待查教学大纲（专业课）
工学院,自动化,第8学期,3143009105,SituationandPolicy1303-8马院,8,必修,,,,,,待查教学大纲（专业课）
工学院,自动化,第8学期,9093009903,134团委SocialPractice,4,必修,,,,,,待查教学大纲（专业课）
工学院,自动化,第8学期,110300008001,1301-7团委VolunteerService,7,必修,,,,,,待查教学大纲（专业课）
工学院,自动化,第8学期,110300008002,11-7团委AestheticPractice,7,必修,,,,,,待查教学大纲（专业课）
工学院,自动化,第8学期,307300007097,计算机绘图A1.5482工学ComputerGraphicsA,2,必修,,,,,,待查教学大纲（专业课）
工学院,自动化,第8学期,307300008005,222工学实践EngineeringTraining(Ⅰ),2,必修,,,,,,待查教学大纲（专业课）
工学院,自动化,第8学期,307300008006,223工学EngineeringTraining(II),3,必修,,,,,,待查教学大纲（专业课）
工学院,自动化,第8学期,3073009111,Electronictechnologysimulation1304工学,4,必修,,,,,,待查教学大纲（专业课）
工学院,自动化,第8学期,307300009015,TechnologyandApplication1306工学,6,必修,,,,,,待查教学大纲（专业课）
工学院,自动化,第8学期,307300009009,1305工学TrainingforControlTheory,5,必修,,,,,,待查教学大纲（专业课）
工学院,自动化,第8学期,3073009366,ExperimentofInnovationand1305工学,5,必修,,,,,,待查教学大纲（专业课）
工学院,自动化,第8学期,3073009353,VirtualPrototyping1305工学,5,必修,,,,,,待查教学大纲（专业课）
工学院,自动化,第8学期,3073009906,125工学16-17周CourseDesignofDigitalCircuits,17,必修,,,,,,待查教学大纲（专业课）
工学院,自动化,第8学期,307300008003,SubjectPracticeonElectrical115工学16-20周,20,必修,,,,,,待查教学大纲（专业课）
工学院,自动化,第8学期,3073009948,InnovationandEntrepreneurship1-20和2601-6工学PracticesofClassificationon暑假期间,6,必修,,,,,,待查教学大纲（专业课）
工学院,自动化,第8学期,307300008009,246工学RobotCognitivePractice,6,必修,,,,,,待查教学大纲（专业课）
工学院,自动化,第8学期,3073009263,PrimaryIntroductionand130247工学ApplicationExperiments,7,必修,,,,,,待查教学大纲（专业课）
工学院,自动化,第8学期,3073009943,337工学第三学年ProductionPractice暑期进行,7,必修,,,,,,待查教学大纲（专业课）
工学院,自动化,第8学期,3073009904,6127、8工学1-12周GraduationDesign(Thesis),12,必修,,,,,,待查教学大纲（专业课）
工学院,自动化,8,,外语类课程,,必修类别,新视野大学英语（第三版·读写教程）,郑树棠,第3版,外语教学与研究出版社,,公共课已匹配
工学院,自动化,8,,体育类课程,,必修类别,大学体育（教材）,本校编,最新版,校本教材,,公共课已匹配
工学院,机器人工程,第1学期,3143009003,中国近现代史纲要,3,必修,中国近现代史纲要（2023年版）,本书编写组,2023年版,高等教育出版社,,公共课已匹配
工学院,机器人工程,第1学期,310300001017,微积分A（1）,5,必修,高等数学（第七版·上/下册）,同济大学数学系,第7版,高等教育出版社,,公共课已匹配
工学院,机器人工程,第1学期,9093009905,军事技能,2,必修,军事训练教程,教育部军委国防动员部,2023版,高等教育出版社,,公共课已匹配
工学院,机器人工程,第1学期,307300007056,工程图学,3.5,必修,,,,,,待查教学大纲（专业课）
工学院,机器人工程,第1学期,3173009118,C语言程序设计,2,必修,,,,,,待查教学大纲（专业课）
工学院,机器人工程,第1学期,317300001008,人工智能应用基础,2,必修,人工智能基础（通识）,大学计算机课程教指委,最新版,高等教育出版社,,公共课已匹配
工学院,机器人工程,第1学期,317300001009,人工智能应用基础实验,1,必修,人工智能基础（通识）,大学计算机课程教指委,最新版,高等教育出版社,,公共课已匹配
工学院,机器人工程,第1学期,202300006005,大学生心理发展与指导1第一学年修读完成,1,必修,大学生心理健康教育,郑日昌,最新版,高等教育出版社,,公共课已匹配
工学院,机器人工程,第1学期,202300008001,大学生心理素质拓展,1,必修,大学生心理健康教育,郑日昌,最新版,高等教育出版社,,公共课已匹配
工学院,机器人工程,第1学期,307300006003,专业导论与工程伦理,1,必修,,,,,,待查教学大纲（专业课）
工学院,机器人工程,1,,外语类课程,,必修类别,新视野大学英语（第三版·读写教程）,郑树棠,第3版,外语教学与研究出版社,,公共课已匹配
工学院,机器人工程,1,,体育类课程,,必修类别,大学体育（教材）,本校编,最新版,校本教材,,公共课已匹配
工学院,机器人工程,第2学期,314300001006,思想道德与法治,3,必修,思想道德与法治（2023年版）,本书编写组,2023年版,高等教育出版社,,公共课已匹配
工学院,机器人工程,第2学期,3143009104,形势与政策（一）,1,必修,形势与政策（最新版）,教育部组编,每年更新,高等教育出版社,,公共课已匹配
工学院,机器人工程,第2学期,310300001032,微积分A（2）,5,必修,高等数学（第七版·上/下册）,同济大学数学系,第7版,高等教育出版社,,公共课已匹配
工学院,机器人工程,第2学期,310300001025,线性代数B,2,必修,线性代数（第六版）,同济大学数学系,第6版,高等教育出版社,9787040396632,公共课已匹配
工学院,机器人工程,第2学期,310300001029,大学物理C,2,必修,物理学（第七版）,马文蔚,第7版,高等教育出版社,,公共课已匹配
工学院,机器人工程,第2学期,307300007097,计算机绘图A,1.5,必修,,,,,,待查教学大纲（专业课）
工学院,机器人工程,第2学期,307300008005,工程实训（一）,2,必修,,,,,,待查教学大纲（专业课）
工学院,机器人工程,第2学期,9093009904,军事理论,2,必修,军事理论课教程,教育部军委国防动员部,2023版,高等教育出版社,,公共课已匹配
工学院,机器人工程,第2学期,9093009774,大学生创新创业基础1第一学年修读完成,1,必修,大学生创新创业基础,本校编,最新版,高等教育出版社,,公共课已匹配
工学院,机器人工程,第2学期,3113009824,写作与沟通1第一学年修读完成,1,必修,写作与沟通,马工程/本校编,最新版,高等教育出版社,,公共课已匹配
工学院,机器人工程,2,,外语类课程,,必修类别,新视野大学英语（第三版·读写教程）,郑树棠,第3版,外语教学与研究出版社,,公共课已匹配
工学院,机器人工程,2,,体育类课程,,必修类别,大学体育（教材）,本校编,最新版,校本教材,,公共课已匹配
工学院,机器人工程,第3学期,314300001008,3社会主义理论体系概论,3,必修,,,,,,待查教学大纲（专业课）
工学院,机器人工程,第3学期,314300001009,3社会主义思想概论,3,必修,,,,,,待查教学大纲（专业课）
工学院,机器人工程,第3学期,310300001022,概率论与数理统计B,3,必修,概率论与数理统计（第五版）,盛骤 谢式千,第5版,高等教育出版社,9787040384876,公共课已匹配
工学院,机器人工程,第3学期,3103009238,工科普通化学,2,必修,普通化学（第二版）,浙江大学普通化学教研组,第2版,高等教育出版社,,公共课已匹配
工学院,机器人工程,第3学期,3073009344,理论力学,4,必修,,,,,,待查教学大纲（专业课）
工学院,机器人工程,第3学期,307300007069,工程材料及机械制造基础,4,必修,,,,,,待查教学大纲（专业课）
工学院,机器人工程,第3学期,307300008006,工程实训（二）,2,必修,,,,,,待查教学大纲（专业课）
工学院,机器人工程,3,,外语类课程,,必修类别,新视野大学英语（第三版·读写教程）,郑树棠,第3版,外语教学与研究出版社,,公共课已匹配
工学院,机器人工程,3,,体育类课程,,必修类别,大学体育（教材）,本校编,最新版,校本教材,,公共课已匹配
工学院,机器人工程,第3学期,314300007007,马克思主义基本原理,3,必修,马克思主义基本原理（2023年版）,本书编写组,2023年版,高等教育出版社,,公共课已匹配
工学院,机器人工程,第3学期,310300007044,复变函数与积分变换,3,必修,,,,,,待查教学大纲（专业课）
工学院,机器人工程,第3学期,3073009108,电工技术A,2,必修,,,,,,待查教学大纲（专业课）
工学院,机器人工程,第3学期,307300007025,电子技术A,3,必修,,,,,,待查教学大纲（专业课）
工学院,机器人工程,第3学期,307300007072,机械原理,4,必修,,,,,,待查教学大纲（专业课）
工学院,机器人工程,第3学期,307300007061,计算机视觉原理与应用,2,必修,,,,,,待查教学大纲（专业课）
工学院,机器人工程,第3学期,3073009111,电工电子学实验,1,必修,,,,,,待查教学大纲（专业课）
工学院,机器人工程,第3学期,9093009903,社会实践13周，第二学年暑期进行,3,必修,,,,,,待查教学大纲（专业课）
工学院,机器人工程,3,,外语类课程,,必修类别,新视野大学英语（第三版·读写教程）,郑树棠,第3版,外语教学与研究出版社,,公共课已匹配
工学院,机器人工程,3,,体育类课程,,必修类别,大学体育（教材）,本校编,最新版,校本教材,,公共课已匹配
工学院,机器人工程,第5学期,317300007005,数据结构与算法,4,必修,,,,,,待查教学大纲（专业课）
工学院,机器人工程,第5学期,307300007073,自动控制原理B,3,必修,,,,,,待查教学大纲（专业课）
工学院,机器人工程,第5学期,307300007080,机器人系统设计与应用,4,必修,,,,,,待查教学大纲（专业课）
工学院,机器人工程,第5学期,307300007081,机器人学,3,必修,,,,,,待查教学大纲（专业课）
工学院,机器人工程,第5学期,307300009009,控制理论综合实验,1,必修,,,,,,待查教学大纲（专业课）
工学院,机器人工程,第5学期,3073009353,虚拟样机技术实验,1,必修,,,,,,待查教学大纲（专业课）
工学院,机器人工程,第5学期,3073009366,机构方案创新与设计实验,1,必修,,,,,,待查教学大纲（专业课）
工学院,机器人工程,第5学期,3073009906,数字电路课程设计,1,必修,,,,,,待查教学大纲（专业课）
工学院,机器人工程,第5学期,307300008003,电工电子技术实习,1,必修,,,,,,待查教学大纲（专业课）
工学院,机器人工程,第6学期,3073009158,微机原理与接口技术,3,必修,,,,,,待查教学大纲（专业课）
工学院,机器人工程,第6学期,307300007095,智能制造技术,4,必修,,,,,,待查教学大纲（专业课）
工学院,机器人工程,第6学期,307300008009,机器人认知与创新实践,2,必修,,,,,,待查教学大纲（专业课）
工学院,机器人工程,第6学期,307300009015,单片机技术与应用,1,必修,,,,,,待查教学大纲（专业课）
工学院,机器人工程,第6学期,3073009948,农业工程创新创业实践21-6学期开设,6,必修,,,,,,待查教学大纲（专业课）
工学院,机器人工程,6,,通识课程,,选修类别,,,,,,待查教学大纲（专业课）
工学院,机器人工程,第7学期,307300007075,传感器与无损检测技术,3,必修,,,,,,待查教学大纲（专业课）
工学院,机器人工程,第7学期,3073009263,Matlab基础与应用实验,1,必修,,,,,,待查教学大纲（专业课）
工学院,机器人工程,第7学期,3073009943,机器人工程专业实习24周，第三学年暑期进行,4,必修,,,,,,待查教学大纲（专业课）
工学院,机器人工程,第7学期,3143009104,形势与政策（二）,1,必修,形势与政策（最新版）,教育部组编,每年更新,高等教育出版社,,公共课已匹配
工学院,机器人工程,第7学期,3073000904,毕业设计（论文）612周,12,必修,,,,,,待查教学大纲（专业课）
工学院,机器人工程,第7学期,3143009003,3484261马院OutlineofModernChineseHistory,1,必修,,,,,,待查教学大纲（专业课）
工学院,机器人工程,第7学期,314300001006,3484262马院IdeologyMoralityandRuleofLaw,2,必修,,,,,,待查教学大纲（专业课）
工学院,机器人工程,第7学期,314300001008,BasicTheoryofMaoZedong3484083马院,3,必修,,,,,,待查教学大纲（专业课）
工学院,机器人工程,第7学期,314300001009,BasicTheoryofXiJinping3484083马院,3,必修,,,,,,待查教学大纲（专业课）
工学院,机器人工程,第7学期,314300001007,3484264马院BasicKnowledgeofMarxism,4,必修,,,,,,待查教学大纲（专业课）
工学院,机器人工程,第7学期,3143009104,116161-2马院SituationandPolicyEducation(Ⅰ),2,必修,,,,,,待查教学大纲（专业课）
工学院,机器人工程,7,,体育类课程必修，实行选项制，一、二年级要求每学期修满1,,必修类别,大学体育（教材）,本校编,最新版,校本教材,,公共课已匹配
工学院,机器人工程,7,,体育类课程教学详见《华中农业大学体育教学改革实施方案》。,,必修类别,大学体育（教材）,本校编,最新版,校本教材,,公共课已匹配
工学院,机器人工程,第7学期,9093009904,232322MilitaryTheory生院,2,必修,,,,,,待查教学大纲（专业课）
工学院,机器人工程,第7学期,3113009824,116161/2文法WritingandCommunication,2,必修,,,,,,待查教学大纲（专业课）
工学院,机器人工程,第7学期,202300006005,PsychologicalDevelopmentand116161生院,1,必修,,,,,,待查教学大纲（专业课）
工学院,机器人工程,第7学期,9093009774,InnovationandEntrepreneurship116162生院,2,必修,,,,,,待查教学大纲（专业课）
工学院,机器人工程,第7学期,307300006003,IntroductionofMajorand116161工学,1,必修,,,,,,待查教学大纲（专业课）
工学院,机器人工程,第7学期,310300001017,微积分A（1）580801信息Calculus（Ⅰ）,1,必修,高等数学（第七版·上/下册）,同济大学数学系,第7版,高等教育出版社,,公共课已匹配
工学院,机器人工程,第7学期,310300001032,微积分A（2）580802信息CalculusA（II）,2,必修,高等数学（第七版·上/下册）,同济大学数学系,第7版,高等教育出版社,9787308798,公共课已匹配
工学院,机器人工程,第7学期,310300001025,线性代数B232322信息LinearAlgebraB,2,必修,线性代数（第六版）,同济大学数学系,第6版,高等教育出版社,9787040396632,公共课已匹配
工学院,机器人工程,第7学期,310300001022,概率论与数理统计B348483信息ProbabilityandStatisticsB,3,必修,概率论与数理统计（第五版）,盛骤 谢式千,第5版,高等教育出版社,9787040384876,公共课已匹配
工学院,机器人工程,第7学期,310300007044,ComplexFunctionand348484信息,4,必修,,,,,,待查教学大纲（专业课）
工学院,机器人工程,第7学期,310300001029,大学物理C232322工学CollegePhysicsC,2,必修,物理学（第七版）,马文蔚,第7版,高等教育出版社,9787571720,公共课已匹配
工学院,机器人工程,第7学期,3103009238,2322843化学EngineeringGeneralChemistry,3,必修,,,,,,待查教学大纲（专业课）
工学院,机器人工程,第7学期,307300007056,3.556561工学EngineeringGraphics,1,必修,,,,,,待查教学大纲（专业课）
工学院,机器人工程,第7学期,3073009108,电工技术A232324工学ElectroTechnicsA,4,必修,,,,,,待查教学大纲（专业课）
工学院,机器人工程,第7学期,307300007065,InterchangeAbilityandMeasuring24024164工学,4,必修,,,,,,待查教学大纲（专业课）
工学院,机器人工程,第7学期,3073009152,2322666工学HydraulicTransmission,6,必修,,,,,,待查教学大纲（专业课）
工学院,机器人工程,第7学期,317300001008,2323201信息ArtificialIntelligenceTheory,1,必修,,,,,,待查教学大纲（专业课）
工学院,机器人工程,第7学期,317300001009,1300301信息ArtificialIntelligenceExperiment,1,必修,,,,,,待查教学大纲（专业课）
工学院,机器人工程,第7学期,3173009118,C语言程序设计24024161信息CProgramming,1,必修,,,,,,待查教学大纲（专业课）
工学院,机器人工程,第7学期,307300007059,GuidanceTechnologyofAgricultural1248165工学MachineryandApplications,5,必修,,,,,,待查教学大纲（专业课）
工学院,机器人工程,第7学期,3073009344,464643工学TheoreticMechanics,3,必修,,,,,,待查教学大纲（专业课）
工学院,机器人工程,第7学期,307300007069,FundamentalsofEngineeringMaterial47256163工学,3,必修,,,,,,待查教学大纲（专业课）
工学院,机器人工程,第7学期,3073009104,464644工学MaterialMechanics,4,必修,,,,,,待查教学大纲（专业课）
工学院,机器人工程,第7学期,307300007072,464644工学TheoryofMachinesandMechanisms,4,必修,,,,,,待查教学大纲（专业课）
工学院,机器人工程,第7学期,307300007025,电子技术A348484工学ElectronicTechnologyA,4,必修,,,,,,待查教学大纲（专业课）
工学院,机器人工程,第7学期,3073009334,348485工学MechanicalDesign,5,必修,,,,,,待查教学大纲（专业课）
工学院,机器人工程,第7学期,307300007084,4645685工学AutomobileandTechnology,5,必修,,,,,,待查教学大纲（专业课）
工学院,机器人工程,第7学期,307300007073,自动控制原理B3484085工学PrincipleofAutomaticControlB,5,必修,,,,,,待查教学大纲（专业课）
工学院,机器人工程,第7学期,307300007083,4645686工学AgriculturalMachineryScience,6,必修,,,,,,待查教学大纲（专业课）
工学院,机器人工程,第7学期,307300007006,EngineeringTestandSignal3484087工学,7,必修,,,,,,待查教学大纲（专业课）
工学院,机器人工程,第7学期,3013009180,232324植科IntroductiontoAgriculture,4,必修,,,,,,待查教学大纲（专业课）
工学院,机器人工程,第7学期,310300001040,24024166信息ComputationalMethods,6,必修,,,,,,待查教学大纲（专业课）
工学院,机器人工程,第7学期,306300007007,348486经管EnterpriseManagement,6,必修,,,,,,待查教学大纲（专业课）
工学院,机器人工程,第7学期,3073009328,3D打印技术实验132323工学Experimentof3DPrintingTechnology,3,必修,,,,,,待查教学大纲（专业课）
工学院,机器人工程,第7学期,3073009349,132323工学ComputerNumericalControlTechnology,3,必修,,,,,,待查教学大纲（专业课）
工学院,机器人工程,第7学期,3073009151,2322665工学EngineeringFluidMechanics,5,必修,,,,,,待查教学大纲（专业课）
工学院,机器人工程,第7学期,307300007064,EngineeringThermodynamics232325工学,5,必修,,,,,,待查教学大纲（专业课）
工学院,机器人工程,第7学期,3073009153,232325工学ModernDesignMethods,5,必修,,,,,,待查教学大纲（专业课）
工学院,机器人工程,第7学期,307300007078,机电传动控制B34832165工学ElectroMechanicalDrive&ControlB,5,必修,,,,,,待查教学大纲（专业课）
工学院,机器人工程,第7学期,3073009327,232325工学OperationalResearch,5,必修,,,,,,待查教学大纲（专业课）
工学院,机器人工程,第7学期,3073009171,PhysicalPropertiesof232325工学,5,必修,,,,,,待查教学大纲（专业课）
工学院,机器人工程,第7学期,3073009324,ArtificialNeuralNetwork2322485工学,5,必修,,,,,,待查教学大纲（专业课）
工学院,机器人工程,第7学期,3073009130,232325工学Metal-CuttingPrinciples&Cutters,5,必修,,,,,,待查教学大纲（专业课）
工学院,机器人工程,第7学期,3073009347,MechanizedAgricultural232326工学,6,必修,,,,,,待查教学大纲（专业课）
工学院,机器人工程,第7学期,3073009154,2323026工学ExperimentalDesignandDataAnalysis,6,必修,,,,,,待查教学大纲（专业课）
工学院,机器人工程,第7学期,307300007095,464646工学IntelligentManufacturingTechnology,6,必修,,,,,,待查教学大纲（专业课）
工学院,机器人工程,第7学期,3073009160,2323026工学Electric-HydraulicControlEngineering,6,必修,,,,,,待查教学大纲（专业课）
工学院,机器人工程,第7学期,3073009158,PrinciplesofMicro-Computer3484086工学,6,必修,,,,,,待查教学大纲（专业课）
工学院,机器人工程,第7学期,3073009223,2322846工学DigitalImageProcessing,6,必修,,,,,,待查教学大纲（专业课）
工学院,机器人工程,第7学期,307300007090,1.524246工学ProfessionalEnglishforEngineering,6,必修,,,,,,待查教学大纲（专业课）
工学院,机器人工程,第7学期,3073009206,232326工学AnimalHusbandryMachinery,6,必修,,,,,,待查教学大纲（专业课）
工学院,机器人工程,第7学期,307300007092,1.524247工学AgriculturalRobot,7,必修,,,,,,待查教学大纲（专业课）
工学院,机器人工程,第7学期,3073009263,PrimaryIntroductionand124247工学,7,必修,,,,,,待查教学大纲（专业课）
工学院,机器人工程,第7学期,307300009014,Fundamentalsofengineering124247工学,7,必修,,,,,,待查教学大纲（专业课）
工学院,机器人工程,第7学期,9093009905,231Militaryskills生院,1,必修,,,,,,待查教学大纲（专业课）
工学院,机器人工程,第7学期,9093009906,Innovationand11-7生院,7,必修,,,,,,待查教学大纲（专业课）
工学院,机器人工程,第7学期,202300008001,ThePracticeofMentalHealth1301生院,1,必修,,,,,,待查教学大纲（专业课）
工学院,机器人工程,第7学期,3143009105,实践1303-8马院SituationandPolicyEducation(Ⅱ),8,必修,,,,,,待查教学大纲（专业课）
工学院,机器人工程,第7学期,9093009903,114团委SocialPractice,4,必修,,,,,,待查教学大纲（专业课）
工学院,机器人工程,第7学期,110300008001,1301-7团委VolunteerService,7,必修,,,,,,待查教学大纲（专业课）
工学院,机器人工程,第7学期,110300008002,11-7团委AestheticPractice,7,必修,,,,,,待查教学大纲（专业课）
工学院,机器人工程,第7学期,307300007097,计算机绘图A1.5482工学ComputerGraphicsA,2,必修,,,,,,待查教学大纲（专业课）
工学院,机器人工程,第7学期,307300008005,222工学EngineeringTraining(Ⅰ),2,必修,,,,,,待查教学大纲（专业课）
工学院,机器人工程,第7学期,307300008006,223工学EngineeringTraining(Ⅱ),3,必修,,,,,,待查教学大纲（专业课）
工学院,机器人工程,第7学期,3073009111,Electrical&Electronic1244工学,4,必修,,,,,,待查教学大纲（专业课）
工学院,机器人工程,第7学期,307300008003,SubjectPracticeonElectrical115工学,5,必修,,,,,,待查教学大纲（专业课）
工学院,机器人工程,第7学期,307300009015,TechnologeandApplication1325工学,5,必修,,,,,,待查教学大纲（专业课）
工学院,机器人工程,第7学期,3073009903,ComprehensiveDesign245工学,5,必修,,,,,,待查教学大纲（专业课）
工学院,机器人工程,第7学期,3073009366,ExperimentofInnovationand1325工学,5,必修,,,,,,待查教学大纲（专业课）
工学院,机器人工程,第7学期,3073009353,VirtualPrototyping1325工学,5,必修,,,,,,待查教学大纲（专业课）
工学院,机器人工程,第7学期,3073009931,Trainingfor126工学,6,必修,,,,,,待查教学大纲（专业课）
工学院,机器人工程,第7学期,3073009946,实践ComprehensiveDesign126工学,6,必修,,,,,,待查教学大纲（专业课）
工学院,机器人工程,第7学期,3073009948,InnovationandEntrepreneurship2601-6工学PracticesofClassificationon,6,必修,,,,,,待查教学大纲（专业课）
工学院,机器人工程,第7学期,307300008011,337工学第三学年ProductionPractice暑期进行,7,必修,,,,,,待查教学大纲（专业课）
工学院,机器人工程,第7学期,3073009904,6127-8工学1-12GraduationDesign(Thesis),12,必修,,,,,,待查教学大纲（专业课）
工学院,机器人工程,7,,外语类课程,,必修类别,新视野大学英语（第三版·读写教程）,郑树棠,第3版,外语教学与研究出版社,,公共课已匹配
工学院,机器人工程,7,,体育类课程,,必修类别,大学体育（教材）,本校编,最新版,校本教材,,公共课已匹配
工学院,农业机械化及其自动化,第1学期,3143009003,中国近现代史纲要,3,必修,中国近现代史纲要（2023年版）,本书编写组,2023年版,高等教育出版社,,公共课已匹配
工学院,农业机械化及其自动化,第1学期,202300006005,大学生心理发展与指导1第一学年修读完成,1,必修,大学生心理健康教育,郑日昌,最新版,高等教育出版社,,公共课已匹配
工学院,农业机械化及其自动化,第1学期,307300006003,专业导论与工程伦理,1,必修,,,,,,待查教学大纲（专业课）
工学院,农业机械化及其自动化,第1学期,310300001017,微积分A（1）,5,必修,高等数学（第七版·上/下册）,同济大学数学系,第7版,高等教育出版社,9787308798,公共课已匹配
工学院,农业机械化及其自动化,第1学期,307300007056,工程图学,3.5,必修,,,,,,待查教学大纲（专业课）
工学院,农业机械化及其自动化,第1学期,317300001008,人工智能应用基础,2,必修,人工智能基础（通识）,大学计算机课程教指委,最新版,高等教育出版社,9787428708,公共课已匹配
工学院,农业机械化及其自动化,第1学期,317300001009,人工智能应用基础实验,1,必修,人工智能基础（通识）,大学计算机课程教指委,最新版,高等教育出版社,9787428708,公共课已匹配
工学院,农业机械化及其自动化,第1学期,3173009118,C语言程序设计,2,必修,,,,,,待查教学大纲（专业课）
工学院,农业机械化及其自动化,第1学期,9093009905,军事技能,2,必修,军事训练教程,教育部军委国防动员部,2023版,高等教育出版社,,公共课已匹配
工学院,农业机械化及其自动化,第1学期,202300008001,大学生心理素质拓展,1,必修,大学生心理健康教育,郑日昌,最新版,高等教育出版社,,公共课已匹配
工学院,农业机械化及其自动化,1,,外语类课程,,必修类别,新视野大学英语（第三版·读写教程）,郑树棠,第3版,外语教学与研究出版社,,公共课已匹配
工学院,农业机械化及其自动化,1,,体育类课程,,必修类别,大学体育（教材）,本校编,最新版,校本教材,,公共课已匹配
工学院,农业机械化及其自动化,第2学期,314300001006,思想道德与法治,3,必修,思想道德与法治（2023年版）,本书编写组,2023年版,高等教育出版社,,公共课已匹配
工学院,农业机械化及其自动化,第2学期,3143009104,形势与政策（一）,1,必修,形势与政策（最新版）,教育部组编,每年更新,高等教育出版社,,公共课已匹配
工学院,农业机械化及其自动化,第2学期,3113009824,写作与沟通1第一学年修读完成,1,必修,写作与沟通,马工程/本校编,最新版,高等教育出版社,,公共课已匹配
工学院,农业机械化及其自动化,第2学期,9093009904,军事理论,2,必修,军事理论课教程,教育部军委国防动员部,2023版,高等教育出版社,,公共课已匹配
工学院,农业机械化及其自动化,第2学期,9093009774,大学生创新创业基础1第一学年修读完成,1,必修,大学生创新创业基础,本校编,最新版,高等教育出版社,,公共课已匹配
工学院,农业机械化及其自动化,第2学期,310300001032,微积分A（2）,5,必修,高等数学（第七版·上/下册）,同济大学数学系,第7版,高等教育出版社,9787308798,公共课已匹配
工学院,农业机械化及其自动化,第2学期,310300001025,线性代数B,2,必修,线性代数（第六版）,同济大学数学系,第6版,高等教育出版社,9787040396632,公共课已匹配
工学院,农业机械化及其自动化,第2学期,310300001029,大学物理C,2,必修,物理学（第七版）,马文蔚,第7版,高等教育出版社,9787571720,公共课已匹配
工学院,农业机械化及其自动化,第2学期,307300008005,工程实训（一）,2,必修,,,,,,待查教学大纲（专业课）
工学院,农业机械化及其自动化,第2学期,307300007097,计算机绘图A,1.5,必修,,,,,,待查教学大纲（专业课）
工学院,农业机械化及其自动化,2,,外语类课程,,必修类别,新视野大学英语（第三版·读写教程）,郑树棠,第3版,外语教学与研究出版社,,公共课已匹配
工学院,农业机械化及其自动化,2,,体育类课程,,必修类别,大学体育（教材）,本校编,最新版,校本教材,,公共课已匹配
工学院,农业机械化及其自动化,第2学期,314300001008,3社会主义理论体系概论,3,必修,,,,,,待查教学大纲（专业课）
工学院,农业机械化及其自动化,第2学期,314300001009,3社会主义思想概论,3,必修,,,,,,待查教学大纲（专业课）
工学院,农业机械化及其自动化,第2学期,3103009009,概率论与数理统计B,3,必修,概率论与数理统计（第五版）,盛骤 谢式千,第5版,高等教育出版社,9787040384876,公共课已匹配
工学院,农业机械化及其自动化,第2学期,3103009238,工科普通化学,2,必修,普通化学（第二版）,浙江大学普通化学教研组,第2版,高等教育出版社,,公共课已匹配
工学院,农业机械化及其自动化,第2学期,3073009344,理论力学,4,必修,,,,,,待查教学大纲（专业课）
工学院,农业机械化及其自动化,第2学期,307300007069,工程材料及机械制造基础,4,必修,,,,,,待查教学大纲（专业课）
工学院,农业机械化及其自动化,第2学期,307300008006,工程实训（二）,2,必修,,,,,,待查教学大纲（专业课）
工学院,农业机械化及其自动化,2,,外语类课程,,必修类别,新视野大学英语（第三版·读写教程）,郑树棠,第3版,外语教学与研究出版社,,公共课已匹配
工学院,农业机械化及其自动化,2,,体育类课程,,必修类别,大学体育（教材）,本校编,最新版,校本教材,,公共课已匹配
工学院,农业机械化及其自动化,第4学期,314300001007,马克思主义基本原理,3,必修,马克思主义基本原理（2023年版）,本书编写组,2023年版,高等教育出版社,,公共课已匹配
工学院,农业机械化及其自动化,第4学期,310300007044,复变函数与积分变换,3,必修,,,,,,待查教学大纲（专业课）
工学院,农业机械化及其自动化,第4学期,3073009108,电工技术A,2,必修,,,,,,待查教学大纲（专业课）
工学院,农业机械化及其自动化,第4学期,3073009114,互换性与测量技术及实验,2,必修,,,,,,待查教学大纲（专业课）
工学院,农业机械化及其自动化,第4学期,3073009104,材料力学,4,必修,,,,,,待查教学大纲（专业课）
工学院,农业机械化及其自动化,第4学期,307300007072,机械原理,4,必修,,,,,,待查教学大纲（专业课）
工学院,农业机械化及其自动化,第4学期,307300007025,电子技术A,3,必修,,,,,,待查教学大纲（专业课）
工学院,农业机械化及其自动化,第4学期,3073009111,电工电子学实验,1,必修,,,,,,待查教学大纲（专业课）
工学院,农业机械化及其自动化,4,,外语类课程,,必修类别,新视野大学英语（第三版·读写教程）,郑树棠,第3版,外语教学与研究出版社,,公共课已匹配
工学院,农业机械化及其自动化,4,,体育类课程,,必修类别,大学体育（教材）,本校编,最新版,校本教材,,公共课已匹配
工学院,农业机械化及其自动化,第5学期,307300007059,农机导航技术与智慧农业应用,1,必修,,,,,,待查教学大纲（专业课）
工学院,农业机械化及其自动化,第5学期,3073009334,机械设计,3,必修,,,,,,待查教学大纲（专业课）
工学院,农业机械化及其自动化,第5学期,307300007084,汽车拖拉机学,4,必修,,,,,,待查教学大纲（专业课）
工学院,农业机械化及其自动化,第5学期,307300007073,自动控制原理B,3,必修,,,,,,待查教学大纲（专业课）
工学院,农业机械化及其自动化,第5学期,9093009903,社会实践13周，第二学年暑期进行,3,必修,,,,,,待查教学大纲（专业课）
工学院,农业机械化及其自动化,第5学期,307300008003,电工电子技术实习,1,必修,,,,,,待查教学大纲（专业课）
工学院,农业机械化及其自动化,第5学期,307300009015,单片机技术与应用,1,必修,,,,,,待查教学大纲（专业课）
工学院,农业机械化及其自动化,第5学期,3073009366,机构方案创新与设计实验,1,必修,,,,,,待查教学大纲（专业课）
工学院,农业机械化及其自动化,第5学期,3073000903,机械学综合课程设计24周,4,必修,,,,,,待查教学大纲（专业课）
工学院,农业机械化及其自动化,第5学期,3073009353,虚拟样机技术实验,1,必修,,,,,,待查教学大纲（专业课）
工学院,农业机械化及其自动化,5,,通识课程,,选修类别,,,,,,待查教学大纲（专业课）
工学院,农业机械化及其自动化,第6学期,3073009152,液压传动,2,必修,,,,,,待查教学大纲（专业课）
工学院,农业机械化及其自动化,第6学期,307300007083,农业机械学,4,必修,,,,,,待查教学大纲（专业课）
工学院,农业机械化及其自动化,第6学期,3073009946,农业机械学课程设计,1,必修,,,,,,待查教学大纲（专业课）
工学院,农业机械化及其自动化,第6学期,3073000931,现代农业装备综合训练,1,必修,,,,,,待查教学大纲（专业课）
工学院,农业机械化及其自动化,第6学期,3073009948,农业工程创新创业实践21-6学期开设,6,必修,,,,,,待查教学大纲（专业课）
工学院,农业机械化及其自动化,6,,通识课程,,选修类别,,,,,,待查教学大纲（专业课）
工学院,农业机械化及其自动化,第7学期,307300007006,工程测试与信息处理A,3,必修,,,,,,待查教学大纲（专业课）
工学院,农业机械化及其自动化,第7学期,307300008011,生产实习33周，第三学年暑期进行,3,必修,,,,,,待查教学大纲（专业课）
工学院,农业机械化及其自动化,第8学期,3143009105,形势与政策（二）13-8学期开设,8,必修,形势与政策（最新版）,教育部组编,每年更新,高等教育出版社,,公共课已匹配
工学院,农业机械化及其自动化,第8学期,3073000904,毕业设计（论文）612周,12,必修,,,,,,待查教学大纲（专业课）
工学院,农业机械化及其自动化,第8学期,3143009003,3484261马院OutlineofModernChineseHistory,1,必修,,,,,,待查教学大纲（专业课）
工学院,农业机械化及其自动化,第8学期,314300001006,3484262马院IdeologyMoralityandRuleofLaw,2,必修,,,,,,待查教学大纲（专业课）
工学院,农业机械化及其自动化,第8学期,314300001008,BasicTheoryofMaoZedong3484083马院,3,必修,,,,,,待查教学大纲（专业课）
工学院,农业机械化及其自动化,第8学期,314300001009,BasicTheoryofXiJinping3484083马院,3,必修,,,,,,待查教学大纲（专业课）
工学院,农业机械化及其自动化,第8学期,314300001007,3484264马院BasicKnowledgeofMarxism,4,必修,,,,,,待查教学大纲（专业课）
工学院,农业机械化及其自动化,第8学期,3143009104,116161-2马院SituationandPolicyEducation(Ⅰ),2,必修,,,,,,待查教学大纲（专业课）
工学院,农业机械化及其自动化,8,,体育类课程必修，实行选项制，一、二年级要求每学期修满1,,必修类别,大学体育（教材）,本校编,最新版,校本教材,,公共课已匹配
工学院,农业机械化及其自动化,8,,体育类课程教学详见《华中农业大学体育教学改革实施方案》。,,必修类别,大学体育（教材）,本校编,最新版,校本教材,,公共课已匹配
工学院,农业机械化及其自动化,第8学期,3113009824,1161601/2文法WritingandCommunication,2,必修,,,,,,待查教学大纲（专业课）
工学院,农业机械化及其自动化,第8学期,307300006003,IntroductionofMajorand1161601工学,1,必修,,,,,,待查教学大纲（专业课）
工学院,农业机械化及其自动化,第8学期,202300006005,PsychologicalDevelopmentand1161601生院,1,必修,,,,,,待查教学大纲（专业课）
工学院,农业机械化及其自动化,第8学期,9093009774,InnovationandEntrepreneurship1161602生院,2,必修,,,,,,待查教学大纲（专业课）
工学院,农业机械化及其自动化,第8学期,9093009904,2323202MilitaryTheory生院,2,必修,,,,,,待查教学大纲（专业课）
工学院,农业机械化及其自动化,第8学期,310300001017,微积分A（1）5808001信息Calculus（Ⅰ）,1,必修,高等数学（第七版·上/下册）,同济大学数学系,第7版,高等教育出版社,9787308798,公共课已匹配
工学院,农业机械化及其自动化,第8学期,307300007056,3.5565601工学EngineeringGraphics,1,必修,,,,,,待查教学大纲（专业课）
工学院,农业机械化及其自动化,第8学期,310300001032,微积分A（2）5808002信息CalculusA（II）,2,必修,高等数学（第七版·上/下册）,同济大学数学系,第7版,高等教育出版社,9787308798,公共课已匹配
工学院,农业机械化及其自动化,第8学期,310300001025,线性代数B2323202信息LinearAlgebraB,2,必修,线性代数（第六版）,同济大学数学系,第6版,高等教育出版社,9787040396632,公共课已匹配
工学院,农业机械化及其自动化,第8学期,310300001028,大学物理C2323202工学CollegePhysicsC,2,必修,物理学（第七版）,马文蔚,第7版,高等教育出版社,9787571720,公共课已匹配
工学院,农业机械化及其自动化,第8学期,310300001022,概率论与数理统计B3484803信息ProbabilityandStatisticsB,3,必修,概率论与数理统计（第五版）,盛骤 谢式千,第5版,高等教育出版社,9787040384876,公共课已匹配
工学院,农业机械化及其自动化,第8学期,3073009344,4646403工学TheoreticMechanics,3,必修,,,,,,待查教学大纲（专业课）
工学院,农业机械化及其自动化,第8学期,310300007044,ComplexFunctionand3484804信息,4,必修,,,,,,待查教学大纲（专业课）
工学院,农业机械化及其自动化,第8学期,3103009238,2322843化学EngineeringGeneralChemistry,3,必修,,,,,,待查教学大纲（专业课）
工学院,农业机械化及其自动化,第8学期,317300001008,人工智能应用基础2323201信息,1,必修,人工智能基础（通识）,大学计算机课程教指委,最新版,高等教育出版社,9787428708,公共课已匹配
工学院,农业机械化及其自动化,第8学期,317300001009,人工智能应用基础实验1300301信息,1,必修,人工智能基础（通识）,大学计算机课程教指委,最新版,高等教育出版社,9787428708,公共课已匹配
工学院,农业机械化及其自动化,第8学期,3173009118,C语言程序设计24024161信息CProgramming,1,必修,,,,,,待查教学大纲（专业课）
工学院,农业机械化及其自动化,第8学期,307300007060,IntelligentDesignfortheUtilization1161605工学,5,必修,,,,,,待查教学大纲（专业课）
工学院,农业机械化及其自动化,第8学期,307300007069,FundamentalsofEngineeringMaterial47256163工学andManufacturingTechnology,3,必修,,,,,,待查教学大纲（专业课）
工学院,农业机械化及其自动化,第8学期,307300007009,3484804工学EngineeringFluidMechanics,4,必修,,,,,,待查教学大纲（专业课）
工学院,农业机械化及其自动化,第8学期,307300007013,34832164工学FundamentalsofMechanicalDesign,4,必修,,,,,,待查教学大纲（专业课）
工学院,农业机械化及其自动化,第8学期,307300007071,4646404工学EngineeringThermodynamics,4,必修,,,,,,待查教学大纲（专业课）
工学院,农业机械化及其自动化,第8学期,307300007070,4646405工学EngineeringHeatTransfer,5,必修,,,,,,待查教学大纲（专业课）
工学院,农业机械化及其自动化,第8学期,307300007004,3484805工学ThermalandPowerEquipment,5,必修,,,,,,待查教学大纲（专业课）
工学院,农业机械化及其自动化,第8学期,307300007086,BiomassEnergyConversion4646405工学,5,必修,,,,,,待查教学大纲（专业课）
工学院,农业机械化及其自动化,第8学期,307300007085,CombustionTheoryand3484806工学,6,必修,,,,,,待查教学大纲（专业课）
工学院,农业机械化及其自动化,第8学期,307300007082,PrinciplesandTechnologiesof4646406工学,6,必修,,,,,,待查教学大纲（专业课）
工学院,农业机械化及其自动化,第8学期,307300007087,4646406工学NewEnergyTechnologiesandSystems,6,必修,,,,,,待查教学大纲（专业课）
工学院,农业机械化及其自动化,第8学期,3073009108,电工技术A2323204工学ElectroTechnicsA,4,必修,,,,,,待查教学大纲（专业课）
工学院,农业机械化及其自动化,第8学期,307300007025,电子技术A3484804工学ElectronicTechnologyA,4,必修,,,,,,待查教学大纲（专业课）
工学院,农业机械化及其自动化,第8学期,3073009172,BioenvironmentEngineering2323205工学,5,必修,,,,,,待查教学大纲（专业课）
工学院,农业机械化及其自动化,第8学期,307300007020,2323205工学ThermalMeasurementTechnology,5,必修,,,,,,待查教学大纲（专业课）
工学院,农业机械化及其自动化,第8学期,307300007093,2323205工学UtilizationofBiomassMaterials,5,必修,,,,,,待查教学大纲（专业课）
工学院,农业机械化及其自动化,第8学期,3073009154,2323026工学ExperimentalDesignandDataAnalysis,6,必修,,,,,,待查教学大纲（专业课）
工学院,农业机械化及其自动化,第8学期,3073009313,2323206工学PrincipleofChemicalEngineering,6,必修,,,,,,待查教学大纲（专业课）
工学院,农业机械化及其自动化,第8学期,307300007035,GreenhouseGasEmission1161606工学,6,必修,,,,,,待查教学大纲（专业课）
工学院,农业机械化及其自动化,第8学期,3073009263,PrimaryIntroductionand1240247工学,7,必修,,,,,,待查教学大纲（专业课）
工学院,农业机械化及其自动化,第8学期,307300009014,Fundamentalsofengineering1240247工学,7,必修,,,,,,待查教学大纲（专业课）
工学院,农业机械化及其自动化,第8学期,307300007032,可再生能源（双语）2323207工学（本研贯通）RenewableEnergy,7,必修,,,,,,待查教学大纲（专业课）
工学院,农业机械化及其自动化,第8学期,3073009324,ArtificialNeuralNetwork2322485工学,5,必修,,,,,,待查教学大纲（专业课）
工学院,农业机械化及其自动化,第8学期,310300001040,24024166信息ComputationalMethods,6,必修,,,,,,待查教学大纲（专业课）
工学院,农业机械化及其自动化,第8学期,306300007007,348486经管EnterpriseManagement,6,必修,,,,,,待查教学大纲（专业课）
工学院,农业机械化及其自动化,第8学期,9093009905,231Militaryskills生院,1,必修,,,,,,待查教学大纲（专业课）
工学院,农业机械化及其自动化,第8学期,9093009906,Innovationand11-7生院,7,必修,,,,,,待查教学大纲（专业课）
工学院,农业机械化及其自动化,第8学期,202300008001,公共ThePracticeofMentalHealth1301生院,1,必修,,,,,,待查教学大纲（专业课）
工学院,农业机械化及其自动化,第8学期,3143009105,13-8马院SituationandPolicyEducation(Ⅱ),8,必修,,,,,,待查教学大纲（专业课）
工学院,农业机械化及其自动化,第8学期,9093009903,134团委SocialPractice,4,必修,,,,,,待查教学大纲（专业课）
工学院,农业机械化及其自动化,第8学期,110300008001,1301-7团委VolunteerService,7,必修,,,,,,待查教学大纲（专业课）
工学院,农业机械化及其自动化,第8学期,110300008002,11-7团委AestheticPractice,7,必修,,,,,,待查教学大纲（专业课）
工学院,农业机械化及其自动化,第8学期,307300007097,计算机绘图A1.5482工学ComputerGraphicsA,2,必修,,,,,,待查教学大纲（专业课）
工学院,农业机械化及其自动化,第8学期,307300008005,222工学EngineeringTraining(Ⅰ),2,必修,,,,,,待查教学大纲（专业课）
工学院,农业机械化及其自动化,第8学期,307300008006,223工学EngineeringTraining(II),3,必修,,,,,,待查教学大纲（专业课）
工学院,农业机械化及其自动化,第8学期,3073009903,15-20ComprehensiveDesign245工学周,5,必修,,,,,,待查教学大纲（专业课）
工学院,农业机械化及其自动化,第8学期,3073009304,ComprehensiveExperimentsfor1305工学,5,必修,,,,,,待查教学大纲（专业课）
工学院,农业机械化及其自动化,第8学期,307300009005,ComprehensiveExperiment1305工学,5,必修,,,,,,待查教学大纲（专业课）
工学院,农业机械化及其自动化,第8学期,3073009962,公共15-20CourseDesignofThermal126工学,6,必修,,,,,,待查教学大纲（专业课）
工学院,农业机械化及其自动化,第8学期,3073009959,InnovativeDesignofEnergy126工学1-20周,20,必修,,,,,,待查教学大纲（专业课）
工学院,农业机械化及其自动化,第8学期,3073009948,1-20周InnovationandEntrepreneurship2601-6工学和暑假PracticesofClassificationon期间,6,必修,,,,,,待查教学大纲（专业课）
工学院,农业机械化及其自动化,第8学期,3073009307,ComprehensiveExperimentsof1307工学,7,必修,,,,,,待查教学大纲（专业课）
工学院,农业机械化及其自动化,第8学期,307300008012,15-20ComprehensiveDesignof1.536工学周,6,必修,,,,,,待查教学大纲（专业课）
工学院,农业机械化及其自动化,第8学期,307300008011,337企业年暑期ProductionPractice进行,7,必修,,,,,,待查教学大纲（专业课）
工学院,农业机械化及其自动化,第8学期,3073009904,6127-8工学1-12GraduationDesign(Thesis),12,必修,,,,,,待查教学大纲（专业课）
工学院,农业机械化及其自动化,8,,外语类课程,,必修类别,新视野大学英语（第三版·读写教程）,郑树棠,第3版,外语教学与研究出版社,,公共课已匹配
工学院,能源与动力工程,第1学期,3143009003,中国近现代史纲要,3,必修,中国近现代史纲要（2023年版）,本书编写组,2023年版,高等教育出版社,,公共课已匹配
工学院,能源与动力工程,第1学期,202300006005,大学生心理发展与指导,1,必修,大学生心理健康教育,郑日昌,最新版,高等教育出版社,,公共课已匹配
工学院,能源与动力工程,第1学期,307300006003,专业导论与工程伦理,1,必修,,,,,,待查教学大纲（专业课）
工学院,能源与动力工程,第1学期,310300001017,微积分A（1）,5,必修,高等数学（第七版·上/下册）,同济大学数学系,第7版,高等教育出版社,9787308798,公共课已匹配
工学院,能源与动力工程,第1学期,307300007056,工程图学,3.5,必修,,,,,,待查教学大纲（专业课）
工学院,能源与动力工程,第1学期,3173009118,C语言程序设计,2,必修,,,,,,待查教学大纲（专业课）
工学院,能源与动力工程,第1学期,317300001008,人工智能应用基础,2,必修,人工智能基础（通识）,大学计算机课程教指委,最新版,高等教育出版社,9787428708,公共课已匹配
工学院,能源与动力工程,第1学期,317300001009,人工智能应用基础实验,1,必修,人工智能基础（通识）,大学计算机课程教指委,最新版,高等教育出版社,9787428708,公共课已匹配
工学院,能源与动力工程,第1学期,9093009905,军事技能,2,必修,军事训练教程,教育部军委国防动员部,2023版,高等教育出版社,,公共课已匹配
工学院,能源与动力工程,第1学期,202300008001,大学生心理素质拓展,1,必修,大学生心理健康教育,郑日昌,最新版,高等教育出版社,,公共课已匹配
工学院,能源与动力工程,1,,外语类课程,,必修类别,新视野大学英语（第三版·读写教程）,郑树棠,第3版,外语教学与研究出版社,,公共课已匹配
工学院,能源与动力工程,1,,体育类课程,,必修类别,大学体育（教材）,本校编,最新版,校本教材,,公共课已匹配
工学院,能源与动力工程,第2学期,314300001006,思想道德与法治,3,必修,思想道德与法治（2023年版）,本书编写组,2023年版,高等教育出版社,,公共课已匹配
工学院,能源与动力工程,第2学期,3143009104,形势与政策（一）,1,必修,形势与政策（最新版）,教育部组编,每年更新,高等教育出版社,,公共课已匹配
工学院,能源与动力工程,第2学期,3113009824,写作与沟通1第一学年修读完成,1,必修,写作与沟通,马工程/本校编,最新版,高等教育出版社,,公共课已匹配
工学院,能源与动力工程,第2学期,9093009904,军事理论,2,必修,军事理论课教程,教育部军委国防动员部,2023版,高等教育出版社,,公共课已匹配
工学院,能源与动力工程,第2学期,9093009774,大学生创新创业基础,1,必修,大学生创新创业基础,本校编,最新版,高等教育出版社,,公共课已匹配
工学院,能源与动力工程,第2学期,310300001032,微积分A（2）,5,必修,高等数学（第七版·上/下册）,同济大学数学系,第7版,高等教育出版社,9787308798,公共课已匹配
工学院,能源与动力工程,第2学期,310300001025,线性代数B,2,必修,线性代数（第六版）,同济大学数学系,第6版,高等教育出版社,9787040396632,公共课已匹配
工学院,能源与动力工程,第2学期,310300001028,大学物理C,2,必修,物理学（第七版）,马文蔚,第7版,高等教育出版社,9787571720,公共课已匹配
工学院,能源与动力工程,第2学期,307300008005,工程实训（一）,2,必修,,,,,,待查教学大纲（专业课）
工学院,能源与动力工程,第2学期,307300007097,计算机绘图A,1.5,必修,,,,,,待查教学大纲（专业课）
工学院,能源与动力工程,2,,外语类课程,,必修类别,新视野大学英语（第三版·读写教程）,郑树棠,第3版,外语教学与研究出版社,,公共课已匹配
工学院,能源与动力工程,2,,体育类课程,,必修类别,大学体育（教材）,本校编,最新版,校本教材,,公共课已匹配
工学院,能源与动力工程,第2学期,314300001008,3社会主义理论体系概论,3,必修,,,,,,待查教学大纲（专业课）
工学院,能源与动力工程,第2学期,314300001009,3社会主义思想概论,3,必修,,,,,,待查教学大纲（专业课）
工学院,能源与动力工程,第2学期,3103009009,概率论与数理统计B,3,必修,概率论与数理统计（第五版）,盛骤 谢式千,第5版,高等教育出版社,9787040384876,公共课已匹配
工学院,能源与动力工程,第2学期,3073009344,理论力学,4,必修,,,,,,待查教学大纲（专业课）
工学院,能源与动力工程,第2学期,307300007069,工程材料及机械制造基础,4,必修,,,,,,待查教学大纲（专业课）
工学院,能源与动力工程,第2学期,307300008006,工程实训（二）,2,必修,,,,,,待查教学大纲（专业课）
工学院,能源与动力工程,2,,外语类课程,,必修类别,新视野大学英语（第三版·读写教程）,郑树棠,第3版,外语教学与研究出版社,,公共课已匹配
工学院,能源与动力工程,2,,体育类课程,,必修类别,大学体育（教材）,本校编,最新版,校本教材,,公共课已匹配
工学院,能源与动力工程,第4学期,314300001007,马克思主义基本原理,3,必修,马克思主义基本原理（2023年版）,本书编写组,2023年版,高等教育出版社,,公共课已匹配
工学院,能源与动力工程,第4学期,310300007044,复变函数与积分变换,3,必修,,,,,,待查教学大纲（专业课）
工学院,能源与动力工程,第4学期,307300007013,机械设计基础,3,必修,,,,,,待查教学大纲（专业课）
工学院,能源与动力工程,第4学期,307300007009,工程流体力学,3,必修,,,,,,待查教学大纲（专业课）
工学院,能源与动力工程,第4学期,307300007071,工程热力学,4,必修,,,,,,待查教学大纲（专业课）
工学院,能源与动力工程,4,,外语类课程,,必修类别,新视野大学英语（第三版·读写教程）,郑树棠,第3版,外语教学与研究出版社,,公共课已匹配
工学院,能源与动力工程,4,,体育类课程,,必修类别,大学体育（教材）,本校编,最新版,校本教材,,公共课已匹配
工学院,能源与动力工程,第5学期,307300007070,工程传热学,4,必修,,,,,,待查教学大纲（专业课）
工学院,能源与动力工程,第5学期,307300007004,动力机械与装备,3,必修,,,,,,待查教学大纲（专业课）
工学院,能源与动力工程,第5学期,307300007086,生物质能转换原理与技术,4,必修,,,,,,待查教学大纲（专业课）
工学院,能源与动力工程,第5学期,3073009304,能源基础综合实验,1,必修,,,,,,待查教学大纲（专业课）
工学院,能源与动力工程,第5学期,307300009005,动力基础综合实验,1,必修,,,,,,待查教学大纲（专业课）
工学院,能源与动力工程,第5学期,9093009903,社会实践13周，第二学年暑期进行,3,必修,,,,,,待查教学大纲（专业课）
工学院,能源与动力工程,第5学期,3103009238,工科普通化学,2,必修,普通化学（第二版）,浙江大学普通化学教研组,第2版,高等教育出版社,,公共课已匹配
工学院,能源与动力工程,第5学期,3073000903,机械学综合课程设计24周,4,必修,,,,,,待查教学大纲（专业课）
工学院,能源与动力工程,第5学期,307300007060,生物质资源化利用的智能设计,1,必修,,,,,,待查教学大纲（专业课）
工学院,能源与动力工程,第6学期,307300007085,燃烧理论与污染物控制,3,必修,,,,,,待查教学大纲（专业课）
工学院,能源与动力工程,第6学期,307300007082,节能与储能原理及技术,4,必修,,,,,,待查教学大纲（专业课）
工学院,能源与动力工程,第6学期,307300007087,新能源技术与系统,4,必修,,,,,,待查教学大纲（专业课）
工学院,能源与动力工程,第6学期,3073009962,动力机械与装备课程设计12周,2,必修,,,,,,待查教学大纲（专业课）
工学院,能源与动力工程,第6学期,3073009959,能源工程与装备创新设计12周,2,必修,,,,,,待查教学大纲（专业课）
工学院,能源与动力工程,第6学期,3073009955,沼气工程设计,1.5,必修,,,,,,待查教学大纲（专业课）
工学院,能源与动力工程,第6学期,3073009307,能源装备综合试验,1,必修,,,,,,待查教学大纲（专业课）
工学院,能源与动力工程,第6学期,307300008011,生产实习33周，第三学年暑期进行,3,必修,,,,,,待查教学大纲（专业课）
工学院,能源与动力工程,6,,通识课程,,选修类别,,,,,,待查教学大纲（专业课）
工学院,能源与动力工程,第8学期,3143009104,形势与政策（二）13-8学期开设,8,必修,形势与政策（最新版）,教育部组编,每年更新,高等教育出版社,,公共课已匹配
工学院,能源与动力工程,第8学期,3073000904,毕业设计（论文）612周,12,必修,,,,,,待查教学大纲（专业课）
工学院,能源与动力工程,第8学期,3143009003,3484261马院OutlineofModernChineseHistory,1,必修,,,,,,待查教学大纲（专业课）
工学院,能源与动力工程,第8学期,314300001006,3484262马院IdeologyMoralityandRuleofLaw,2,必修,,,,,,待查教学大纲（专业课）
工学院,能源与动力工程,第8学期,314300001008,BasicTheoryofMaoZedong3484083马院,3,必修,,,,,,待查教学大纲（专业课）
工学院,能源与动力工程,第8学期,314300001009,BasicTheoryofXiJinping3484083马院,3,必修,,,,,,待查教学大纲（专业课）
工学院,能源与动力工程,第8学期,314300001007,3484264马院BasicKnowledgeofMarxism,4,必修,,,,,,待查教学大纲（专业课）
工学院,能源与动力工程,第8学期,3143009104,116161-2马院SituationandPolicyEducation（I）,2,必修,,,,,,待查教学大纲（专业课）
工学院,能源与动力工程,8,,体育类课程必修，实行选项制，一、二年级要求每学期修满1,,必修类别,大学体育（教材）,本校编,最新版,校本教材,,公共课已匹配
工学院,能源与动力工程,8,,体育类课程教学详见《华中农业大学体育教学改革实施方案》。,,必修类别,大学体育（教材）,本校编,最新版,校本教材,,公共课已匹配
工学院,能源与动力工程,第8学期,9093009904,232322MilitaryTheory生院,2,必修,,,,,,待查教学大纲（专业课）
工学院,能源与动力工程,第8学期,3113009824,116161/2文法WritingandCommunication,2,必修,,,,,,待查教学大纲（专业课）
工学院,能源与动力工程,第8学期,202300006005,PsychologicalDevelopmentand116161生院,1,必修,,,,,,待查教学大纲（专业课）
工学院,能源与动力工程,第8学期,9093009774,InnovationandEntrepreneurship116162生院,2,必修,,,,,,待查教学大纲（专业课）
工学院,能源与动力工程,第8学期,310300007003,IntroductiontotheMajorand116161工学,1,必修,,,,,,待查教学大纲（专业课）
工学院,能源与动力工程,第8学期,310300001017,微积分A（1）580801信息CalculusA（Ⅰ）,1,必修,高等数学（第七版·上/下册）,同济大学数学系,第7版,高等教育出版社,9787308798,公共课已匹配
工学院,能源与动力工程,第8学期,310300001032,微积分A（2）580802信息CalculusA（Ⅱ）,2,必修,高等数学（第七版·上/下册）,同济大学数学系,第7版,高等教育出版社,9787308798,公共课已匹配
工学院,能源与动力工程,第8学期,310300001025,线性代数B232322信息LinearAlgebraB,2,必修,线性代数（第六版）,同济大学数学系,第6版,高等教育出版社,9787040396632,公共课已匹配
工学院,能源与动力工程,第8学期,310300001022,概率论与数理统计B348483信息ProbabilityandStatisticsB,3,必修,概率论与数理统计（第五版）,盛骤 谢式千,第5版,高等教育出版社,9787040384876,公共课已匹配
工学院,能源与动力工程,第8学期,310300001027,大学物理A696962-3工学CollegePhysicsA,3,必修,物理学（第七版）,马文蔚,第7版,高等教育出版社,9787571720,公共课已匹配
工学院,能源与动力工程,第8学期,310300001031,130304工学ExperimentofCollegePhysics,4,必修,,,,,,待查教学大纲（专业课）
工学院,能源与动力工程,第8学期,3103009238,2322843化学EngineeringGeneralChemistry,3,必修,,,,,,待查教学大纲（专业课）
工学院,能源与动力工程,第8学期,307300007043,232322工学EngineeringDrawing,2,必修,,,,,,待查教学大纲（专业课）
工学院,能源与动力工程,第8学期,317300001008,Artificialintelligence232321信息,1,必修,,,,,,待查教学大纲（专业课）
工学院,能源与动力工程,第8学期,317300001009,ExperimentofArtificialintelligence130301信息,1,必修,,,,,,待查教学大纲（专业课）
工学院,能源与动力工程,第8学期,307300007057,OptoelectronicInformation116165工学,5,必修,,,,,,待查教学大纲（专业课）
工学院,能源与动力工程,第8学期,3173009118,C语言程序设计24024161信息CProgramming,1,必修,,,,,,待查教学大纲（专业课）
工学院,能源与动力工程,第8学期,307300007067,电子电路技术（1）64643工学ElectronicTechnologyFundamentals（1）,4,必修,,,,,,待查教学大纲（专业课）
工学院,能源与动力工程,第8学期,307300007068,电子电路技术（2）48484工学ElectronicTechnologyFundamentals（2）,3,必修,,,,,,待查教学大纲（专业课）
工学院,能源与动力工程,第8学期,307300009011,ElectronicsTechnologyBasic390903-4工学,4,必修,,,,,,待查教学大纲（专业课）
工学院,能源与动力工程,第8学期,3103009411,348484工学Signalsandsystem,4,必修,,,,,,待查教学大纲（专业课）
工学院,能源与动力工程,第8学期,310300007049,Complexfunctionsandequations464644工学,4,必修,,,,,,待查教学大纲（专业课）
工学院,能源与动力工程,第8学期,3103009413,348485工学ElectromagneticFieldandWave,5,必修,,,,,,待查教学大纲（专业课）
工学院,能源与动力工程,第8学期,307300007076,光学（1）464644工学AppliedOptics（1）,1,必修,,,,,,待查教学大纲（专业课）
工学院,能源与动力工程,第8学期,307300007077,光学（2）696965工学AppliedOptics（2）,2,必修,,,,,,待查教学大纲（专业课）
工学院,能源与动力工程,第8学期,307300009012,41201204-5工学AppliedOpticsExperiment,5,必修,,,,,,待查教学大纲（专业课）
工学院,能源与动力工程,第8学期,307300007074,464645工学SemiconductorPhysicsandDevices,5,必修,,,,,,待查教学大纲（专业课）
工学院,能源与动力工程,第8学期,3103009422,232325工学SoftwareTechnology,5,必修,,,,,,待查教学大纲（专业课）
工学院,能源与动力工程,第8学期,3073009223,2322846工学DigitalImageProcessing,6,必修,,,,,,待查教学大纲（专业课）
工学院,能源与动力工程,第8学期,317300007091,232325信息PrinciplesofArtificialIntelligence,5,必修,,,,,,待查教学大纲（专业课）
工学院,能源与动力工程,第8学期,307300007034,232326工学AgriculturalInternetofThings,6,必修,,,,,,待查教学大纲（专业课）
工学院,能源与动力工程,第8学期,3103009423,PhotoelectricSensingand232326工学,6,必修,,,,,,待查教学大纲（专业课）
工学院,能源与动力工程,第8学期,310300009013,PhotoelectricSensingand130306工学,6,必修,,,,,,待查教学大纲（专业课）
工学院,能源与动力工程,第8学期,3073009190,232326工学FoundationofMEMStechnology,6,必修,,,,,,待查教学大纲（专业课）
工学院,能源与动力工程,第8学期,307300007094,232325工学VisualIntelligenceApplications,5,必修,,,,,,待查教学大纲（专业课）
工学院,能源与动力工程,第8学期,3103009432,232326工学Opticalfibercommunication,6,必修,,,,,,待查教学大纲（专业课）
工学院,能源与动力工程,第8学期,3103009431,232325工学EmbeddedSystem,5,必修,,,,,,待查教学大纲（专业课）
工学院,能源与动力工程,第8学期,3103009427,生物光子学232325工学,5,必修,,,,,,待查教学大纲（专业课）
工学院,能源与动力工程,第8学期,3103009440,116166工学SemiconductorLightingTechnology,6,必修,,,,,,待查教学大纲（专业课）
工学院,能源与动力工程,第8学期,3103009234,232327化学FundamentalsofCrystallography,7,必修,,,,,,待查教学大纲（专业课）
工学院,能源与动力工程,第8学期,3103009424,232327化学SpectralAnalysisandApplication,7,必修,,,,,,待查教学大纲（专业课）
工学院,能源与动力工程,第8学期,3103009438,MaterialAnalysisand232326化学,6,必修,,,,,,待查教学大纲（专业课）
工学院,能源与动力工程,第8学期,307300007099,PhotovoltaicTechnology232326工学,6,必修,,,,,,待查教学大纲（专业课）
工学院,能源与动力工程,第8学期,307300009016,PhotovoltaicTechnologyand130306工学,6,必修,,,,,,待查教学大纲（专业课）
工学院,能源与动力工程,第8学期,3073009188,232327工学Non-DamagingTest,7,必修,,,,,,待查教学大纲（专业课）
工学院,能源与动力工程,第8学期,3103009443,232327工学MicroandNanoOptoelectronicSystem,7,必修,,,,,,待查教学大纲（专业课）
工学院,能源与动力工程,第8学期,3013009376,2322485植科PreciseCropPhenomics,5,必修,,,,,,待查教学大纲（专业课）
工学院,能源与动力工程,第8学期,307300007049,EnvironmentalControlfor232327工学,7,必修,,,,,,待查教学大纲（专业课）
工学院,能源与动力工程,第8学期,3103009745,PhysicalAgricultureand232326工学,6,必修,,,,,,待查教学大纲（专业课）
工学院,能源与动力工程,第8学期,3103009447,AgriculturalPhotoelectric130307工学,7,必修,,,,,,待查教学大纲（专业课）
工学院,能源与动力工程,第8学期,3073009324,2322485工学NeuralNetworkandDeepLearning,5,必修,,,,,,待查教学大纲（专业课）
工学院,能源与动力工程,第8学期,306300007007,348486经管EnterpriseManagement,6,必修,,,,,,待查教学大纲（专业课）
工学院,能源与动力工程,第8学期,310300001040,24024166信息CalculationMethods,6,必修,,,,,,待查教学大纲（专业课）
工学院,能源与动力工程,第8学期,3073009169,232325工学IntroductiontoAgriculturalEngineering,5,必修,,,,,,待查教学大纲（专业课）
工学院,能源与动力工程,第8学期,9093009905,23周1Militaryskills生院,1,必修,,,,,,待查教学大纲（专业课）
工学院,能源与动力工程,第8学期,3143009105,SituationandPolicy1303-8马院,8,必修,,,,,,待查教学大纲（专业课）
工学院,能源与动力工程,第8学期,9093009903,12周4团委SocialPractice暑假进行,4,必修,,,,,,待查教学大纲（专业课）
工学院,能源与动力工程,第8学期,110300008002,11-7团委公共AestheticPractice,7,必修,,,,,,待查教学大纲（专业课）
工学院,能源与动力工程,第8学期,9093009906,Innovationand11-7生院新创业课程修,7,必修,,,,,,待查教学大纲（专业课）
工学院,能源与动力工程,第8学期,202300008001,PsychologicalQuality1301生院,1,必修,,,,,,待查教学大纲（专业课）
工学院,能源与动力工程,第8学期,110300008001,1301-7团委VolunteerService,7,必修,,,,,,待查教学大纲（专业课）
工学院,能源与动力工程,第8学期,307300008008,FundamentalsofPhotoelectric12周3工学SystemsandEngineering,3,必修,,,,,,待查教学大纲（专业课）
工学院,能源与动力工程,第8学期,3103009448,24周5工学ElectronicDesignCourse,5,必修,,,,,,待查教学大纲（专业课）
工学院,能源与动力工程,第8学期,3103009449,24周5工学专业OpticalDesignCourse分组开展,5,必修,,,,,,待查教学大纲（专业课）
工学院,能源与动力工程,第8学期,307300008010,Software-HardwareIntegration36周6工学分组开展,6,必修,,,,,,待查教学大纲（专业课）
工学院,能源与动力工程,第8学期,307300008007,OptoelectronicInnovation48周6工学分组开展，,6,必修,,,,,,待查教学大纲（专业课）
工学院,能源与动力工程,第8学期,307300008005,22周2工学EngineeringTrainingI,2,必修,,,,,,待查教学大纲（专业课）
工学院,能源与动力工程,第8学期,307300008006,22周3工学EngineeringTrainingII,3,必修,,,,,,待查教学大纲（专业课）
工学院,能源与动力工程,第8学期,307300008011,33周7工学实践ProductionInternship暑假进行,7,必修,,,,,,待查教学大纲（专业课）
工学院,能源与动力工程,第8学期,3073009904,612周7-8工学导师制GraduationDesign(Thesis),8,必修,,,,,,待查教学大纲（专业课）
工学院,光电信息科学与工程,第1学期,3143009003,中国近现代史纲要,3,必修,中国近现代史纲要（2023年版）,本书编写组,2023年版,高等教育出版社,,公共课已匹配
工学院,光电信息科学与工程,1,,外语类课程,,必修类别,新视野大学英语（第三版·读写教程）,郑树棠,第3版,外语教学与研究出版社,,公共课已匹配
工学院,光电信息科学与工程,1,,体育类课程,,必修类别,大学体育（教材）,本校编,最新版,校本教材,,公共课已匹配
工学院,光电信息科学与工程,第1学期,202300008001,大学生心理素质拓展,1,必修,大学生心理健康教育,郑日昌,最新版,高等教育出版社,,公共课已匹配
工学院,光电信息科学与工程,第1学期,9093009773,大学生心理发展与指导,1,必修,大学生心理健康教育,郑日昌,最新版,高等教育出版社,,公共课已匹配
工学院,光电信息科学与工程,第1学期,9093009905,军事技能,2,必修,军事训练教程,教育部军委国防动员部,2023版,高等教育出版社,,公共课已匹配
工学院,光电信息科学与工程,第1学期,3143009104,形势与政策（一）,1,必修,形势与政策（最新版）,教育部组编,每年更新,高等教育出版社,,公共课已匹配
工学院,光电信息科学与工程,第1学期,3113009824,写作与沟通,1,必修,写作与沟通,马工程/本校编,最新版,高等教育出版社,,公共课已匹配
工学院,光电信息科学与工程,第1学期,310300001017,微积分A（1）,5,必修,高等数学（第七版·上/下册）,同济大学数学系,第7版,高等教育出版社,9787308798,公共课已匹配
工学院,光电信息科学与工程,第1学期,317300001008,人工智能应用基础,2,必修,人工智能基础（通识）,大学计算机课程教指委,最新版,高等教育出版社,9787428708,公共课已匹配
工学院,光电信息科学与工程,第1学期,317300001009,人工智能应用基础实验,1,必修,人工智能基础（通识）,大学计算机课程教指委,最新版,高等教育出版社,9787428708,公共课已匹配
工学院,光电信息科学与工程,第1学期,3173009118,C语言程序设计,2,必修,,,,,,待查教学大纲（专业课）
工学院,光电信息科学与工程,第1学期,310300007003,专业导论及新生研讨课,1,必修,,,,,,待查教学大纲（专业课）
工学院,光电信息科学与工程,1,,通识课程,,选修类别,,,,,,待查教学大纲（专业课）
工学院,光电信息科学与工程,第2学期,314300001006,思想道德与法治,3,必修,思想道德与法治（2023年版）,本书编写组,2023年版,高等教育出版社,,公共课已匹配
工学院,光电信息科学与工程,2,,外语类课程,,必修类别,新视野大学英语（第三版·读写教程）,郑树棠,第3版,外语教学与研究出版社,,公共课已匹配
工学院,光电信息科学与工程,2,,体育类课程,,必修类别,大学体育（教材）,本校编,最新版,校本教材,,公共课已匹配
工学院,光电信息科学与工程,第2学期,9093009904,军事理论,2,必修,军事理论课教程,教育部军委国防动员部,2023版,高等教育出版社,,公共课已匹配
工学院,光电信息科学与工程,第2学期,9093009774,大学生创新创业基础,1,必修,大学生创新创业基础,本校编,最新版,高等教育出版社,,公共课已匹配
工学院,光电信息科学与工程,第2学期,310300001032,微积分A（2）,5,必修,高等数学（第七版·上/下册）,同济大学数学系,第7版,高等教育出版社,9787308798,公共课已匹配
工学院,光电信息科学与工程,第2学期,310300001025,线性代数B,2,必修,线性代数（第六版）,同济大学数学系,第6版,高等教育出版社,9787040396632,公共课已匹配
工学院,光电信息科学与工程,第2学期,307300007043,工程制图,2,必修,,,,,,待查教学大纲（专业课）
工学院,光电信息科学与工程,第2学期,310300001027,大学物理A（1）,3,必修,物理学（第七版）,马文蔚,第7版,高等教育出版社,9787571720,公共课已匹配
工学院,光电信息科学与工程,第2学期,307300008005,工程实训（一）,2,必修,,,,,,待查教学大纲（专业课）
工学院,光电信息科学与工程,2,,通识课程,,选修类别,,,,,,待查教学大纲（专业课）
工学院,光电信息科学与工程,第3学期,314300001008,3社会主义理论体系概论,3,必修,,,,,,待查教学大纲（专业课）
工学院,光电信息科学与工程,第3学期,314300001009,3社会主义思想概论,3,必修,,,,,,待查教学大纲（专业课）
工学院,光电信息科学与工程,3,,外语类课程,,必修类别,新视野大学英语（第三版·读写教程）,郑树棠,第3版,外语教学与研究出版社,,公共课已匹配
工学院,光电信息科学与工程,3,,体育类课程,,必修类别,大学体育（教材）,本校编,最新版,校本教材,,公共课已匹配
工学院,光电信息科学与工程,第3学期,3143009105,形势与政策（二）,1,必修,形势与政策（最新版）,教育部组编,每年更新,高等教育出版社,,公共课已匹配
工学院,光电信息科学与工程,第3学期,3103009238,工科普通化学,2,必修,普通化学（第二版）,浙江大学普通化学教研组,第2版,高等教育出版社,,公共课已匹配
工学院,光电信息科学与工程,第3学期,310300001022,概率论与数理统计B,3,必修,概率论与数理统计（第五版）,盛骤 谢式千,第5版,高等教育出版社,9787040384876,公共课已匹配
工学院,光电信息科学与工程,第3学期,310300001027,大学物理A（2）,3,必修,物理学（第七版）,马文蔚,第7版,高等教育出版社,9787571720,公共课已匹配
工学院,光电信息科学与工程,第3学期,307300007067,电子电路技术（1）,4,必修,,,,,,待查教学大纲（专业课）
工学院,光电信息科学与工程,第3学期,307300008008,光电系统与工程应用技术基础,1,必修,,,,,,待查教学大纲（专业课）
工学院,光电信息科学与工程,第3学期,307300008006,工程实训（二）,2,必修,,,,,,待查教学大纲（专业课）
工学院,光电信息科学与工程,第4学期,314300001007,马克思主义基本原理,3,必修,马克思主义基本原理（2023年版）,本书编写组,2023年版,高等教育出版社,,公共课已匹配
工学院,光电信息科学与工程,4,,外语类课程,,必修类别,新视野大学英语（第三版·读写教程）,郑树棠,第3版,外语教学与研究出版社,,公共课已匹配
工学院,光电信息科学与工程,4,,体育类课程,,必修类别,大学体育（教材）,本校编,最新版,校本教材,,公共课已匹配
工学院,光电信息科学与工程,第4学期,310300001031,大学物理实验,1,必修,物理学（第七版）,马文蔚,第7版,高等教育出版社,9787571720,公共课已匹配
工学院,光电信息科学与工程,第4学期,3103009411,信号与系统,3,必修,,,,,,待查教学大纲（专业课）
工学院,光电信息科学与工程,第4学期,310300007049,复变函数与数理方程,4,必修,,,,,,待查教学大纲（专业课）
工学院,光电信息科学与工程,第4学期,307300007076,光学（1）,4,必修,,,,,,待查教学大纲（专业课）
工学院,光电信息科学与工程,第4学期,307300009012,光学实验,1,必修,,,,,,待查教学大纲（专业课）
工学院,光电信息科学与工程,第4学期,307300007068,电子电路技术（2）,3,必修,,,,,,待查教学大纲（专业课）
工学院,光电信息科学与工程,第4学期,307300009011,电子电路技术实验,3,必修,,,,,,待查教学大纲（专业课）
工学院,光电信息科学与工程,第5学期,3103009413,电磁场与电磁波,3,必修,,,,,,待查教学大纲（专业课）
工学院,光电信息科学与工程,第5学期,307300007077,光学（2）,6,必修,,,,,,待查教学大纲（专业课）
工学院,光电信息科学与工程,第5学期,307300009012,光学实验,3,必修,,,,,,待查教学大纲（专业课）
工学院,光电信息科学与工程,第5学期,307300007074,半导体物理与器件,4,必修,,,,,,待查教学大纲（专业课）
工学院,光电信息科学与工程,第5学期,3103009448,电子课程设计,2,必修,,,,,,待查教学大纲（专业课）
工学院,光电信息科学与工程,第5学期,3103009449,光学课程设计,2,必修,,,,,,待查教学大纲（专业课）
工学院,光电信息科学与工程,第5学期,307300007057,光电信息与AI融合实践,1,必修,,,,,,待查教学大纲（专业课）
工学院,光电信息科学与工程,5,,通识课程,,选修类别,,,,,,待查教学大纲（专业课）
工学院,光电信息科学与工程,第6学期,307300008010,软硬件融合创新实训,3,必修,,,,,,待查教学大纲（专业课）
工学院,光电信息科学与工程,第6学期,307300008007,光电创新设计与实践,4,必修,,,,,,待查教学大纲（专业课）
工学院,光电信息科学与工程,第8学期,3103009902,毕业论文（设计）,6,必修,,,,,,待查教学大纲（专业课）
水产学院,水产养殖学,第1学期,3143009003,中国近现代史纲要,3,必修,中国近现代史纲要（2023年版）,本书编写组,2023年版,高等教育出版社,,公共课已匹配
水产学院,水产养殖学,第1学期,3123009031,大学英语（3）2B级学生修读,2,必修,新视野大学英语（第三版·读写教程）,郑树棠,第3版,外语教学与研究出版社,,公共课已匹配
水产学院,水产养殖学,第1学期,3123009029,大学英语（4）2A级学生修读,2,必修,新视野大学英语（第三版·读写教程）,郑树棠,第3版,外语教学与研究出版社,,公共课已匹配
水产学院,水产养殖学,1,,体育类课程,,必修类别,大学体育（教材）,本校编,最新版,校本教材,,公共课已匹配
水产学院,水产养殖学,第1学期,9093009905,军事技能2军事训练3周,3,必修,军事训练教程,教育部军委国防动员部,2023版,高等教育出版社,,公共课已匹配
水产学院,水产养殖学,第1学期,310300001019,微积分C,5,必修,高等数学（第七版·上/下册）,同济大学数学系,第7版,高等教育出版社,9787308798,公共课已匹配
水产学院,水产养殖学,第1学期,310300001002,有机化学B,3,必修,有机化学（农科类 第三版）,汪小兰,第3版,高等教育出版社,,公共课已匹配
水产学院,水产养殖学,第1学期,310300001005,有机化学实验B,1,必修,有机化学（农科类 第三版）,汪小兰,第3版,高等教育出版社,,公共课已匹配
水产学院,水产养殖学,第1学期,3083009117,水产学科专业导论,1,必修,,,,,,待查教学大纲（专业课）
水产学院,水产养殖学,第1学期,202300008001,大学生心理素质拓展,1,必修,大学生心理健康教育,郑日昌,最新版,高等教育出版社,,公共课已匹配
水产学院,水产养殖学,第1学期,3113009824,写作与沟通,1,必修,写作与沟通,马工程/本校编,最新版,高等教育出版社,,公共课已匹配
水产学院,水产养殖学,第1学期,202300006005,大学生心理发展与指导,1,必修,大学生心理健康教育,郑日昌,最新版,高等教育出版社,,公共课已匹配
水产学院,水产养殖学,第1学期,3143009104,形势与政策（一）,1,必修,形势与政策（最新版）,教育部组编,每年更新,高等教育出版社,,公共课已匹配
水产学院,水产养殖学,第2学期,314300001006,思想道德与法治,3,必修,思想道德与法治（2023年版）,本书编写组,2023年版,高等教育出版社,,公共课已匹配
水产学院,水产养殖学,第2学期,3123009029,中级英语视听说2B级学生修读,2,必修,,,,,,待查教学大纲（专业课）
水产学院,水产养殖学,第2学期,3123009030,高级英语视听说2A级学生修读,2,必修,,,,,,待查教学大纲（专业课）
水产学院,水产养殖学,2,,体育类课程,,必修类别,大学体育（教材）,本校编,最新版,校本教材,,公共课已匹配
水产学院,水产养殖学,第2学期,3103009008,概率论,2,必修,概率论与数理统计（第五版）,盛骤 谢式千,第5版,高等教育出版社,9787040384876,公共课已匹配
水产学院,水产养殖学,第2学期,3103009010,线性代数B,2,必修,线性代数（第六版）,同济大学数学系,第6版,高等教育出版社,9787040396632,公共课已匹配
水产学院,水产养殖学,第2学期,310300001008,无机及分析化学B,4,必修,无机及分析化学（第五版）,南京大学《无机及分析化学》编写组,第5版,高等教育出版社,,公共课已匹配
水产学院,水产养殖学,第2学期,310300001011,无机及分析化学实验B,2,必修,无机及分析化学（第五版）,南京大学《无机及分析化学》编写组,第5版,高等教育出版社,,公共课已匹配
水产学院,水产养殖学,第2学期,9093009904,军事理论,2,必修,军事理论课教程,教育部军委国防动员部,2023版,高等教育出版社,,公共课已匹配
水产学院,水产养殖学,第2学期,3707300007045,工程基础1大于等于1学分,1,必修,,,,,,待查教学大纲（专业课）
水产学院,水产养殖学,第2学期,317300001008,人工智能应用基础,2,必修,人工智能基础（通识）,大学计算机课程教指委,最新版,高等教育出版社,,公共课已匹配
水产学院,水产养殖学,第2学期,317300001009,人工智能应用基础实验,1,必修,人工智能基础（通识）,大学计算机课程教指委,最新版,高等教育出版社,,公共课已匹配
水产学院,水产养殖学,第2学期,9093009774,大学生创新创业基础,1,必修,大学生创新创业基础,本校编,最新版,高等教育出版社,,公共课已匹配
水产学院,水产养殖学,第2学期,3113009824,写作与沟通1或第二学期选修）,1,选修,写作与沟通,马工程/本校编,最新版,高等教育出版社,,公共课已匹配
水产学院,水产养殖学,第2学期,308300009010,水产科学基础实验技术,1,必修,,,,,,待查教学大纲（专业课）
水产学院,水产养殖学,第2学期,308300007016,动物学,2,必修,动物学（第二版）,陈品红,第2版,高等教育出版社,,水产学院-已配统编教材
水产学院,水产养殖学,第2学期,3083009102,动物学实验,1,必修,,,,,,待查教学大纲（专业课）
水产学院,水产养殖学,第3学期,314300001008,3社会主义理论体系概论,3,必修,,,,,,待查教学大纲（专业课）
水产学院,水产养殖学,第3学期,314300001009,3社会主义思想概论,3,必修,,,,,,待查教学大纲（专业课）
水产学院,水产养殖学,3,,外语类课程,,必修类别,新视野大学英语（第三版·读写教程）,郑树棠,第3版,外语教学与研究出版社,,公共课已匹配
水产学院,水产养殖学,第3学期,310300001029,大学物理学C,2,必修,物理学（第七版）,马文蔚,第7版,高等教育出版社,,公共课已匹配
水产学院,水产养殖学,第3学期,310300001031,大学物理实验,1,必修,物理学（第七版）,马文蔚,第7版,高等教育出版社,,公共课已匹配
水产学院,水产养殖学,第3学期,301300007146,生物化学D,2,必修,,,,,,待查教学大纲（专业课）
水产学院,水产养殖学,第3学期,3083009104,基础生物化学实验,1,必修,,,,,,待查教学大纲（专业课）
水产学院,水产养殖学,第3学期,308300007017,鱼类学,3,必修,鱼类学（第二版）,谢从新,第2版,中国农业出版社,,水产学院-已配统编教材
水产学院,水产养殖学,第3学期,3083009106,鱼类学实验,1,必修,,,,,,待查教学大纲（专业课）
水产学院,水产养殖学,3,,体育类课程,,必修类别,大学体育（教材）,本校编,最新版,校本教材,,公共课已匹配
水产学院,水产养殖学,第3学期,308300001001,1的应用,1,必修,,,,,,待查教学大纲（专业课）
水产学院,水产养殖学,3,,通识课程,,选修类别,,,,,,待查教学大纲（专业课）
水产学院,水产养殖学,第3学期,308300007002,组织胚胎学,2,必修,动物组织学及胚胎学（第4版）,彭克美,第4版,高等教育出版社,,水产学院-已配统编教材
水产学院,水产养殖学,第3学期,308300007020,细胞生物学,2,必修,细胞生物学（第4版）,翟中和,第4版,高等教育出版社,,水产学院-已配统编教材
水产学院,水产养殖学,第3学期,3063009184,农业政策学,2,必修,,,,,,待查教学大纲（专业课）
水产学院,水产养殖学,第3学期,306300007142,物流与供应链管理,2,必修,,,,,,待查教学大纲（专业课）
水产学院,水产养殖学,第3学期,3063009209,质量管理,2,必修,,,,,,待查教学大纲（专业课）
水产学院,水产养殖学,第4学期,314300001007,马克思主义基本原理,3,必修,马克思主义基本原理（2023年版）,本书编写组,2023年版,高等教育出版社,,公共课已匹配
水产学院,水产养殖学,4,,外语类课程,,必修类别,新视野大学英语（第三版·读写教程）,郑树棠,第3版,外语教学与研究出版社,,公共课已匹配
水产学院,水产养殖学,第4学期,3083009902,科研训练12周,2,必修,,,,,,待查教学大纲（专业课）
水产学院,水产养殖学,第4学期,3083009108,水生生物学,3,必修,水生生物学,赵文,最新版,中国农业出版社,,水产学院-已配统编教材
水产学院,水产养殖学,第4学期,3083009109,水生生物学实验,1,必修,,,,,,待查教学大纲（专业课）
水产学院,水产养殖学,第4学期,308300007052,水环境化学,2,必修,水环境化学,应启茄,最新版,中国农业出版社,,水产学院-已配统编教材
水产学院,水产养殖学,第4学期,308300009016,水环境化学实验,1,必修,,,,,,待查教学大纲（专业课）
水产学院,水产养殖学,第4学期,308300007060,水产动物遗传育种学,4,必修,水产动物育种学,王武,最新版,中国农业出版社,,水产学院-已配统编教材
水产学院,水产养殖学,第4学期,9093009903,社会实践13周，第二学年暑期,3,必修,,,,,,待查教学大纲（专业课）
水产学院,水产养殖学,第4学期,3083009924,渔业资源与渔业环境调查12周，第二学年暑期,2,必修,,,,,,待查教学大纲（专业课）
水产学院,水产养殖学,4,,体育类课程,,必修类别,大学体育（教材）,本校编,最新版,校本教材,,公共课已匹配
水产学院,水产养殖学,第4学期,308300009014,水生动物细胞实验,1,必修,,,,,,待查教学大纲（专业课）
水产学院,水产养殖学,第4学期,308300009008,分子生物学实验,1,必修,,,,,,待查教学大纲（专业课）
水产学院,水产养殖学,第4学期,306300007125,农业经济学,3,必修,,,,,,待查教学大纲（专业课）
水产学院,水产养殖学,第4学期,3063009476,食物经济学,2,必修,,,,,,待查教学大纲（专业课）
水产学院,水产养殖学,第5学期,3083009110,动物生理学,3,必修,动物生理学（第4版）,杨秀平,第4版,高等教育出版社,,水产学院-已配统编教材
水产学院,水产养殖学,第5学期,3083009111,动物生理学实验,1,必修,,,,,,待查教学大纲（专业课）
水产学院,水产养殖学,第5学期,308300007058,水产动物营养与饲料学,4,必修,水产动物营养与饲料学,麦康森,最新版,中国农业出版社,,水产学院-已配统编教材
水产学院,水产养殖学,第5学期,308300009015,水产动物营养与饲料学实验,1,必修,,,,,,待查教学大纲（专业课）
水产学院,水产养殖学,第5学期,308300007057,水域生态学,3,必修,水域生态学,何志辉,最新版,中国农业出版社,,水产学院-已配统编教材
水产学院,水产养殖学,第5学期,3083009361,水产微生物技术应用,1,必修,,,,,,待查教学大纲（专业课）
水产学院,水产养殖学,第5学期,308300007015,鱼类行为学,1,必修,,,,,,待查教学大纲（专业课）
水产学院,水产养殖学,第5学期,308300007011,水产品保鲜与加工,2,必修,水产品加工工艺学,夏松养,最新版,中国农业出版社,,水产学院-已配统编教材
水产学院,水产养殖学,第5学期,308300009002,水产品保鲜与加工实验,1,必修,,,,,,待查教学大纲（专业课）
水产学院,水产养殖学,第6学期,308300007054,水产动物疾病学,4,必修,水产动物疾病学,陈昌福,最新版,中国农业出版社,,水产学院-已配统编教材
水产学院,水产养殖学,第6学期,3083009204,水产动物疾病学实验,1,必修,,,,,,待查教学大纲（专业课）
水产学院,水产养殖学,第6学期,308300007019,生物统计,2,必修,生物统计附试验设计（第5版）,明道绪,第5版,中国农业出版社,,水产学院-已配统编教材
水产学院,水产养殖学,第6学期,308300009005,生物统计学实验,1,必修,,,,,,待查教学大纲（专业课）
水产学院,水产养殖学,第6学期,308300007061,智慧水产养殖学,4,必修,,,,,,待查教学大纲（专业课）
水产学院,水产养殖学,第6学期,308300008007,水产综合教学实习67周,7,必修,,,,,,待查教学大纲（专业课）
水产学院,水产养殖学,第6学期,3083009305,水产药物学,2,必修,水产药物学,杨先乐,最新版,中国农业出版社,,水产学院-已配统编教材
水产学院,水产养殖学,第6学期,308300009007,水产药物学实验,1,必修,,,,,,待查教学大纲（专业课）
水产学院,水产养殖学,第6学期,308300007005,鱼类摄食与添加剂,2,必修,,,,,,待查教学大纲（专业课）
水产学院,水产养殖学,第6学期,3083009325,水产品品质与卫生检验,1,必修,,,,,,待查教学大纲（专业课）
水产学院,水产养殖学,第6学期,308300007006,饲料加工工艺学,1,必修,饲料加工工艺学,王启军,最新版,中国农业出版社,,水产学院-已配统编教材
水产学院,水产养殖学,第7学期,308300008008,饲料学实习22周,2,必修,,,,,,待查教学大纲（专业课）
水产学院,水产养殖学,第7学期,308300002003,AdvancesinAquaculture,1,必修,,,,,,待查教学大纲（专业课）
水产学院,水产养殖学,第7学期,3083009364,休闲渔业,2,必修,,,,,,待查教学大纲（专业课）
水产学院,水产养殖学,第7学期,308300007040,学术阅读与写作,1,必修,,,,,,待查教学大纲（专业课）
水产学院,水产养殖学,第7学期,308300007035,大水面渔业,2,必修,,,,,,待查教学大纲（专业课）
水产学院,水产养殖学,第8学期,308300008005,毕业实习12周,2,必修,,,,,,待查教学大纲（专业课）
水产学院,水产养殖学,第8学期,3143009105,形势与政策（二）,1,必修,形势与政策（最新版）,教育部组编,每年更新,高等教育出版社,,公共课已匹配
水产学院,水产养殖学,第8学期,3083009928,毕业论文612周,12,必修,,,,,,待查教学大纲（专业课）
水产学院,水产养殖学,第8学期,3143009003,3484261马院OutlineofModernChineseHistory,1,必修,,,,,,待查教学大纲（专业课）
水产学院,水产养殖学,第8学期,314300001006,3484262马院IdeologyMoralityandRuleofLaw,2,必修,,,,,,待查教学大纲（专业课）
水产学院,水产养殖学,第8学期,314300001008,BasicTheoryofMaoZedong3484083马院,3,必修,,,,,,待查教学大纲（专业课）
水产学院,水产养殖学,第8学期,314300001009,BasicTheoryofXiJinpingThought3484083马院,3,必修,,,,,,待查教学大纲（专业课）
水产学院,水产养殖学,第8学期,314300001007,3484264马院BasicKnowledgeofMarxism,4,必修,,,,,,待查教学大纲（专业课）
水产学院,水产养殖学,第8学期,3143009104,116161-2马院SituationandPolicyEducation(I),2,必修,,,,,,待查教学大纲（专业课）
水产学院,水产养殖学,8,,体育类课程必修，实行选项制，一、二年级要求每学期修满1,,必修类别,大学体育（教材）,本校编,最新版,校本教材,,公共课已匹配
水产学院,水产养殖学,8,,体育类课程教学详见《华中农业大学体育教学改革实施方案》。,,必修类别,大学体育（教材）,本校编,最新版,校本教材,,公共课已匹配
水产学院,水产养殖学,第8学期,307300007045,116161工学FoundationforEngineering,1,必修,,,,,,待查教学大纲（专业课）
水产学院,水产养殖学,第8学期,9093009904,232321MilitaryTheory生院,1,必修,,,,,,待查教学大纲（专业课）
水产学院,水产养殖学,第8学期,3113009824,116161/2文法WritingandCommunication,2,必修,,,,,,待查教学大纲（专业课）
水产学院,水产养殖学,第8学期,202300006005,PsychologicalDevelopmentand116162生院,2,必修,,,,,,待查教学大纲（专业课）
水产学院,水产养殖学,第8学期,9093009774,InnovationandEntrepreneurship116161生院,1,必修,,,,,,待查教学大纲（专业课）
水产学院,水产养殖学,第8学期,310300001019,微积分C580801信息CalculusC,1,必修,高等数学（第七版·上/下册）,同济大学数学系,第7版,高等教育出版社,,公共课已匹配
水产学院,水产养殖学,第8学期,310300001023,232322信息ProbabilityTheory,2,必修,,,,,,待查教学大纲（专业课）
水产学院,水产养殖学,第8学期,310300001025,线性代数B232322信息LinearAlgebraB,2,必修,线性代数（第六版）,同济大学数学系,第6版,高等教育出版社,9787040396632,公共课已匹配
水产学院,水产养殖学,第8学期,310300001029,大学物理学C232323工学CollegePhysicsC,3,必修,物理学（第七版）,马文蔚,第7版,高等教育出版社,,公共课已匹配
水产学院,水产养殖学,第8学期,310300001031,130303工学ExperimentofCollegePhysics,3,必修,,,,,,待查教学大纲（专业课）
水产学院,水产养殖学,第8学期,310300001008,无机及分析化学B464642化学InorganicandAnalyticalChemistry,2,必修,无机及分析化学（第五版）,南京大学《无机及分析化学》编写组,第5版,高等教育出版社,,公共课已匹配
水产学院,水产养殖学,第8学期,310300001002,有机化学B348481化学OrganicChemistryB,1,必修,有机化学（农科类 第三版）,汪小兰,第3版,高等教育出版社,,公共课已匹配
水产学院,水产养殖学,第8学期,310300001011,ExperimentofInorganicand260602化学,2,必修,,,,,,待查教学大纲（专业课）
水产学院,水产养殖学,第8学期,310300001005,有机化学实验B130301化学ExperimentofOrganicChemistryB,1,必修,有机化学（农科类 第三版）,汪小兰,第3版,高等教育出版社,,公共课已匹配
水产学院,水产养殖学,第8学期,3083009117,116161水产IntroductiontoAquaticDisciplines,1,必修,,,,,,待查教学大纲（专业课）
水产学院,水产养殖学,第8学期,308300007019,232326水产BiostatisticsforFisheries,6,必修,,,,,,待查教学大纲（专业课）
水产学院,水产养殖学,第8学期,308300009005,130306水产PracticeinBiostatisticsforFisheries,6,必修,,,,,,待查教学大纲（专业课）
水产学院,水产养殖学,第8学期,317300001008,FundamentalsofArtificial232322信息,2,必修,,,,,,待查教学大纲（专业课）
水产学院,水产养殖学,第8学期,317300001009,ExperimentsontheFundamentalsof130302信息,2,必修,,,,,,待查教学大纲（专业课）
水产学院,水产养殖学,第8学期,308300001001,Applicationofartificialintelligence116163水产,3,必修,,,,,,待查教学大纲（专业课）
水产学院,水产养殖学,第8学期,3083009110,348485水产AnimalPhysiology,5,必修,,,,,,待查教学大纲（专业课）
水产学院,水产养殖学,第8学期,3083009111,130305水产LaboratoryofAnimalPhysiology,5,必修,,,,,,待查教学大纲（专业课）
水产学院,水产养殖学,第8学期,301300007146,生物化学D232323水产GeneralBiochemistryD,3,必修,,,,,,待查教学大纲（专业课）
水产学院,水产养殖学,第8学期,3083009104,130303水产LaboratoryofGeneralBiochemistry,3,必修,,,,,,待查教学大纲（专业课）
水产学院,水产养殖学,第8学期,308300007052,232324水产AquaticChemistry,4,必修,,,,,,待查教学大纲（专业课）
水产学院,水产养殖学,第8学期,308300009016,130304水产AquaticChemistryLaboratory,4,必修,,,,,,待查教学大纲（专业课）
水产学院,水产养殖学,第8学期,308300007017,348483水产Ichthyology,3,必修,,,,,,待查教学大纲（专业课）
水产学院,水产养殖学,第8学期,3083009106,130303水产LaboratoryofIchthyology,3,必修,,,,,,待查教学大纲（专业课）
水产学院,水产养殖学,第8学期,3083009108,348484水产Hydrobiology,4,必修,,,,,,待查教学大纲（专业课）
水产学院,水产养殖学,第8学期,3083009109,130304水产Hydrobiology,4,必修,,,,,,待查教学大纲（专业课）
水产学院,水产养殖学,第8学期,308300007059,GeneticsandBreedingof348485水产,5,必修,,,,,,待查教学大纲（专业课）
水产学院,水产养殖学,第8学期,308300009018,LaboratoryofGeneticsand130305水产,5,必修,,,,,,待查教学大纲（专业课）
水产学院,水产养殖学,第8学期,308300007056,464645水产AquacultureofAquariumAnimals,5,必修,,,,,,待查教学大纲（专业课）
水产学院,水产养殖学,第8学期,308300007036,232324水产AquariumSightLayoutandDesign,4,必修,,,,,,待查教学大纲（专业课）
水产学院,水产养殖学,第8学期,308300009012,LaboratoryofAquariumSight130304水产,4,必修,,,,,,待查教学大纲（专业课）
水产学院,水产养殖学,第8学期,308300007053,348486水产AquariumAnimalDisease,6,必修,,,,,,待查教学大纲（专业课）
水产学院,水产养殖学,第8学期,3083009363,130306水产LaboratoryofAquariumAnimalDisease,6,必修,,,,,,待查教学大纲（专业课）
水产学院,水产养殖学,第8学期,308300007055,232324水产AquaticOrnamentalPlantCultivation,4,必修,,,,,,待查教学大纲（专业课）
水产学院,水产养殖学,第8学期,308300009017,AquaticOrnamentalPlant130304水产,4,必修,,,,,,待查教学大纲（专业课）
水产学院,水产养殖学,第8学期,308300002002,232325水产WorldOrnamentalAquariumIndustry,5,必修,,,,,,待查教学大纲（专业课）
水产学院,水产养殖学,第8学期,308300007004,116165水产InnovationandDesignofAquarium,5,必修,,,,,,待查教学大纲（专业课）
水产学院,水产养殖学,第8学期,3083009364,232327水产RecreationalFisheries,7,必修,,,,,,待查教学大纲（专业课）
水产学院,水产养殖学,第8学期,308300009008,130304水产MolecularBiologyofLaboratory,4,必修,,,,,,待查教学大纲（专业课）
水产学院,水产养殖学,第8学期,308300007002,232323水产HistologyandEmbryology,3,必修,,,,,,待查教学大纲（专业课）
水产学院,水产养殖学,第8学期,308300007020,232323水产CellBiology,3,必修,,,,,,待查教学大纲（专业课）
水产学院,水产养殖学,第8学期,3083009305,232326水产AquaculturePharmacology,6,必修,,,,,,待查教学大纲（专业课）
水产学院,水产养殖学,第8学期,308300009007,130306水产AquaculturePharmacologyLaboratory,6,必修,,,,,,待查教学大纲（专业课）
水产学院,水产养殖学,第8学期,3083009361,ApplicationofAquaculture130305水产,5,必修,,,,,,待查教学大纲（专业课）
水产学院,水产养殖学,第8学期,308300009010,BasicExperimentalTechniques130302水产,2,必修,,,,,,待查教学大纲（专业课）
水产学院,水产养殖学,第8学期,3083009102,130302水产ZoologyPractice,2,必修,,,,,,待查教学大纲（专业课）
水产学院,水产养殖学,第8学期,308300007016,232322水产Zoology,2,必修,,,,,,待查教学大纲（专业课）
水产学院,水产养殖学,第8学期,308300007061,464646水产SmartAquaculture,6,必修,,,,,,待查教学大纲（专业课）
水产学院,水产养殖学,第8学期,308300007057,348485水产FreshwaterEcology,5,必修,,,,,,待查教学大纲（专业课）
水产学院,水产养殖学,第8学期,308300009014,130304水产Aquaticanimalcellexperiment,4,必修,,,,,,待查教学大纲（专业课）
水产学院,水产养殖学,第8学期,308300007040,116167水产AcademicReadingandWriting,7,必修,,,,,,待查教学大纲（专业课）
水产学院,水产养殖学,第8学期,308300002003,AdvancesinAquaculture116167水产,7,必修,,,,,,待查教学大纲（专业课）
水产学院,水产养殖学,第8学期,3063009476,232326经管FoodEconomics,6,必修,,,,,,待查教学大纲（专业课）
水产学院,水产养殖学,第8学期,3063009184,232325经管AgriculturalPolicyStudy,5,必修,,,,,,待查教学大纲（专业课）
水产学院,水产养殖学,第8学期,306300007022,36232304经管ManagementofAgriculturalEnterprise,4,必修,,,,,,待查教学大纲（专业课）
水产学院,水产养殖学,第8学期,3063009714,232326经管TheoryandPracticeofFuturesMarket,6,必修,,,,,,待查教学大纲（专业课）
水产学院,水产养殖学,第8学期,3013009391,ResearchProgressof232327植科,7,必修,,,,,,待查教学大纲（专业课）
水产学院,水产养殖学,第8学期,9093009905,231Militaryskills生院,1,必修,,,,,,待查教学大纲（专业课）
水产学院,水产养殖学,第8学期,9093009906,Innovationand11-7生院,7,必修,,,,,,待查教学大纲（专业课）
水产学院,水产养殖学,第8学期,202300008001,ThePracticeofMentalHealth1301生院,1,必修,,,,,,待查教学大纲（专业课）
水产学院,水产养殖学,第8学期,3143009105,1303-8马院SituationandPolicyEducation(Ⅱ),8,必修,,,,,,待查教学大纲（专业课）
水产学院,水产养殖学,第8学期,9093009903,114团委SocialPractice,4,必修,,,,,,待查教学大纲（专业课）
水产学院,水产养殖学,第8学期,110300008001,1301-7团委VolunteerService,7,必修,,,,,,待查教学大纲（专业课）
水产学院,水产养殖学,第8学期,110300008002,11-7团委AestheticPractice,7,必修,,,,,,待查教学大纲（专业课）
水产学院,水产养殖学,第8学期,3083009924,SurveyofFisheryResources124水产第二学年暑期,4,必修,,,,,,待查教学大纲（专业课）
水产学院,水产养殖学,第8学期,308300008007,（含水族鱼病实习1周）666水产AquaticComprehensive,6,必修,,,,,,待查教学大纲（专业课）
水产学院,水产养殖学,第8学期,308300008006,水族生产实习（含水族馆实习）445水产第二学年Aquariumworkpractice暑期,5,必修,,,,,,待查教学大纲（专业课）
水产学院,水产养殖学,第8学期,3083009902,124水产ScientificTraining,4,必修,,,,,,待查教学大纲（专业课）
水产学院,水产养殖学,第8学期,308300928,6127-8水产Bachelor’sThesis,8,必修,,,,,,待查教学大纲（专业课）
水产学院,水族科学与技术,第1学期,3143009003,中国近现代史纲要,3,必修,中国近现代史纲要（2023年版）,本书编写组,2023年版,高等教育出版社,,公共课已匹配
水产学院,水族科学与技术,第1学期,3123009031,大学英语（3）2B级学生修读,2,必修,新视野大学英语（第三版·读写教程）,郑树棠,第3版,外语教学与研究出版社,,公共课已匹配
水产学院,水族科学与技术,第1学期,3123009029,大学英语（4）2A级学生修读,2,必修,新视野大学英语（第三版·读写教程）,郑树棠,第3版,外语教学与研究出版社,,公共课已匹配
水产学院,水族科学与技术,1,,体育类课程,,必修类别,大学体育（教材）,本校编,最新版,校本教材,,公共课已匹配
水产学院,水族科学与技术,第1学期,9093009905,军事技能2军事训练3周,3,必修,军事训练教程,教育部军委国防动员部,2023版,高等教育出版社,,公共课已匹配
水产学院,水族科学与技术,第1学期,310300001019,微积分C,5,必修,高等数学（第七版·上/下册）,同济大学数学系,第7版,高等教育出版社,,公共课已匹配
水产学院,水族科学与技术,第1学期,310300001002,有机化学B,3,必修,有机化学（农科类 第三版）,汪小兰,第3版,高等教育出版社,,公共课已匹配
水产学院,水族科学与技术,第1学期,310300001005,有机化学实验B,1,必修,有机化学（农科类 第三版）,汪小兰,第3版,高等教育出版社,,公共课已匹配
水产学院,水族科学与技术,第1学期,3083009117,水产学科专业导论,1,必修,,,,,,待查教学大纲（专业课）
水产学院,水族科学与技术,第1学期,202300008001,大学生心理素质拓展,1,必修,大学生心理健康教育,郑日昌,最新版,高等教育出版社,,公共课已匹配
水产学院,水族科学与技术,第1学期,3113009824,写作与沟通,1,必修,写作与沟通,马工程/本校编,最新版,高等教育出版社,,公共课已匹配
水产学院,水族科学与技术,第1学期,202300006005,大学生心理发展与指导,1,必修,大学生心理健康教育,郑日昌,最新版,高等教育出版社,,公共课已匹配
水产学院,水族科学与技术,第1学期,3143009104,形势与政策（一）,1,必修,形势与政策（最新版）,教育部组编,每年更新,高等教育出版社,,公共课已匹配
水产学院,水族科学与技术,第2学期,314300001006,思想道德与法治,3,必修,思想道德与法治（2023年版）,本书编写组,2023年版,高等教育出版社,,公共课已匹配
水产学院,水族科学与技术,第2学期,3123009029,中级英语视听说2B级学生修读,2,必修,,,,,,待查教学大纲（专业课）
水产学院,水族科学与技术,第2学期,3123009030,高级英语视听说2A级学生修读,2,必修,,,,,,待查教学大纲（专业课）
水产学院,水族科学与技术,2,,体育类课程,,必修类别,大学体育（教材）,本校编,最新版,校本教材,,公共课已匹配
水产学院,水族科学与技术,第2学期,3103009008,概率论,2,必修,概率论与数理统计（第五版）,盛骤 谢式千,第5版,高等教育出版社,9787040384876,公共课已匹配
水产学院,水族科学与技术,第2学期,3103009010,线性代数B,2,必修,线性代数（第六版）,同济大学数学系,第6版,高等教育出版社,9787040396632,公共课已匹配
水产学院,水族科学与技术,第2学期,310300001008,无机及分析化学B,4,必修,无机及分析化学（第五版）,南京大学《无机及分析化学》编写组,第5版,高等教育出版社,,公共课已匹配
水产学院,水族科学与技术,第2学期,310300001011,无机及分析化学实验B,2,必修,无机及分析化学（第五版）,南京大学《无机及分析化学》编写组,第5版,高等教育出版社,,公共课已匹配
水产学院,水族科学与技术,第2学期,9093009904,军事理论,2,必修,军事理论课教程,教育部军委国防动员部,2023版,高等教育出版社,,公共课已匹配
水产学院,水族科学与技术,第2学期,3707300007045,工程基础1大于等于1学分,1,必修,,,,,,待查教学大纲（专业课）
水产学院,水族科学与技术,第2学期,317300001008,人工智能应用基础,2,必修,人工智能基础（通识）,大学计算机课程教指委,最新版,高等教育出版社,,公共课已匹配
水产学院,水族科学与技术,第2学期,317300001009,人工智能应用基础实验,1,必修,人工智能基础（通识）,大学计算机课程教指委,最新版,高等教育出版社,,公共课已匹配
水产学院,水族科学与技术,第2学期,9093009774,大学生创新创业基础,1,必修,大学生创新创业基础,本校编,最新版,高等教育出版社,,公共课已匹配
水产学院,水族科学与技术,第2学期,3113009824,写作与沟通1或第二学期选修）,1,选修,写作与沟通,马工程/本校编,最新版,高等教育出版社,,公共课已匹配
水产学院,水族科学与技术,第2学期,308300009010,水产类基础实验技术与方法,1,必修,,,,,,待查教学大纲（专业课）
水产学院,水族科学与技术,第2学期,308300007016,动物学,2,必修,动物学（第二版）,陈品红,第2版,高等教育出版社,,水产学院-已配统编教材
水产学院,水族科学与技术,第2学期,3083009102,动物学实验,1,必修,,,,,,待查教学大纲（专业课）
水产学院,水族科学与技术,第3学期,314300001008,3社会主义理论体系概论,3,必修,,,,,,待查教学大纲（专业课）
水产学院,水族科学与技术,第3学期,314300001009,3社会主义思想概论,3,必修,,,,,,待查教学大纲（专业课）
水产学院,水族科学与技术,3,,外语类课程,,必修类别,新视野大学英语（第三版·读写教程）,郑树棠,第3版,外语教学与研究出版社,,公共课已匹配
水产学院,水族科学与技术,第3学期,310300001029,大学物理学C,2,必修,物理学（第七版）,马文蔚,第7版,高等教育出版社,,公共课已匹配
水产学院,水族科学与技术,第3学期,310300001031,大学物理实验,1,必修,物理学（第七版）,马文蔚,第7版,高等教育出版社,,公共课已匹配
水产学院,水族科学与技术,第3学期,301300007146,生物化学D,2,必修,,,,,,待查教学大纲（专业课）
水产学院,水族科学与技术,第3学期,3083009104,基础生物化学实验,1,必修,,,,,,待查教学大纲（专业课）
水产学院,水族科学与技术,第3学期,308300007017,鱼类学,3,必修,鱼类学（第二版）,谢从新,第2版,中国农业出版社,,水产学院-已配统编教材
水产学院,水族科学与技术,第3学期,3083009106,鱼类学实验,1,必修,,,,,,待查教学大纲（专业课）
水产学院,水族科学与技术,3,,体育类课程,,必修类别,大学体育（教材）,本校编,最新版,校本教材,,公共课已匹配
水产学院,水族科学与技术,第3学期,308300001001,人工智能在水产科学中的应用,1,必修,,,,,,待查教学大纲（专业课）
水产学院,水族科学与技术,3,,通识课程,,选修类别,,,,,,待查教学大纲（专业课）
水产学院,水族科学与技术,第3学期,308300007002,组织胚胎学,2,必修,动物组织学及胚胎学（第4版）,彭克美,第4版,高等教育出版社,,水产学院-已配统编教材
水产学院,水族科学与技术,第3学期,308300007020,细胞生物学,2,必修,细胞生物学（第4版）,翟中和,第4版,高等教育出版社,,水产学院-已配统编教材
水产学院,水族科学与技术,第4学期,314300001007,马克思主义基本原理概论,3,必修,马克思主义基本原理（2023年版）,本书编写组,2023年版,高等教育出版社,,公共课已匹配
水产学院,水族科学与技术,第4学期,3083009902,科研训练,1,必修,,,,,,待查教学大纲（专业课）
水产学院,水族科学与技术,第4学期,3083009108,水生生物学,3,必修,水生生物学,赵文,最新版,中国农业出版社,,水产学院-已配统编教材
水产学院,水族科学与技术,第4学期,3083009109,水生生物学实验,1,必修,,,,,,待查教学大纲（专业课）
水产学院,水族科学与技术,第4学期,308300007052,水环境化学,2,必修,水环境化学,应启茄,最新版,中国农业出版社,,水产学院-已配统编教材
水产学院,水族科学与技术,第4学期,308300009016,水环境化学实验,1,必修,,,,,,待查教学大纲（专业课）
水产学院,水族科学与技术,第4学期,308300007036,水族景观规划与设计,2,必修,,,,,,待查教学大纲（专业课）
水产学院,水族科学与技术,第4学期,308300009012,水族景观规划与设计实验,1,必修,,,,,,待查教学大纲（专业课）
水产学院,水族科学与技术,第4学期,3083009924,渔业资源与渔业环境调查实习12周，第二学年暑期,2,必修,,,,,,待查教学大纲（专业课）
水产学院,水族科学与技术,第4学期,308300007055,水族观赏植物栽培学,2,必修,,,,,,待查教学大纲（专业课）
水产学院,水族科学与技术,第4学期,308300009017,水族观赏植物栽培学实验,1,必修,,,,,,待查教学大纲（专业课）
水产学院,水族科学与技术,第4学期,9093009903,社会实践13周，第二学年暑期,3,必修,,,,,,待查教学大纲（专业课）
水产学院,水族科学与技术,4,,通识课程,,选修类别,,,,,,待查教学大纲（专业课）
水产学院,水族科学与技术,4,,体育类课程,,必修类别,大学体育（教材）,本校编,最新版,校本教材,,公共课已匹配
水产学院,水族科学与技术,第4学期,308300009008,分子生物学实验,1,必修,,,,,,待查教学大纲（专业课）
水产学院,水族科学与技术,第4学期,308300009014,水生动物细胞实验,1,必修,,,,,,待查教学大纲（专业课）
水产学院,水族科学与技术,第4学期,306300007022,农业企业经营管理学,3,必修,,,,,,待查教学大纲（专业课）
水产学院,水族科学与技术,第5学期,3083009110,动物生理学,3,必修,动物生理学（第4版）,杨秀平,第4版,高等教育出版社,,水产学院-已配统编教材
水产学院,水族科学与技术,第5学期,3083009111,动物生理学实验,1,必修,,,,,,待查教学大纲（专业课）
水产学院,水族科学与技术,第5学期,308300007056,水族观赏动物养殖学,4,必修,观赏鱼类养殖学,养殖学编委会,最新版,中国农业出版社,,水产学院-已配统编教材
水产学院,水族科学与技术,第5学期,308300007059,水族观赏动物遗传育种学,3,必修,水产动物育种学,王武,最新版,中国农业出版社,,水产学院-已配统编教材
水产学院,水族科学与技术,第5学期,308300009018,水族观赏动物遗传育种学实验,1,必修,,,,,,待查教学大纲（专业课）
水产学院,水族科学与技术,第5学期,308300008006,水族生产实习（含水族馆实习）,4,必修,,,,,,待查教学大纲（专业课）
水产学院,水族科学与技术,5,,通识课程,,选修类别,,,,,,待查教学大纲（专业课）
水产学院,水族科学与技术,第5学期,308300002001,世界水族（全英文课程）,2,必修,,,,,,待查教学大纲（专业课）
水产学院,水族科学与技术,第5学期,308300007004,水族馆创意与设计,1,必修,,,,,,待查教学大纲（专业课）
水产学院,水族科学与技术,第5学期,308300007057,水域生态学,3,必修,水域生态学,何志辉,最新版,中国农业出版社,,水产学院-已配统编教材
水产学院,水族科学与技术,第5学期,308300007028,水环境保护,1,必修,,,,,,待查教学大纲（专业课）
水产学院,水族科学与技术,第5学期,3083009354,水生动物免疫学,2,必修,,,,,,待查教学大纲（专业课）
水产学院,水族科学与技术,第5学期,308300009006,水生动物免疫学实验,1,必修,,,,,,待查教学大纲（专业课）
水产学院,水族科学与技术,第5学期,308300009013,水产微生物技术应用,1,必修,,,,,,待查教学大纲（专业课）
水产学院,水族科学与技术,第5学期,3063009184,农业政策学,2,必修,,,,,,待查教学大纲（专业课）
水产学院,水族科学与技术,第6学期,308300007019,生物统计,2,必修,生物统计附试验设计（第5版）,明道绪,第5版,中国农业出版社,,水产学院-已配统编教材
水产学院,水族科学与技术,第6学期,308300009005,生物统计学实验,1,必修,,,,,,待查教学大纲（专业课）
水产学院,水族科学与技术,第6学期,308300007053,水族动物疾病学,2,必修,水产动物疾病学,陈昌福,最新版,中国农业出版社,,水产学院-已配统编教材
水产学院,水族科学与技术,第6学期,3083009363,水族动物疾病学实验,1,必修,,,,,,待查教学大纲（专业课）
水产学院,水族科学与技术,第6学期,308300008001,6（含水族鱼病实习1周）,1,必修,,,,,,待查教学大纲（专业课）
水产学院,水族科学与技术,第6学期,3083009305,水产药物学,2,必修,水产药物学,杨先乐,最新版,中国农业出版社,,水产学院-已配统编教材
水产学院,水族科学与技术,第6学期,308300009007,水产药物学实验,1,必修,,,,,,待查教学大纲（专业课）
水产学院,水族科学与技术,第6学期,3083009359,名特水产动物养殖,2,必修,名特水产养殖学,李英文,最新版,中国农业出版社,,水产学院-已配统编教材
水产学院,水族科学与技术,第6学期,308300007061,智慧水产养殖学,4,必修,,,,,,待查教学大纲（专业课）
水产学院,水族科学与技术,第6学期,3063009476,食物经济学,2,必修,,,,,,待查教学大纲（专业课）
水产学院,水族科学与技术,第6学期,3063009714,期货市场理论与实务,2,必修,,,,,,待查教学大纲（专业课）
水产学院,水族科学与技术,第7学期,308300007027,水生生物科学进展,2,必修,,,,,,待查教学大纲（专业课）
水产学院,水族科学与技术,第7学期,308300007040,学术阅读与写作,1,必修,,,,,,待查教学大纲（专业课）
水产学院,水族科学与技术,第7学期,308300007026,休闲渔业,2,必修,,,,,,待查教学大纲（专业课）
水产学院,水族科学与技术,第7学期,308300002003,AdvancesinAquaculture,1,必修,,,,,,待查教学大纲（专业课）
水产学院,水族科学与技术,第7学期,3013009391,智慧农业研究进展,3,必修,,,,,,待查教学大纲（专业课）
水产学院,水族科学与技术,第8学期,308300008003,毕业实习12周,2,必修,,,,,,待查教学大纲（专业课）
水产学院,水族科学与技术,第8学期,3143009105,形势与政策（二）,1,必修,形势与政策（最新版）,教育部组编,每年更新,高等教育出版社,,公共课已匹配
水产学院,水族科学与技术,第8学期,308300008005,毕业论文（设计）612周,12,必修,,,,,,待查教学大纲（专业课）
食品科学技术学院,食品科学与工程,第1学期,3143009003,中国近现代史纲要,3,必修,中国近现代史纲要（2023年版）,本书编写组,2023年版,高等教育出版社,,公共课已匹配
食品科学技术学院,食品科学与工程,第1学期,3143009104,形势与政策（一）,1,必修,形势与政策（最新版）,教育部组编,每年更新,高等教育出版社,,公共课已匹配
食品科学技术学院,食品科学与工程,第1学期,310300001017,微积分A（1）,5,必修,高等数学（第七版·上/下册）,同济大学数学系,第7版,高等教育出版社,,公共课已匹配
食品科学技术学院,食品科学与工程,第1学期,310300001008,无机及分析化学B,4,必修,无机及分析化学（第五版）,南京大学《无机及分析化学》编写组,第5版,高等教育出版社,,公共课已匹配
食品科学技术学院,食品科学与工程,第1学期,310300001011,无机及分析化学实验B,2,必修,无机及分析化学（第五版）,南京大学《无机及分析化学》编写组,第5版,高等教育出版社,,公共课已匹配
食品科学技术学院,食品科学与工程,第1学期,9093009904,军事理论,2,必修,军事理论课教程,教育部军委国防动员部,2023版,高等教育出版社,,公共课已匹配
食品科学技术学院,食品科学与工程,第1学期,9093009305,军事技能,2,必修,军事训练教程,教育部军委国防动员部,2023版,高等教育出版社,,公共课已匹配
食品科学技术学院,食品科学与工程,第1学期,3113009824,写作与沟通（通识课）,1,必修,写作与沟通,马工程/本校编,最新版,高等教育出版社,,公共课已匹配
食品科学技术学院,食品科学与工程,第1学期,9093009774,大学生创新创业基础（通识课）,1,必修,大学生创新创业基础,本校编,最新版,高等教育出版社,,公共课已匹配
食品科学技术学院,食品科学与工程,第1学期,309300007060,食品科学与工程学科导论与认知实践,2,必修,,,,,,待查教学大纲（专业课）
食品科学技术学院,食品科学与工程,1,,外语类课程,,必修类别,新视野大学英语（第三版·读写教程）,郑树棠,第3版,外语教学与研究出版社,,公共课已匹配
食品科学技术学院,食品科学与工程,1,,体育类课程,,必修类别,大学体育（教材）,本校编,最新版,校本教材,,公共课已匹配
食品科学技术学院,食品科学与工程,第2学期,314300001006,思想道德与法治,3,必修,思想道德与法治（2023年版）,本书编写组,2023年版,高等教育出版社,,公共课已匹配
食品科学技术学院,食品科学与工程,第2学期,3143009104,形势与政策（一）01-2学期共1学分,1,必修,形势与政策（最新版）,教育部组编,每年更新,高等教育出版社,,公共课已匹配
食品科学技术学院,食品科学与工程,第2学期,310300001032,微积分A（2）,5,必修,高等数学（第七版·上/下册）,同济大学数学系,第7版,高等教育出版社,,公共课已匹配
食品科学技术学院,食品科学与工程,第2学期,310300001025,线性代数B,2,必修,线性代数（第六版）,同济大学数学系,第6版,高等教育出版社,9787040396632,公共课已匹配
食品科学技术学院,食品科学与工程,第2学期,310300001002,有机化学B,3,必修,有机化学（农科类 第三版）,汪小兰,第3版,高等教育出版社,,公共课已匹配
食品科学技术学院,食品科学与工程,第2学期,310300001005,有机化学实验B,1,必修,有机化学（农科类 第三版）,汪小兰,第3版,高等教育出版社,,公共课已匹配
食品科学技术学院,食品科学与工程,第2学期,202300006005,大学生心理发展与指导（通识课）,1,必修,大学生心理健康教育,郑日昌,最新版,高等教育出版社,,公共课已匹配
食品科学技术学院,食品科学与工程,第2学期,202300008001,大学生心理素质拓展,1,必修,大学生心理健康教育,郑日昌,最新版,高等教育出版社,,公共课已匹配
食品科学技术学院,食品科学与工程,第2学期,317300001008,人工智能应用基础,2,必修,人工智能基础（通识）,大学计算机课程教指委,最新版,高等教育出版社,,公共课已匹配
食品科学技术学院,食品科学与工程,第2学期,317300001009,人工智能应用基础实验,1,必修,人工智能基础（通识）,大学计算机课程教指委,最新版,高等教育出版社,,公共课已匹配
食品科学技术学院,食品科学与工程,第2学期,307300007043,工程制图,2,必修,,,,,,待查教学大纲（专业课）
食品科学技术学院,食品科学与工程,第2学期,307300009006,计算机绘图B,1,必修,,,,,,待查教学大纲（专业课）
食品科学技术学院,食品科学与工程,2,,外语类课程,,必修类别,新视野大学英语（第三版·读写教程）,郑树棠,第3版,外语教学与研究出版社,,公共课已匹配
食品科学技术学院,食品科学与工程,2,,体育类课程,,必修类别,大学体育（教材）,本校编,最新版,校本教材,,公共课已匹配
食品科学技术学院,食品科学与工程,第3学期,314300001008,毛泽东思想和中国特色3社会主义理论体系概论,3,必修,毛泽东思想和中国特色社会主义理论体系概论（2023年版）,本书编写组,2023年版,高等教育出版社,,公共课已匹配
食品科学技术学院,食品科学与工程,第3学期,314300001009,习近平新时代中国特色3社会主义思想概论,3,必修,习近平新时代中国特色社会主义思想概论（2023年版）,本书编写组,2023年版,高等教育出版社,,公共课已匹配
食品科学技术学院,食品科学与工程,第3学期,3143009105,贯穿3-8学期，形势与政策（二）0共1学分,1,必修,形势与政策（最新版）,教育部组编,每年更新,高等教育出版社,,公共课已匹配
食品科学技术学院,食品科学与工程,第3学期,310300001029,大学物理学C,2,必修,物理学（第七版）,马文蔚,第7版,高等教育出版社,,公共课已匹配
食品科学技术学院,食品科学与工程,第3学期,310300001031,大学物理学实验,1,必修,物理学（第七版）,马文蔚,第7版,高等教育出版社,,公共课已匹配
食品科学技术学院,食品科学与工程,第3学期,310300001022,概率论与数理统计B,3,必修,概率论与数理统计（第五版）,盛骤 谢式千,第5版,高等教育出版社,9787040384876,公共课已匹配
食品科学技术学院,食品科学与工程,第3学期,310300001048,物理化学与胶体化学,2,必修,,,,,,待查教学大纲（专业课）
食品科学技术学院,食品科学与工程,第3学期,310300001014,物理化学与胶体化学实验,1,必修,,,,,,待查教学大纲（专业课）
食品科学技术学院,食品科学与工程,第3学期,309300007023,简明生物化学,2,必修,,,,,,待查教学大纲（专业课）
食品科学技术学院,食品科学与工程,第3学期,309300009002,简明生物化学实验,1,必修,,,,,,待查教学大纲（专业课）
食品科学技术学院,食品科学与工程,第3学期,307300009004,工程训练,1,必修,,,,,,待查教学大纲（专业课）
食品科学技术学院,食品科学与工程,3,,外语类课程,,必修类别,新视野大学英语（第三版·读写教程）,郑树棠,第3版,外语教学与研究出版社,,公共课已匹配
食品科学技术学院,食品科学与工程,3,,体育类课程,,必修类别,大学体育（教材）,本校编,最新版,校本教材,,公共课已匹配
食品科学技术学院,食品科学与工程,第4学期,314300001007,马克思主义基本原理,3,必修,马克思主义基本原理（2023年版）,本书编写组,2023年版,高等教育出版社,,公共课已匹配
食品科学技术学院,食品科学与工程,第4学期,3143009105,贯穿3-8学期，形势与政策（二）0共1学分,1,必修,形势与政策（最新版）,教育部组编,每年更新,高等教育出版社,,公共课已匹配
食品科学技术学院,食品科学与工程,第4学期,307300007050,机械工程基础,3,必修,,,,,,待查教学大纲（专业课）
食品科学技术学院,食品科学与工程,第4学期,307300007041,电工技术B,2,必修,,,,,,待查教学大纲（专业课）
食品科学技术学院,食品科学与工程,第4学期,309300007058,食品工程原理A,3,必修,,,,,,待查教学大纲（专业课）
食品科学技术学院,食品科学与工程,第4学期,309300009009,食品工程原理实验A,1,必修,,,,,,待查教学大纲（专业课）
食品科学技术学院,食品科学与工程,第4学期,309300009011,食品工程原理课程设计A,1,必修,,,,,,待查教学大纲（专业课）
食品科学技术学院,食品科学与工程,第4学期,309300007043,食品微生物学A,3,必修,,,,,,待查教学大纲（专业课）
食品科学技术学院,食品科学与工程,第4学期,309300009008,食品微生物学实验A,1,必修,,,,,,待查教学大纲（专业课）
食品科学技术学院,食品科学与工程,第4学期,9093009903,社会实践,1,必修,,,,,,待查教学大纲（专业课）
食品科学技术学院,食品科学与工程,4,,外语类课程,,必修类别,新视野大学英语（第三版·读写教程）,郑树棠,第3版,外语教学与研究出版社,,公共课已匹配
食品科学技术学院,食品科学与工程,4,,体育类课程,,必修类别,大学体育（教材）,本校编,最新版,校本教材,,公共课已匹配
食品科学技术学院,食品科学与工程,第5学期,3143009105,贯穿3-8学期，形势与政策（二）0共1学分,1,必修,形势与政策（最新版）,教育部组编,每年更新,高等教育出版社,,公共课已匹配
食品科学技术学院,食品科学与工程,第5学期,309300007062,食品化学与分析A,4,必修,,,,,,待查教学大纲（专业课）
食品科学技术学院,食品科学与工程,第5学期,309300009010,食品化学分析与仪器分析实验A,2,必修,,,,,,待查教学大纲（专业课）
食品科学技术学院,食品科学与工程,第5学期,307300007044,食品机械与设备,3,必修,,,,,,待查教学大纲（专业课）
食品科学技术学院,食品科学与工程,第5学期,309300007067,食品标准法规与品质管理A,3,必修,,,,,,待查教学大纲（专业课）
食品科学技术学院,食品科学与工程,第5学期,309300007064,食品营养与卫生,3,必修,,,,,,待查教学大纲（专业课）
食品科学技术学院,食品科学与工程,第5学期,309300007079,食品领域人工智能应用,1,必修,,,,,,待查教学大纲（专业课）
食品科学技术学院,食品科学与工程,第5学期,309300009012,食品感官鉴评实习A,1,必修,,,,,,待查教学大纲（专业课）
食品科学技术学院,食品科学与工程,第6学期,309300007029,食品工艺学A,4,必修,,,,,,待查教学大纲（专业课）
食品科学技术学院,食品科学与工程,第6学期,3093009134,食品工艺学实验A,2,必修,,,,,,待查教学大纲（专业课）
食品科学技术学院,食品科学与工程,第6学期,309300007066,食品发酵设备与工艺A,2,必修,,,,,,待查教学大纲（专业课）
食品科学技术学院,食品科学与工程,第6学期,3093009237,食品工厂设计基础,2,必修,,,,,,待查教学大纲（专业课）
食品科学技术学院,食品科学与工程,第6学期,3093009238,食品工厂课程设计,1,必修,,,,,,待查教学大纲（专业课）
食品科学技术学院,食品科学与工程,第6学期,3093009901,食品发酵设备与工艺实习,2,必修,,,,,,待查教学大纲（专业课）
食品科学技术学院,食品科学与工程,第7学期,3143009105,贯穿3-8学期，形势与政策（二）0共1学分,1,必修,形势与政策（最新版）,教育部组编,每年更新,高等教育出版社,,公共课已匹配
食品科学技术学院,食品科学与工程,第7学期,309300008017,生产实习A,1,必修,,,,,,待查教学大纲（专业课）
食品科学技术学院,食品科学与工程,第7学期,3093009909,食品工艺综合实习,2,必修,,,,,,待查教学大纲（专业课）
食品科学技术学院,食品科学与工程,第7学期,3093009911,食品贮运包装综合实习,1,必修,,,,,,待查教学大纲（专业课）
食品科学技术学院,食品科学与工程,第7学期,309300008012,毕业实习A,2,必修,,,,,,待查教学大纲（专业课）
食品科学技术学院,食品科学与工程,第8学期,3143009105,贯穿3-8学期，形势与政策（二）1共1学分,1,必修,形势与政策（最新版）,教育部组编,每年更新,高等教育出版社,,公共课已匹配
食品科学技术学院,食品科学与工程,第8学期,309300008013,毕业设计（论文）A,6,必修,,,,,,待查教学大纲（专业课）
食品科学技术学院,食品科学与工程,第8学期,3143009003,中国近现代史纲要3484261马院OutlineofModernChineseHistory,1,必修,中国近现代史纲要（2023年版）,本书编写组,2023年版,高等教育出版社,,公共课已匹配
食品科学技术学院,食品科学与工程,第8学期,314300001006,思想道德与法治3484262马院IdeologyMoralityandRuleofLaw,2,必修,思想道德与法治（2023年版）,本书编写组,2023年版,高等教育出版社,,公共课已匹配
食品科学技术学院,食品科学与工程,第8学期,314300001008,BasicTheoryofMaoZedongThought3484083马院,3,必修,,,,,,待查教学大纲（专业课）
食品科学技术学院,食品科学与工程,第8学期,314300001009,BasicTheoryofXiJinpingThought3484083马院,3,必修,,,,,,待查教学大纲（专业课）
食品科学技术学院,食品科学与工程,第8学期,314300001007,马克思主义基本原理3484264马院BasicKnowledgeofMarxism,4,必修,马克思主义基本原理（2023年版）,本书编写组,2023年版,高等教育出版社,,公共课已匹配
食品科学技术学院,食品科学与工程,第8学期,3143009104,形势与政策（一）116161-2马院SituationandPolicyEducation(Ⅰ),2,必修,形势与政策（最新版）,教育部组编,每年更新,高等教育出版社,,公共课已匹配
食品科学技术学院,食品科学与工程,8,,体育类课程必修，实行选项制，一、二年级要求每学期修满1,,必修类别,大学体育（教材）,本校编,最新版,校本教材,,公共课已匹配
食品科学技术学院,食品科学与工程,8,,体育类课程教学详见《华中农业大学体育教学改革实施方案》。,,必修类别,大学体育（教材）,本校编,最新版,校本教材,,公共课已匹配
食品科学技术学院,食品科学与工程,第8学期,9093009904,军事理论本科232321MilitaryTheory生院,1,必修,军事理论课教程,教育部军委国防动员部,2023版,高等教育出版社,,公共课已匹配
食品科学技术学院,食品科学与工程,第8学期,3113009824,写作与沟通116161/2文法WritingandCommunication,2,必修,写作与沟通,马工程/本校编,最新版,高等教育出版社,,公共课已匹配
食品科学技术学院,食品科学与工程,第8学期,202300006005,本科PsychologicalDevelopmentand116162生院GuidanceofCollegeStudents,2,必修,,,,,,待查教学大纲（专业课）
食品科学技术学院,食品科学与工程,第8学期,9093009774,本科InnovationandEntrepreneurship116161生院FoundationsforUndergraduates,1,必修,,,,,,待查教学大纲（专业课）
食品科学技术学院,食品科学与工程,第8学期,310300001017,微积分A（1）580801信息CalculusA（1）,1,必修,高等数学（第七版·上/下册）,同济大学数学系,第7版,高等教育出版社,,公共课已匹配
食品科学技术学院,食品科学与工程,第8学期,310300001032,微积分A（2）580802信息CalculusA（2）,2,必修,高等数学（第七版·上/下册）,同济大学数学系,第7版,高等教育出版社,,公共课已匹配
食品科学技术学院,食品科学与工程,第8学期,310300001025,线性代数B232322信息LinearAlgebraB,2,必修,线性代数（第六版）,同济大学数学系,第6版,高等教育出版社,9787040396632,公共课已匹配
食品科学技术学院,食品科学与工程,第8学期,310300001008,无机及分析化学B464641化学InorganicandAnalyticalChemistryB,1,必修,无机及分析化学（第五版）,南京大学《无机及分析化学》编写组,第5版,高等教育出版社,,公共课已匹配
食品科学技术学院,食品科学与工程,第8学期,310300001011,ExperimentofInorganicand260601化学,1,必修,,,,,,待查教学大纲（专业课）
食品科学技术学院,食品科学与工程,第8学期,310300001002,有机化学B348482化学OrganicChemistryB,2,必修,有机化学（农科类 第三版）,汪小兰,第3版,高等教育出版社,,公共课已匹配
食品科学技术学院,食品科学与工程,第8学期,310300001005,有机化学实验B130302化学ExperimentofOrganicChemistryC,2,必修,有机化学（农科类 第三版）,汪小兰,第3版,高等教育出版社,,公共课已匹配
食品科学技术学院,食品科学与工程,第8学期,307300007043,工程制图232322工学EngineeringDrawing,2,必修,,,,,,待查教学大纲（专业课）
食品科学技术学院,食品科学与工程,第8学期,307300009006,计算机绘图B130302工学ComputerAidedDrawingB,2,必修,,,,,,待查教学大纲（专业课）
食品科学技术学院,食品科学与工程,第8学期,310300001022,概率论与数理统计B348483信息ProbabilityandStatisticsB,3,必修,概率论与数理统计（第五版）,盛骤 谢式千,第5版,高等教育出版社,9787040384876,公共课已匹配
食品科学技术学院,食品科学与工程,第8学期,310300001029,大学物理学C232323工学CollegePhysicsC,3,必修,物理学（第七版）,马文蔚,第7版,高等教育出版社,,公共课已匹配
食品科学技术学院,食品科学与工程,第8学期,310300001031,大学物理学实验130303工学CollegePhysicsExperiment,3,必修,物理学（第七版）,马文蔚,第7版,高等教育出版社,,公共课已匹配
食品科学技术学院,食品科学与工程,第8学期,310300001048,物理化学与胶体化学232323化学PhysicalandColloidalChemistry,3,必修,,,,,,待查教学大纲（专业课）
食品科学技术学院,食品科学与工程,第8学期,310300001014,ExperimentofPhysicaland130303化学,3,必修,,,,,,待查教学大纲（专业课）
食品科学技术学院,食品科学与工程,第8学期,309300007023,简明生物化学232323食科FundamentalBiochemistry,3,必修,,,,,,待查教学大纲（专业课）
食品科学技术学院,食品科学与工程,第8学期,309300009002,简明生物化学实验130303食科FundamentalBiochemistryExperiments,3,必修,,,,,,待查教学大纲（专业课）
食品科学技术学院,食品科学与工程,第8学期,307300007050,机械工程基础3484804工学FundamentalsofMechanicalEngineering,4,必修,,,,,,待查教学大纲（专业课）
食品科学技术学院,食品科学与工程,第8学期,317300001008,FundamentalsofArtificial232322信息,2,必修,,,,,,待查教学大纲（专业课）
食品科学技术学院,食品科学与工程,第8学期,317300001009,ExperimentsontheFundamentals130302信息,2,必修,,,,,,待查教学大纲（专业课）
食品科学技术学院,食品科学与工程,第8学期,309300007079,FoundationsofArtificialIntelligence116166食科,6,必修,,,,,,待查教学大纲（专业课）
食品科学技术学院,食品科学与工程,第8学期,309300007068,食品微生物学B348484食科FoodMicrobiologyB,4,必修,,,,,,待查教学大纲（专业课）
食品科学技术学院,食品科学与工程,第8学期,309300009013,食品微生物学实验B130304食科ExperimentofFoodMicrobiologyB,4,必修,,,,,,待查教学大纲（专业课）
食品科学技术学院,食品科学与工程,第8学期,309300007069,食品工程原理B348484食科PrinciplesofFoodEngineeringB,4,必修,,,,,,待查教学大纲（专业课）
食品科学技术学院,食品科学与工程,第8学期,309300009019,食品工程原理实验B130304食科FoodEngineeringExperimentB,4,必修,,,,,,待查教学大纲（专业课）
食品科学技术学院,食品科学与工程,第8学期,309300007070,食品化学与分析B464645食科FoodChemistryandAnalysisB,5,必修,,,,,,待查教学大纲（专业课）
食品科学技术学院,食品科学与工程,第8学期,309300009015,FoodChemistryand26024365食科,5,必修,,,,,,待查教学大纲（专业课）
食品科学技术学院,食品科学与工程,第8学期,309300007071,"FoodStandards,Regulationsand348485食科",5,必修,,,,,,待查教学大纲（专业课）
食品科学技术学院,食品科学与工程,第8学期,309300007015,食品工艺学B348485食科FoodTechnology,5,必修,,,,,,待查教学大纲（专业课）
食品科学技术学院,食品科学与工程,第8学期,3093009132,食品工艺学实验B130305食科FoodTechnologyExperimentB,5,必修,,,,,,待查教学大纲（专业课）
食品科学技术学院,食品科学与工程,第8学期,309300007080,食品卫生与安全管理464645食科FoodHygieneandSafetyManagement,5,必修,,,,,,待查教学大纲（专业课）
食品科学技术学院,食品科学与工程,第8学期,3093009114,食品毒理学348485食科FoodToxicology,5,必修,,,,,,待查教学大纲（专业课）
食品科学技术学院,食品科学与工程,第8学期,309300007072,FoodFermentationEquipmentB232326食科,6,必修,,,,,,待查教学大纲（专业课）
食品科学技术学院,食品科学与工程,第8学期,309300009016,食品安全检测技术（实验课）130306食科AnalysisTechnologyforFoodSafety,6,必修,,,,,,待查教学大纲（专业课）
食品科学技术学院,食品科学与工程,第8学期,309300007032,现代食品生物技术232326食科ModernFoodBiotechnology,6,必修,,,,,,待查教学大纲（专业课）
食品科学技术学院,食品科学与工程,第8学期,305300007032,SustainableDevelopmentand116162园林,2,必修,,,,,,待查教学大纲（专业课）
食品科学技术学院,食品科学与工程,第8学期,311300007091,设计研究方法232322文法ResearchMethodsforDesign,2,必修,,,,,,待查教学大纲（专业课）
食品科学技术学院,食品科学与工程,第8学期,3063009489,食物经济学专题232323经管FoodEconomicsSeminar,3,必修,,,,,,待查教学大纲（专业课）
食品科学技术学院,食品科学与工程,第8学期,306300007111,数字经济概论232323经管DigitalEconomics,3,必修,,,,,,待查教学大纲（专业课）
食品科学技术学院,食品科学与工程,第8学期,3043009009,生物信息学进展23220124信息ProgressinBioinformatics,4,必修,,,,,,待查教学大纲（专业课）
食品科学技术学院,食品科学与工程,第8学期,3013009391,智慧农业研究进展232324植科AdvancesinIntelligentAgriculture,4,必修,,,,,,待查教学大纲（专业课）
食品科学技术学院,食品科学与工程,第8学期,317300007094,数学建模及其实验2.54832165信息MathematicalModelingandExperiment,5,必修,,,,,,待查教学大纲（专业课）
食品科学技术学院,食品科学与工程,第8学期,3093009206,食品企业文化116161食科FoodCorporateCulture,1,必修,,,,,,待查教学大纲（专业课）
食品科学技术学院,食品科学与工程,第8学期,3093009233,GourmetAppreciationand116161食科,1,必修,,,,,,待查教学大纲（专业课）
食品科学技术学院,食品科学与工程,第8学期,3093009801,DeepProcessing116162食科,2,必修,,,,,,待查教学大纲（专业课）
食品科学技术学院,食品科学与工程,第8学期,3093009216,食品原料学232323食科FoodIngredients,3,必修,,,,,,待查教学大纲（专业课）
食品科学技术学院,食品科学与工程,第8学期,3093009207,生理学基础232323食科PhysiologyFoundation,3,必修,,,,,,待查教学大纲（专业课）
食品科学技术学院,食品科学与工程,第8学期,3093009234,GlobalFood&Beverages232323食科,3,必修,,,,,,待查教学大纲（专业课）
食品科学技术学院,食品科学与工程,第8学期,3093009140,食源性流行病学232324食科Food-BorneEpidemiology,4,必修,,,,,,待查教学大纲（专业课）
食品科学技术学院,食品科学与工程,第8学期,3093009115,食品物性学2322484食科FoodPhysics,4,必修,,,,,,待查教学大纲（专业课）
食品科学技术学院,食品科学与工程,第8学期,3093009225,科技论文写作116164食科ScientificWriting,4,必修,,,,,,待查教学大纲（专业课）
食品科学技术学院,食品科学与工程,第8学期,309300002001,食品开发232324食科FoodProductDevelopment,4,必修,,,,,,待查教学大纲（专业课）
食品科学技术学院,食品科学与工程,第8学期,3093009209,食品免疫学232325食科FoodImmunology,5,必修,,,,,,待查教学大纲（专业课）
食品科学技术学院,食品科学与工程,第8学期,309300007009,食品添加剂116165食科FoodAdditives,5,必修,,,,,,待查教学大纲（专业课）
食品科学技术学院,食品科学与工程,第8学期,309300007011,绿色食品与有机食品116165食科GreenFoodandOrganicFood,5,必修,,,,,,待查教学大纲（专业课）
食品科学技术学院,食品科学与工程,第8学期,3093009111,食品营养学232325食科FoodNutriology,5,必修,,,,,,待查教学大纲（专业课）
食品科学技术学院,食品科学与工程,第8学期,3093009136,食品贮运保鲜学232325食科FoodStorageandTransportation,5,必修,,,,,,待查教学大纲（专业课）
食品科学技术学院,食品科学与工程,第8学期,3093009221,功能食品与加工技术232325食科FunctionalFoodProcessingTechnology,5,必修,,,,,,待查教学大纲（专业课）
食品科学技术学院,食品科学与工程,第8学期,3093009169,乳品加工工艺232326食科ProcessingTechnologyofDairyProducts,6,必修,,,,,,待查教学大纲（专业课）
食品科学技术学院,食品科学与工程,第8学期,3093009161,TheProcessingTechnologyof232326食科,6,必修,,,,,,待查教学大纲（专业课）
食品科学技术学院,食品科学与工程,第8学期,3093009167,饮料工艺学232326食科BeverageTechnology,6,必修,,,,,,待查教学大纲（专业课）
食品科学技术学院,食品科学与工程,第8学期,3093009176,FruitsandVegetables232326食科,6,必修,,,,,,待查教学大纲（专业课）
食品科学技术学院,食品科学与工程,第8学期,3093009208,食品环境学232326食科FoodEnvironment,6,必修,,,,,,待查教学大纲（专业课）
食品科学技术学院,食品科学与工程,第8学期,3093009218,蛋白质科学与技术232326食科ProteinScienceandTechnology,6,必修,,,,,,待查教学大纲（专业课）
食品科学技术学院,食品科学与工程,第8学期,309116003,ProgressinFoodMicrobiologyw232328食科（本硕贯通）,8,必修,,,,,,待查教学大纲（专业课）
食品科学技术学院,食品科学与工程,第8学期,309116004,ProgressinFoodscienceandw232328食科Engineering（本硕贯通）,8,必修,,,,,,待查教学大纲（专业课）
食品科学技术学院,食品科学与工程,第8学期,309216005,wScientificwriting（本硕贯通）116168食科,8,必修,,,,,,待查教学大纲（专业课）
食品科学技术学院,食品科学与工程,第8学期,309216001,wFunctionalfoods（本硕贯通）116168食科,8,必修,,,,,,待查教学大纲（专业课）
食品科学技术学院,食品科学与工程,第8学期,309210006003,食品安全进展（本硕贯通）232328食科ProgressinFoodSafety,8,必修,,,,,,待查教学大纲（专业课）
食品科学技术学院,食品科学与工程,第8学期,309210006005,食品营养科学进展（本硕贯通）232328食科ProgressinFoodandNutrition,8,必修,,,,,,待查教学大纲（专业课）
食品科学技术学院,食品科学与工程,第8学期,3092201002,"食品质量与安全控制专题（本硕贯通）232328食科FoodQuality,SafetyandTheirControl",8,必修,,,,,,待查教学大纲（专业课）
食品科学技术学院,食品科学与工程,第8学期,309210006007,人体营养（本硕贯通）232328食科HumanNutrition,8,必修,,,,,,待查教学大纲（专业课）
食品科学技术学院,食品科学与工程,第8学期,9093009905,军事技能本科232Militaryskills生院,2,必修,军事训练教程,教育部军委国防动员部,2023版,高等教育出版社,,公共课已匹配
食品科学技术学院,食品科学与工程,第8学期,9093009906,本科Innovationand11-7生院EntrepreneurshipPractice,7,必修,,,,,,待查教学大纲（专业课）
食品科学技术学院,食品科学与工程,第8学期,202300008001,本科ThePracticeofMentalHealth1302生院PromotionforUndergraduates,2,必修,,,,,,待查教学大纲（专业课）
食品科学技术学院,食品科学与工程,第8学期,3143009105,实践SituationandPolicy1303-8马院,8,必修,,,,,,待查教学大纲（专业课）
食品科学技术学院,食品科学与工程,第8学期,9093009903,社会实践114团委第二学年SocialPractice暑期进行,4,必修,,,,,,待查教学大纲（专业课）
食品科学技术学院,食品科学与工程,第8学期,110300008001,志愿服务1301-7团委VolunteerService,7,必修,,,,,,待查教学大纲（专业课）
食品科学技术学院,食品科学与工程,第8学期,110300008002,美育实践11-7团委AestheticPractice,7,必修,,,,,,待查教学大纲（专业课）
食品科学技术学院,食品科学与工程,第8学期,309300007060,IntroductionandCognitive2321食科,1,必修,,,,,,待查教学大纲（专业课）
食品科学技术学院,食品科学与工程,第8学期,309300009017,食品工厂设计2606食科,6,必修,,,,,,待查教学大纲（专业课）
食品科学技术学院,食品科学与工程,第8学期,309300008001,ComprehensivePractice226食科,6,必修,,,,,,待查教学大纲（专业课）
食品科学技术学院,食品科学与工程,第8学期,309300008008,FoodFermentationEquipment2606食科,6,必修,,,,,,待查教学大纲（专业课）
食品科学技术学院,食品科学与工程,第8学期,309300009018,Coursedesignofprinciplesof1305食科,5,必修,,,,,,待查教学大纲（专业课）
食品科学技术学院,食品科学与工程,第8学期,309300009019,食品感官鉴评实习B1306食科SensoryEvaluationofFoodB,6,必修,,,,,,待查教学大纲（专业课）
食品科学技术学院,食品科学与工程,第8学期,3093009910,ComprehensivePracticeof227食科,7,必修,,,,,,待查教学大纲（专业课）
食品科学技术学院,食品科学与工程,第8学期,307300009004,工程训练113工学Engineeringtraining,3,必修,,,,,,待查教学大纲（专业课）
食品科学技术学院,食品科学与工程,第8学期,309300008018,生产实习B127食科第三学年ProductionPracticeB暑期进行,7,必修,,,,,,待查教学大纲（专业课）
食品科学技术学院,食品科学与工程,第8学期,309300008015,毕业实习B247食科第三学年GraduationPracticeB暑期进行专业,7,必修,,,,,,待查教学大纲（专业课）
食品科学技术学院,食品科学与工程,第8学期,309300008016,实践毕业论文（设计）B6128食科DissertationB,8,必修,,,,,,待查教学大纲（专业课）
食品科学技术学院,食品质量与安全,第1学期,3143009003,中国近现代史纲要,3,必修,中国近现代史纲要（2023年版）,本书编写组,2023年版,高等教育出版社,,公共课已匹配
食品科学技术学院,食品质量与安全,第1学期,3143009104,形势与政策（一）,1,必修,形势与政策（最新版）,教育部组编,每年更新,高等教育出版社,,公共课已匹配
食品科学技术学院,食品质量与安全,第1学期,310300001017,微积分A（1）,5,必修,高等数学（第七版·上/下册）,同济大学数学系,第7版,高等教育出版社,,公共课已匹配
食品科学技术学院,食品质量与安全,第1学期,310300001008,无机及分析化学B,4,必修,无机及分析化学（第五版）,南京大学《无机及分析化学》编写组,第5版,高等教育出版社,,公共课已匹配
食品科学技术学院,食品质量与安全,第1学期,310300001011,无机及分析化学实验B,2,必修,无机及分析化学（第五版）,南京大学《无机及分析化学》编写组,第5版,高等教育出版社,,公共课已匹配
食品科学技术学院,食品质量与安全,第1学期,9093009904,军事理论,2,必修,军事理论课教程,教育部军委国防动员部,2023版,高等教育出版社,,公共课已匹配
食品科学技术学院,食品质量与安全,第1学期,9093009305,军事技能,2,必修,军事训练教程,教育部军委国防动员部,2023版,高等教育出版社,,公共课已匹配
食品科学技术学院,食品质量与安全,第1学期,3113009824,写作与沟通（通识课）,1,必修,写作与沟通,马工程/本校编,最新版,高等教育出版社,,公共课已匹配
食品科学技术学院,食品质量与安全,第1学期,9093009774,大学生创新创业基础（通识课）,1,必修,大学生创新创业基础,本校编,最新版,高等教育出版社,,公共课已匹配
食品科学技术学院,食品质量与安全,第1学期,309300007060,食品科学与工程学科导论与认知实践,2,必修,,,,,,待查教学大纲（专业课）
食品科学技术学院,食品质量与安全,1,,外语类课程,,必修类别,新视野大学英语（第三版·读写教程）,郑树棠,第3版,外语教学与研究出版社,,公共课已匹配
食品科学技术学院,食品质量与安全,1,,体育类课程,,必修类别,大学体育（教材）,本校编,最新版,校本教材,,公共课已匹配
食品科学技术学院,食品质量与安全,第2学期,314300001006,思想道德与法治,3,必修,思想道德与法治（2023年版）,本书编写组,2023年版,高等教育出版社,,公共课已匹配
食品科学技术学院,食品质量与安全,第2学期,3143009104,形势与政策（一）01-2学期共1学分,1,必修,形势与政策（最新版）,教育部组编,每年更新,高等教育出版社,,公共课已匹配
食品科学技术学院,食品质量与安全,第2学期,310300001032,微积分A（2）,5,必修,高等数学（第七版·上/下册）,同济大学数学系,第7版,高等教育出版社,,公共课已匹配
食品科学技术学院,食品质量与安全,第2学期,310300001025,线性代数B,2,必修,线性代数（第六版）,同济大学数学系,第6版,高等教育出版社,9787040396632,公共课已匹配
食品科学技术学院,食品质量与安全,第2学期,310300001002,有机化学B,3,必修,有机化学（农科类 第三版）,汪小兰,第3版,高等教育出版社,,公共课已匹配
食品科学技术学院,食品质量与安全,第2学期,310300001005,有机化学实验B,1,必修,有机化学（农科类 第三版）,汪小兰,第3版,高等教育出版社,,公共课已匹配
食品科学技术学院,食品质量与安全,第2学期,202300006005,大学生心理发展与指导（通识课）,1,必修,大学生心理健康教育,郑日昌,最新版,高等教育出版社,,公共课已匹配
食品科学技术学院,食品质量与安全,第2学期,202300008001,大学生心理素质拓展,1,必修,大学生心理健康教育,郑日昌,最新版,高等教育出版社,,公共课已匹配
食品科学技术学院,食品质量与安全,第2学期,317300001008,人工智能应用基础,2,必修,人工智能基础（通识）,大学计算机课程教指委,最新版,高等教育出版社,,公共课已匹配
食品科学技术学院,食品质量与安全,第2学期,317300001009,人工智能应用基础实验,1,必修,人工智能基础（通识）,大学计算机课程教指委,最新版,高等教育出版社,,公共课已匹配
食品科学技术学院,食品质量与安全,第2学期,307300007043,工程制图,2,必修,,,,,,待查教学大纲（专业课）
食品科学技术学院,食品质量与安全,第2学期,307300009006,计算机绘图B,1,必修,,,,,,待查教学大纲（专业课）
食品科学技术学院,食品质量与安全,2,,外语类课程,,必修类别,新视野大学英语（第三版·读写教程）,郑树棠,第3版,外语教学与研究出版社,,公共课已匹配
食品科学技术学院,食品质量与安全,2,,体育类课程,,必修类别,大学体育（教材）,本校编,最新版,校本教材,,公共课已匹配
食品科学技术学院,食品质量与安全,第3学期,314300001008,毛泽东思想和中国特色3社会主义理论体系概论,3,必修,毛泽东思想和中国特色社会主义理论体系概论（2023年版）,本书编写组,2023年版,高等教育出版社,,公共课已匹配
食品科学技术学院,食品质量与安全,第3学期,314300001009,习近平新时代中国特色3社会主义思想概论,3,必修,习近平新时代中国特色社会主义思想概论（2023年版）,本书编写组,2023年版,高等教育出版社,,公共课已匹配
食品科学技术学院,食品质量与安全,第3学期,3143009105,贯穿3-8学期，形势与政策（二）0共1学分,1,必修,形势与政策（最新版）,教育部组编,每年更新,高等教育出版社,,公共课已匹配
食品科学技术学院,食品质量与安全,第3学期,310300001029,大学物理学C,2,必修,物理学（第七版）,马文蔚,第7版,高等教育出版社,,公共课已匹配
食品科学技术学院,食品质量与安全,第3学期,310300001031,大学物理学实验,1,必修,物理学（第七版）,马文蔚,第7版,高等教育出版社,,公共课已匹配
食品科学技术学院,食品质量与安全,第3学期,310300001022,概率论与数理统计B,3,必修,概率论与数理统计（第五版）,盛骤 谢式千,第5版,高等教育出版社,9787040384876,公共课已匹配
食品科学技术学院,食品质量与安全,第3学期,310300001048,物理化学与胶体化学,2,必修,,,,,,待查教学大纲（专业课）
食品科学技术学院,食品质量与安全,第3学期,310300001014,物理化学与胶体化学实验,1,必修,,,,,,待查教学大纲（专业课）
食品科学技术学院,食品质量与安全,第3学期,309300007023,简明生物化学,2,必修,,,,,,待查教学大纲（专业课）
食品科学技术学院,食品质量与安全,第3学期,309300009002,简明生物化学实验,1,必修,,,,,,待查教学大纲（专业课）
食品科学技术学院,食品质量与安全,第3学期,307300009004,工程训练,1,必修,,,,,,待查教学大纲（专业课）
食品科学技术学院,食品质量与安全,3,,外语类课程,,必修类别,新视野大学英语（第三版·读写教程）,郑树棠,第3版,外语教学与研究出版社,,公共课已匹配
食品科学技术学院,食品质量与安全,3,,体育类课程,,必修类别,大学体育（教材）,本校编,最新版,校本教材,,公共课已匹配
食品科学技术学院,食品质量与安全,第4学期,314300001007,马克思主义基本原理,3,必修,马克思主义基本原理（2023年版）,本书编写组,2023年版,高等教育出版社,,公共课已匹配
食品科学技术学院,食品质量与安全,第4学期,3143009105,贯穿3-8学期，形势与政策（二）0共1学分,1,必修,形势与政策（最新版）,教育部组编,每年更新,高等教育出版社,,公共课已匹配
食品科学技术学院,食品质量与安全,第4学期,307300007050,机械工程基础,3,必修,,,,,,待查教学大纲（专业课）
食品科学技术学院,食品质量与安全,第4学期,309300007069,食品工程原理B,3,必修,,,,,,待查教学大纲（专业课）
食品科学技术学院,食品质量与安全,第4学期,309300009019,食品工程原理实验B,1,必修,,,,,,待查教学大纲（专业课）
食品科学技术学院,食品质量与安全,第4学期,309300009018,食品工程原理课程设计B,1,必修,,,,,,待查教学大纲（专业课）
食品科学技术学院,食品质量与安全,第4学期,309300007068,食品微生物学B,3,必修,,,,,,待查教学大纲（专业课）
食品科学技术学院,食品质量与安全,第4学期,309300009013,食品微生物学实验B,1,必修,,,,,,待查教学大纲（专业课）
食品科学技术学院,食品质量与安全,第4学期,9093009903,社会实践,1,必修,,,,,,待查教学大纲（专业课）
食品科学技术学院,食品质量与安全,4,,外语类课程,,必修类别,新视野大学英语（第三版·读写教程）,郑树棠,第3版,外语教学与研究出版社,,公共课已匹配
食品科学技术学院,食品质量与安全,4,,体育类课程,,必修类别,大学体育（教材）,本校编,最新版,校本教材,,公共课已匹配
食品科学技术学院,食品质量与安全,第5学期,3143009105,贯穿3-8学期，形势与政策（二）0共1学分,1,必修,形势与政策（最新版）,教育部组编,每年更新,高等教育出版社,,公共课已匹配
食品科学技术学院,食品质量与安全,第5学期,309300007070,食品化学与分析B,4,必修,,,,,,待查教学大纲（专业课）
食品科学技术学院,食品质量与安全,第5学期,309300009015,食品化学分析与仪器分析实验B,2,必修,,,,,,待查教学大纲（专业课）
食品科学技术学院,食品质量与安全,第5学期,309300007015,食品工艺学B,3,必修,,,,,,待查教学大纲（专业课）
食品科学技术学院,食品质量与安全,第5学期,3093009132,食品工艺学实验B,1,必修,,,,,,待查教学大纲（专业课）
食品科学技术学院,食品质量与安全,第5学期,309300007071,食品标准法规与品质管理B,3,必修,,,,,,待查教学大纲（专业课）
食品科学技术学院,食品质量与安全,第5学期,309300007080,食品卫生与安全管理,4,必修,,,,,,待查教学大纲（专业课）
食品科学技术学院,食品质量与安全,第5学期,3093009114,食品毒理学,3,必修,,,,,,待查教学大纲（专业课）
食品科学技术学院,食品质量与安全,第5学期,309300009016,食品安全检测技术,1,必修,,,,,,待查教学大纲（专业课）
食品科学技术学院,食品质量与安全,第6学期,309300007072,食品发酵设备与工艺B,2,必修,,,,,,待查教学大纲（专业课）
食品科学技术学院,食品质量与安全,第6学期,309300008008,食品发酵工艺设计与综合实习,2,必修,,,,,,待查教学大纲（专业课）
食品科学技术学院,食品质量与安全,第6学期,309300007032,现代食品生物技术,2,必修,,,,,,待查教学大纲（专业课）
食品科学技术学院,食品质量与安全,第6学期,309300008001,食品生物技术综合实习,2,必修,,,,,,待查教学大纲（专业课）
食品科学技术学院,食品质量与安全,第6学期,309300009017,食品工厂设计,2,必修,,,,,,待查教学大纲（专业课）
食品科学技术学院,食品质量与安全,第6学期,309300007079,食品领域人工智能应用,1,必修,,,,,,待查教学大纲（专业课）
食品科学技术学院,食品质量与安全,第6学期,309300009019,食品感官鉴评实习B,1,必修,,,,,,待查教学大纲（专业课）
食品科学技术学院,食品质量与安全,第7学期,3143009105,贯穿3-8学期，形势与政策（二）0共计1学分,1,必修,形势与政策（最新版）,教育部组编,每年更新,高等教育出版社,,公共课已匹配
食品科学技术学院,食品质量与安全,第7学期,3093009910,食品质量与安全综合实习,2,必修,,,,,,待查教学大纲（专业课）
食品科学技术学院,食品质量与安全,第7学期,309300008018,生产实习B,1,必修,,,,,,待查教学大纲（专业课）
食品科学技术学院,食品质量与安全,第7学期,309300008015,毕业实习B,2,必修,,,,,,待查教学大纲（专业课）
食品科学技术学院,食品质量与安全,第8学期,3143009105,贯穿3-8学期，形势与政策（二）1共1学分,1,必修,形势与政策（最新版）,教育部组编,每年更新,高等教育出版社,,公共课已匹配
食品科学技术学院,食品质量与安全,第8学期,309300008016,毕业论文（设计）B,6,必修,,,,,,待查教学大纲（专业课）
食品科学技术学院,食品质量与安全,第8学期,3143009003,中国近现代史纲要3484261马院OutlineofModernChineseHistory,1,必修,中国近现代史纲要（2023年版）,本书编写组,2023年版,高等教育出版社,,公共课已匹配
食品科学技术学院,食品质量与安全,第8学期,314300001006,思想道德与法治3484262马院IdeologyMoralityandRuleofLaw,2,必修,思想道德与法治（2023年版）,本书编写组,2023年版,高等教育出版社,,公共课已匹配
食品科学技术学院,食品质量与安全,第8学期,314300001008,BasicTheoryofMaoZedongThought3484083马院,3,必修,,,,,,待查教学大纲（专业课）
食品科学技术学院,食品质量与安全,第8学期,314300001009,BasicTheoryofXiJinpingThought3484083马院,3,必修,,,,,,待查教学大纲（专业课）
食品科学技术学院,食品质量与安全,第8学期,314300001007,马克思主义基本原理3484264马院BasicKnowledgeofMarxism,4,必修,马克思主义基本原理（2023年版）,本书编写组,2023年版,高等教育出版社,,公共课已匹配
食品科学技术学院,食品质量与安全,第8学期,3143009104,形势与政策（一）116161-2马院SituationandPolicyEducation(Ⅰ),2,必修,形势与政策（最新版）,教育部组编,每年更新,高等教育出版社,,公共课已匹配
食品科学技术学院,食品质量与安全,8,,体育类课程必修，实行选项制，一、二年级要求每学期修满1,,必修类别,大学体育（教材）,本校编,最新版,校本教材,,公共课已匹配
食品科学技术学院,食品质量与安全,8,,体育类课程教学详见《华中农业大学体育教学改革实施方案》。,,必修类别,大学体育（教材）,本校编,最新版,校本教材,,公共课已匹配
食品科学技术学院,食品质量与安全,第8学期,9093009904,军事理论本科232321MilitaryTheory生院,1,必修,军事理论课教程,教育部军委国防动员部,2023版,高等教育出版社,,公共课已匹配
食品科学技术学院,食品质量与安全,第8学期,3113009824,写作与沟通116161/2文法WritingandCommunication,2,必修,写作与沟通,马工程/本校编,最新版,高等教育出版社,,公共课已匹配
食品科学技术学院,食品质量与安全,第8学期,202300006005,本科PsychologicalDevelopmentand116162生院GuidanceofCollegeStudents,2,必修,,,,,,待查教学大纲（专业课）
食品科学技术学院,食品质量与安全,第8学期,9093009774,本科InnovationandEntrepreneurship116161生院FoundationsforUndergraduates,1,必修,,,,,,待查教学大纲（专业课）
食品科学技术学院,食品质量与安全,第8学期,310300001017,微积分A（1）580801信息CalculusA（1）,1,必修,高等数学（第七版·上/下册）,同济大学数学系,第7版,高等教育出版社,,公共课已匹配
食品科学技术学院,食品质量与安全,第8学期,310300001032,微积分A（2）580802信息CalculusA（2）,2,必修,高等数学（第七版·上/下册）,同济大学数学系,第7版,高等教育出版社,,公共课已匹配
食品科学技术学院,食品质量与安全,第8学期,310300001025,线性代数B232322信息LinearAlgebraB,2,必修,线性代数（第六版）,同济大学数学系,第6版,高等教育出版社,9787040396632,公共课已匹配
食品科学技术学院,食品质量与安全,第8学期,310300001008,无机及分析化学B464641化学InorganicandAnalyticalChemistryB,1,必修,无机及分析化学（第五版）,南京大学《无机及分析化学》编写组,第5版,高等教育出版社,,公共课已匹配
食品科学技术学院,食品质量与安全,第8学期,310300001011,ExperimentofInorganicand260601化学,1,必修,,,,,,待查教学大纲（专业课）
食品科学技术学院,食品质量与安全,第8学期,310300001002,有机化学B348482化学OrganicChemistryB,2,必修,有机化学（农科类 第三版）,汪小兰,第3版,高等教育出版社,,公共课已匹配
食品科学技术学院,食品质量与安全,第8学期,310300001005,有机化学实验B130302化学ExperimentofOrganicChemistryC,2,必修,有机化学（农科类 第三版）,汪小兰,第3版,高等教育出版社,,公共课已匹配
食品科学技术学院,食品质量与安全,第8学期,310300001029,大学物化学C.232323工学CollegePhysicsC,3,必修,,,,,,待查教学大纲（专业课）
食品科学技术学院,食品质量与安全,第8学期,310300001031,大学物化学实验130302工学CollegePhysicsExperiment,2,必修,,,,,,待查教学大纲（专业课）
食品科学技术学院,食品质量与安全,第8学期,307300007043,工程制图232322工学EngineeringDrawing,2,必修,,,,,,待查教学大纲（专业课）
食品科学技术学院,食品质量与安全,第8学期,307300009006,计算机绘图B130302工学ComputerAidedDrawingB,2,必修,,,,,,待查教学大纲（专业课）
食品科学技术学院,食品质量与安全,第8学期,310300001022,概率论与数理统计B348483信息ProbabilityandStatisticsB,3,必修,概率论与数理统计（第五版）,盛骤 谢式千,第5版,高等教育出版社,9787040384876,公共课已匹配
食品科学技术学院,食品质量与安全,第8学期,310300001048,物理化学与胶体化学232323化学PhysicalandColloidalChemistry,3,必修,,,,,,待查教学大纲（专业课）
食品科学技术学院,食品质量与安全,第8学期,310300001014,ExperimentofPhysicaland130303化学,3,必修,,,,,,待查教学大纲（专业课）
食品科学技术学院,食品质量与安全,第8学期,309300007023,简明生物化学232323食科FundamentalBiochemistry,3,必修,,,,,,待查教学大纲（专业课）
食品科学技术学院,食品质量与安全,第8学期,309300009002,简明生物化学实验130303食科FundamentalBiochemistryExperiments,3,必修,,,,,,待查教学大纲（专业课）
食品科学技术学院,食品质量与安全,第8学期,304300007059,分子生物学B232324生科MolecularBiologyB,4,必修,,,,,,待查教学大纲（专业课）
食品科学技术学院,食品质量与安全,第8学期,317300001008,FundamentalsofArtificial232322信息,2,必修,,,,,,待查教学大纲（专业课）
食品科学技术学院,食品质量与安全,第8学期,317300001009,ExperimentsontheFundamentals130302信息,2,必修,,,,,,待查教学大纲（专业课）
食品科学技术学院,食品质量与安全,第8学期,309300007079,FoundationsofArtificialIntelligence116166食科,6,必修,,,,,,待查教学大纲（专业课）
食品科学技术学院,食品质量与安全,第8学期,309300007068,食品微生物学B348484食科FoodMicrobiologyB,4,必修,,,,,,待查教学大纲（专业课）
食品科学技术学院,食品质量与安全,第8学期,309300009013,食品微生物学实验B130304食科ExperimentofFoodMicrobiologyB,4,必修,,,,,,待查教学大纲（专业课）
食品科学技术学院,食品质量与安全,第8学期,309300007078,食品工程原理与机械设备348484食科FoodEngineeringandMachinery,4,必修,,,,,,待查教学大纲（专业课）
食品科学技术学院,食品质量与安全,第8学期,309300007070,食品化学与分析B464645食科FoodChemistryandAnalysis,5,必修,,,,,,待查教学大纲（专业课）
食品科学技术学院,食品质量与安全,第8学期,309300009015,FoodChemistryandAnalysis26024365食科,5,必修,,,,,,待查教学大纲（专业课）
食品科学技术学院,食品质量与安全,第8学期,309300007071,"FoodStandards,Regulationsand3484805食科",5,必修,,,,,,待查教学大纲（专业课）
食品科学技术学院,食品质量与安全,第8学期,309300007015,食品工艺学B348485食科FoodTechnologyB,5,必修,,,,,,待查教学大纲（专业课）
食品科学技术学院,食品质量与安全,第8学期,3093009132,食品工艺学实验B130305食科FoodTechnologyExperimentB,5,必修,,,,,,待查教学大纲（专业课）
食品科学技术学院,食品质量与安全,第8学期,309300007074,人体生理学348484食科HumanPhysiology,4,必修,,,,,,待查教学大纲（专业课）
食品科学技术学院,食品质量与安全,第8学期,309300007076,食品营养与健康580805食科FoodNutritionandHealth,5,必修,,,,,,待查教学大纲（专业课）
食品科学技术学院,食品质量与安全,第8学期,309300007075,营养与代谢348486食科NutritionandMetabolism,6,必修,,,,,,待查教学大纲（专业课）
食品科学技术学院,食品质量与安全,第8学期,309300007077,现代健康食品制造348486食科ModernHealthyFoodManufacturing,6,必修,,,,,,待查教学大纲（专业课）
食品科学技术学院,食品质量与安全,第8学期,305300007032,SustainableDevelopmentand116162园林,2,必修,,,,,,待查教学大纲（专业课）
食品科学技术学院,食品质量与安全,第8学期,3063009489,食物经济学专题232323经管FoodEconomicsSeminar,3,必修,,,,,,待查教学大纲（专业课）
食品科学技术学院,食品质量与安全,第8学期,306300007111,数字经济概论232323经管DigitalEconomics,3,必修,,,,,,待查教学大纲（专业课）
食品科学技术学院,食品质量与安全,第8学期,3043009009,生物信息学进展23220124信息ProgressinBioinformatics,4,必修,,,,,,待查教学大纲（专业课）
食品科学技术学院,食品质量与安全,第8学期,305300007041,森林药食资源116164园林ForestMedicineandFoodResources,4,必修,,,,,,待查教学大纲（专业课）
食品科学技术学院,食品质量与安全,第8学期,311300007110,产品创意与设计216304文法ProductCreativityandDesign,4,必修,,,,,,待查教学大纲（专业课）
食品科学技术学院,食品质量与安全,第8学期,304300007023,AnimalModelsfortheStudy1135生科,5,必修,,,,,,待查教学大纲（专业课）
食品科学技术学院,食品质量与安全,第8学期,304300009009,药物分析实验1305生科PharmaceuticalAnalysisExperiments,5,必修,,,,,,待查教学大纲（专业课）
食品科学技术学院,食品质量与安全,第8学期,303300007001,植物营养与人体健康2325资环PlantNutritionandHumanHealth,5,必修,,,,,,待查教学大纲（专业课）
食品科学技术学院,食品质量与安全,第8学期,317300007094,数学建模及其实验2.54832165信息MathematicalModelingandExperiment,5,必修,,,,,,待查教学大纲（专业课）
食品科学技术学院,食品质量与安全,第8学期,3093009233,GourmetAppreciationand116161食科,1,必修,,,,,,待查教学大纲（专业课）
食品科学技术学院,食品质量与安全,第8学期,3093009216,食品原料学232323食科FoodIngredients,3,必修,,,,,,待查教学大纲（专业课）
食品科学技术学院,食品质量与安全,第8学期,309300007036,食品安全与管理232324食科FoodSafetyandManagement,4,必修,,,,,,待查教学大纲（专业课）
食品科学技术学院,食品质量与安全,第8学期,309300007050,食疗学232324食科DietaryTherapy,4,必修,,,,,,待查教学大纲（专业课）
食品科学技术学院,食品质量与安全,第8学期,3093009225,科技论文写作116164食科ScientificWriting,4,必修,,,,,,待查教学大纲（专业课）
食品科学技术学院,食品质量与安全,第8学期,309300007051,营养与健康大数据管理232325食科MedicalHealthDataAnalysis,5,必修,,,,,,待查教学大纲（专业课）
食品科学技术学院,食品质量与安全,第8学期,309300007011,绿色食品与有机食品116165食科GreenFoodandOrganicFood,5,必修,,,,,,待查教学大纲（专业课）
食品科学技术学院,食品质量与安全,第8学期,309300007009,食品添加剂116165食科FoodAdditives,5,必修,,,,,,待查教学大纲（专业课）
食品科学技术学院,食品质量与安全,第8学期,309300007037,免疫学（本硕贯通）232326食科Immunology,6,必修,,,,,,待查教学大纲（专业课）
食品科学技术学院,食品质量与安全,第8学期,3093009222,营养递送系统232326食科NutrientDeliverySystem,6,必修,,,,,,待查教学大纲（专业课）
食品科学技术学院,食品质量与安全,第8学期,309300007042,运动营养学232326食科SportsNutriology,6,必修,,,,,,待查教学大纲（专业课）
食品科学技术学院,食品质量与安全,第8学期,309116003,ProgressinFoodMicrobiologyw232328食科（本硕贯通）,8,必修,,,,,,待查教学大纲（专业课）
食品科学技术学院,食品质量与安全,第8学期,309116004,ProgressinFoodscienceandw232328食科Engineering（本硕贯通）,8,必修,,,,,,待查教学大纲（专业课）
食品科学技术学院,食品质量与安全,第8学期,309216005,wScientificwriting（本硕贯通）116168食科,8,必修,,,,,,待查教学大纲（专业课）
食品科学技术学院,食品质量与安全,第8学期,309216001,wFunctionalfoods（本硕贯通）116168食科,8,必修,,,,,,待查教学大纲（专业课）
食品科学技术学院,食品质量与安全,第8学期,309210006003,食品安全进展（本硕贯通）232328食科ProgressinFoodSafety,8,必修,,,,,,待查教学大纲（专业课）
食品科学技术学院,食品质量与安全,第8学期,309210006005,食品营养科学进展（本硕贯通）232328食科ProgressinFoodandNutrition,8,必修,,,,,,待查教学大纲（专业课）
食品科学技术学院,食品质量与安全,第8学期,3092201002,"食品质量与安全控制专题（本硕贯通）232328食科FoodQuality,SafetyandTheirControl",8,必修,,,,,,待查教学大纲（专业课）
食品科学技术学院,食品质量与安全,第8学期,309210006007,人体营养（本硕贯通）232328食科HumanNutrition,8,必修,,,,,,待查教学大纲（专业课）
食品科学技术学院,食品质量与安全,第8学期,9093009905,军事技能本科221Militaryskills生院,1,必修,军事训练教程,教育部军委国防动员部,2023版,高等教育出版社,,公共课已匹配
食品科学技术学院,食品质量与安全,第8学期,9093009906,本科Innovationand11-7生院EntrepreneurshipPractice,7,必修,,,,,,待查教学大纲（专业课）
食品科学技术学院,食品质量与安全,第8学期,202300008001,本科ThePracticeofMentalHealth1302生院PromotionforUndergraduates,2,必修,,,,,,待查教学大纲（专业课）
食品科学技术学院,食品质量与安全,第8学期,3143009105,实践SituationandPolicy1303-8马院,8,必修,,,,,,待查教学大纲（专业课）
食品科学技术学院,食品质量与安全,第8学期,9093009903,社会实践114团委SocialPractice,4,必修,,,,,,待查教学大纲（专业课）
食品科学技术学院,食品质量与安全,第8学期,110300008001,志愿服务1301-7团委VolunteerService,7,必修,,,,,,待查教学大纲（专业课）
食品科学技术学院,食品质量与安全,第8学期,110300008002,美育实践11-7团委AestheticPractice,7,必修,,,,,,待查教学大纲（专业课）
食品科学技术学院,食品质量与安全,第8学期,307300009004,工程训练学期内113工学Engineeringtraining进行,3,必修,,,,,,待查教学大纲（专业课）
食品科学技术学院,食品质量与安全,第8学期,309300007060,学期内专业IntroductionandCognitive2321食科进行实践PracticeofFoodScience,1,必修,,,,,,待查教学大纲（专业课）
食品科学技术学院,食品质量与安全,第8学期,309300008010,ThematicInvestigationand12周5食科,5,必修,,,,,,待查教学大纲（专业课）
食品科学技术学院,食品质量与安全,第8学期,309300008011,ThematicInvestigationand12周6食科,6,必修,,,,,,待查教学大纲（专业课）
食品科学技术学院,食品质量与安全,第8学期,309300009004,综合实习（一）0.51周4食科PracticeofResearchmethodsof,4,必修,,,,,,待查教学大纲（专业课）
食品科学技术学院,食品质量与安全,第8学期,309300009005,综合实习（二）0.51周5食科PracticeofResearchmethodsof,5,必修,,,,,,待查教学大纲（专业课）
食品科学技术学院,食品质量与安全,第8学期,309300009006,综合实习（三）0.51周6食科PracticeofResearchmethodsof,6,必修,,,,,,待查教学大纲（专业课）
食品科学技术学院,食品质量与安全,第8学期,309300009007,综合实习（四）专业1.5457食科PracticeofResearchmethodsof实践foodandnutritionScience（四）,7,必修,,,,,,待查教学大纲（专业课）
食品科学技术学院,食品质量与安全,第8学期,309300008005,ComprehensivePracticeof2606食科NutritionandHealth,6,必修,,,,,,待查教学大纲（专业课）
食品科学技术学院,食品质量与安全,第8学期,309300008006,DietaryDesignandHealth2606食科,6,必修,,,,,,待查教学大纲（专业课）
食品科学技术学院,食品质量与安全,第8学期,309300009019,食品感官鉴评实习B1306食科SensoryEvaluationofFoodB,6,必修,,,,,,待查教学大纲（专业课）
食品科学技术学院,食品质量与安全,第8学期,309300008018,生产实习B127食科第三学年ProductionPracticeB暑期进行,7,必修,,,,,,待查教学大纲（专业课）
食品科学技术学院,食品质量与安全,第8学期,309300008015,毕业实习B247食科第三学年GraduationPracticeB暑期进行,7,必修,,,,,,待查教学大纲（专业课）
食品科学技术学院,食品质量与安全,第8学期,309300008016,毕业论文（设计）B6128食科DissertationB,8,必修,,,,,,待查教学大纲（专业课）
食品科学技术学院,食品营养与健康,第1学期,3143009003,中国近现代史纲要,3,必修,中国近现代史纲要（2023年版）,本书编写组,2023年版,高等教育出版社,,公共课已匹配
食品科学技术学院,食品营养与健康,第1学期,3143009104,形势与政策（一）,1,必修,形势与政策（最新版）,教育部组编,每年更新,高等教育出版社,,公共课已匹配
食品科学技术学院,食品营养与健康,第1学期,310300001017,微积分A（1）,5,必修,高等数学（第七版·上/下册）,同济大学数学系,第7版,高等教育出版社,,公共课已匹配
食品科学技术学院,食品营养与健康,第1学期,310300001008,无机及分析化学B,4,必修,无机及分析化学（第五版）,南京大学《无机及分析化学》编写组,第5版,高等教育出版社,,公共课已匹配
食品科学技术学院,食品营养与健康,第1学期,310300001011,无机及分析化学实验B,2,必修,无机及分析化学（第五版）,南京大学《无机及分析化学》编写组,第5版,高等教育出版社,,公共课已匹配
食品科学技术学院,食品营养与健康,第1学期,9093009904,军事理论,2,必修,军事理论课教程,教育部军委国防动员部,2023版,高等教育出版社,,公共课已匹配
食品科学技术学院,食品营养与健康,第1学期,9093009305,军事技能,2,必修,军事训练教程,教育部军委国防动员部,2023版,高等教育出版社,,公共课已匹配
食品科学技术学院,食品营养与健康,第1学期,3113009824,写作与沟通（通识课）,1,必修,写作与沟通,马工程/本校编,最新版,高等教育出版社,,公共课已匹配
食品科学技术学院,食品营养与健康,第1学期,9093009774,大学生创新创业基础（通识课）,1,必修,大学生创新创业基础,本校编,最新版,高等教育出版社,,公共课已匹配
食品科学技术学院,食品营养与健康,第1学期,309300007060,食品科学与工程学科导论与认知实践,2,必修,,,,,,待查教学大纲（专业课）
食品科学技术学院,食品营养与健康,1,,外语类课程,,必修类别,新视野大学英语（第三版·读写教程）,郑树棠,第3版,外语教学与研究出版社,,公共课已匹配
食品科学技术学院,食品营养与健康,1,,体育类课程,,必修类别,大学体育（教材）,本校编,最新版,校本教材,,公共课已匹配
食品科学技术学院,食品营养与健康,第2学期,314300001006,思想道德与法治,3,必修,思想道德与法治（2023年版）,本书编写组,2023年版,高等教育出版社,,公共课已匹配
食品科学技术学院,食品营养与健康,第2学期,3143009104,形势与政策（一）01-2学期共1学分,1,必修,形势与政策（最新版）,教育部组编,每年更新,高等教育出版社,,公共课已匹配
食品科学技术学院,食品营养与健康,第2学期,310300001032,微积分A（2）,5,必修,高等数学（第七版·上/下册）,同济大学数学系,第7版,高等教育出版社,,公共课已匹配
食品科学技术学院,食品营养与健康,第2学期,310300001025,线性代数B,2,必修,线性代数（第六版）,同济大学数学系,第6版,高等教育出版社,9787040396632,公共课已匹配
食品科学技术学院,食品营养与健康,第2学期,310300001002,有机化学B,3,必修,有机化学（农科类 第三版）,汪小兰,第3版,高等教育出版社,,公共课已匹配
食品科学技术学院,食品营养与健康,第2学期,310300001005,有机化学实验B,1,必修,有机化学（农科类 第三版）,汪小兰,第3版,高等教育出版社,,公共课已匹配
食品科学技术学院,食品营养与健康,第2学期,202300006005,大学生心理发展与指导（通识课）,1,必修,大学生心理健康教育,郑日昌,最新版,高等教育出版社,,公共课已匹配
食品科学技术学院,食品营养与健康,第2学期,202300008001,大学生心理素质拓展,1,必修,大学生心理健康教育,郑日昌,最新版,高等教育出版社,,公共课已匹配
食品科学技术学院,食品营养与健康,第2学期,317300001008,人工智能应用基础,2,必修,人工智能基础（通识）,大学计算机课程教指委,最新版,高等教育出版社,,公共课已匹配
食品科学技术学院,食品营养与健康,第2学期,317300001009,人工智能应用基础实验,1,必修,人工智能基础（通识）,大学计算机课程教指委,最新版,高等教育出版社,,公共课已匹配
食品科学技术学院,食品营养与健康,第2学期,307300007043,工程制图,2,必修,,,,,,待查教学大纲（专业课）
食品科学技术学院,食品营养与健康,第2学期,307300009006,计算机绘图B,1,必修,,,,,,待查教学大纲（专业课）
食品科学技术学院,食品营养与健康,2,,外语类课程,,必修类别,新视野大学英语（第三版·读写教程）,郑树棠,第3版,外语教学与研究出版社,,公共课已匹配
食品科学技术学院,食品营养与健康,2,,体育类课程,,必修类别,大学体育（教材）,本校编,最新版,校本教材,,公共课已匹配
食品科学技术学院,食品营养与健康,第3学期,314300001008,毛泽东思想和中国特色3社会主义理论体系概论,3,必修,毛泽东思想和中国特色社会主义理论体系概论（2023年版）,本书编写组,2023年版,高等教育出版社,,公共课已匹配
食品科学技术学院,食品营养与健康,第3学期,314300001009,习近平新时代中国特色3社会主义思想概论,3,必修,习近平新时代中国特色社会主义思想概论（2023年版）,本书编写组,2023年版,高等教育出版社,,公共课已匹配
食品科学技术学院,食品营养与健康,第3学期,3143009105,贯穿3-8学期，形势与政策（二）0共1学分,1,必修,形势与政策（最新版）,教育部组编,每年更新,高等教育出版社,,公共课已匹配
食品科学技术学院,食品营养与健康,第3学期,310300001029,大学物理学C,2,必修,物理学（第七版）,马文蔚,第7版,高等教育出版社,,公共课已匹配
食品科学技术学院,食品营养与健康,第3学期,310300001031,大学物理学实验,1,必修,物理学（第七版）,马文蔚,第7版,高等教育出版社,,公共课已匹配
食品科学技术学院,食品营养与健康,第3学期,310300001022,概率论与数理统计B,3,必修,概率论与数理统计（第五版）,盛骤 谢式千,第5版,高等教育出版社,9787040384876,公共课已匹配
食品科学技术学院,食品营养与健康,第3学期,310300001048,物理化学与胶体化学,2,必修,,,,,,待查教学大纲（专业课）
食品科学技术学院,食品营养与健康,第3学期,310300001014,物理化学与胶体化学实验,1,必修,,,,,,待查教学大纲（专业课）
食品科学技术学院,食品营养与健康,第3学期,309300007023,简明生物化学,2,必修,,,,,,待查教学大纲（专业课）
食品科学技术学院,食品营养与健康,第3学期,309300009002,简明生物化学实验,1,必修,,,,,,待查教学大纲（专业课）
食品科学技术学院,食品营养与健康,第3学期,307300009004,工程训练,1,必修,,,,,,待查教学大纲（专业课）
食品科学技术学院,食品营养与健康,3,,外语类课程,,必修类别,新视野大学英语（第三版·读写教程）,郑树棠,第3版,外语教学与研究出版社,,公共课已匹配
食品科学技术学院,食品营养与健康,3,,体育类课程,,必修类别,大学体育（教材）,本校编,最新版,校本教材,,公共课已匹配
食品科学技术学院,食品营养与健康,第4学期,314300001007,马克思主义基本原理,3,必修,马克思主义基本原理（2023年版）,本书编写组,2023年版,高等教育出版社,,公共课已匹配
食品科学技术学院,食品营养与健康,第4学期,3143009105,贯穿3-8学期，形势与政策（二）0共1学分,1,必修,形势与政策（最新版）,教育部组编,每年更新,高等教育出版社,,公共课已匹配
食品科学技术学院,食品营养与健康,第4学期,309300007078,食品工程原理与机械设备,3,必修,,,,,,待查教学大纲（专业课）
食品科学技术学院,食品营养与健康,第4学期,309300007068,食品微生物学B,3,必修,,,,,,待查教学大纲（专业课）
食品科学技术学院,食品营养与健康,第4学期,309300009013,食品微生物学实验B,1,必修,,,,,,待查教学大纲（专业课）
食品科学技术学院,食品营养与健康,第4学期,304300007059,分子生物学,2,必修,,,,,,待查教学大纲（专业课）
食品科学技术学院,食品营养与健康,第4学期,309300007074,人体生理学B,3,必修,,,,,,待查教学大纲（专业课）
食品科学技术学院,食品营养与健康,第4学期,309300009004,食品与营养科学研究方法0.5综合实习（一）,0.5,必修,,,,,,待查教学大纲（专业课）
食品科学技术学院,食品营养与健康,第4学期,9093009903,社会实践,1,必修,,,,,,待查教学大纲（专业课）
食品科学技术学院,食品营养与健康,4,,外语类课程,,必修类别,新视野大学英语（第三版·读写教程）,郑树棠,第3版,外语教学与研究出版社,,公共课已匹配
食品科学技术学院,食品营养与健康,4,,体育类课程,,必修类别,大学体育（教材）,本校编,最新版,校本教材,,公共课已匹配
食品科学技术学院,食品营养与健康,第5学期,3143009105,贯穿3-8学期，形势与政策（二）0共1学分,1,必修,形势与政策（最新版）,教育部组编,每年更新,高等教育出版社,,公共课已匹配
食品科学技术学院,食品营养与健康,第5学期,309300007070,食品化学与分析B,4,必修,,,,,,待查教学大纲（专业课）
食品科学技术学院,食品营养与健康,第5学期,309300009015,食品化学分析与仪器分析实验B,2,必修,,,,,,待查教学大纲（专业课）
食品科学技术学院,食品营养与健康,第5学期,309300007015,食品工艺学B,3,必修,,,,,,待查教学大纲（专业课）
食品科学技术学院,食品营养与健康,第5学期,3093009132,食品工艺学实验B,1,必修,,,,,,待查教学大纲（专业课）
食品科学技术学院,食品营养与健康,第5学期,309300007071,食品标准法规与品质管理B,3,必修,,,,,,待查教学大纲（专业课）
食品科学技术学院,食品营养与健康,第5学期,309300008010,专题调查与营养教育实践（一）,1,必修,,,,,,待查教学大纲（专业课）
食品科学技术学院,食品营养与健康,第5学期,309300009005,食品与营养科学研究方法0.5综合实习（二）,0.5,必修,,,,,,待查教学大纲（专业课）
食品科学技术学院,食品营养与健康,第5学期,309300007076,食品营养与健康,5,必修,,,,,,待查教学大纲（专业课）
食品科学技术学院,食品营养与健康,第6学期,309300007075,营养与代谢,3,必修,,,,,,待查教学大纲（专业课）
食品科学技术学院,食品营养与健康,第6学期,309300007077,现代健康食品制造,3,必修,,,,,,待查教学大纲（专业课）
食品科学技术学院,食品营养与健康,第6学期,309300008005,营养健康食品开发综合实践,2,必修,,,,,,待查教学大纲（专业课）
食品科学技术学院,食品营养与健康,第6学期,309300008011,专题调查与营养教育实践（二）,1,必修,,,,,,待查教学大纲（专业课）
食品科学技术学院,食品营养与健康,第6学期,309300009006,食品与营养科学研究方法0.5综合实习（三）,0.5,必修,,,,,,待查教学大纲（专业课）
食品科学技术学院,食品营养与健康,第6学期,309300008006,膳食设计与健康管理实践,2,必修,,,,,,待查教学大纲（专业课）
食品科学技术学院,食品营养与健康,第6学期,309300007079,食品领域人工智能应用,1,必修,,,,,,待查教学大纲（专业课）
食品科学技术学院,食品营养与健康,第6学期,309300009019,食品感官鉴评实习B,1,必修,,,,,,待查教学大纲（专业课）
食品科学技术学院,食品营养与健康,第7学期,3143009105,贯穿3-8学期，形势与政策（二）0共计1学分,1,必修,形势与政策（最新版）,教育部组编,每年更新,高等教育出版社,,公共课已匹配
食品科学技术学院,食品营养与健康,第7学期,309300009007,食品与营养科学研究方法1.5综合实习（四）,1.5,必修,,,,,,待查教学大纲（专业课）
食品科学技术学院,食品营养与健康,第7学期,309300008018,生产实习B,1,必修,,,,,,待查教学大纲（专业课）
食品科学技术学院,食品营养与健康,第7学期,309300008015,毕业实习B,2,必修,,,,,,待查教学大纲（专业课）
食品科学技术学院,食品营养与健康,第8学期,3143009105,贯穿3-8学期，形势与政策（二）1共1学分,1,必修,形势与政策（最新版）,教育部组编,每年更新,高等教育出版社,,公共课已匹配
食品科学技术学院,食品营养与健康,第8学期,309300008016,毕业论文（设计）B,6,必修,,,,,,待查教学大纲（专业课）
